{
  "Model_Description": {
    "Name": "aari1995/German_Semantic_V3b",
    "Description": "This model is a German-only semantic model focused on performance, featuring flexible sequence length up to 8192 tokens and Matryoshka Embeddings for variable embedding sizes from 64 to 1024. It is designed to be robust against minor typos and casing."
  },
  "Model_Sources": {
    "Repository": "https://huggingface.co/aari1995/German_Semantic_V3b",
    "Paper": "Not provided",
    "Demo": "Not provided"
  },
  "Citation": "Not provided",
  "Contact": {
    "Author": "Aaron Chibb",
    "Email": "Not provided",
    "Community": "Not provided"
  },
  "Technical_Requirements": {
    "Software": [
      "sentence-transformers"
    ],
    "Hardware": {
      "CPU": "Not provided",
      "GPU": "Not provided",
      "RAM": "Not provided",
      "Storage": "Not provided"
    }
  },
  "Access_and_Distribution": {
    "Download_Link": "https://huggingface.co/aari1995/German_Semantic_V3b",
    "Model_Variants": []
  },
  "Dataset": {
    "Name": [
      "OSCAR",
      "XNLI"
    ],
    "Sources": [
      "https://huggingface.co/occiglot",
      "https://huggingface.co/facebook"
    ],
    "Description": "OSCAR data was used to pre-train the model. XNLI was used in variations."
  },
  "Model_Architecture": {
    "Architecture_Type": "Encoder-only Transformer",
    "Base_Architecture": "gbert-large-2",
    "Number_Parameters": "Not provided",
    "Parameters": {
      "context_length": "up to 8192 tokens",
      "embedding_sizes": [
        "64",
        "128",
        "256",
        "512",
        "768",
        "1024"
      ],
      "pooling_function": "mean_pooling"
    },
    "Input_Type": "Text",
    "Output_Type": "Embeddings"
  },
  "Training_Details": {
    "Training_Data": [
      "OSCAR",
      "XNLI"
    ],
    "Preprocessing": "Trained with flexible sequence-length and embedding truncation. Trained to be robust against minor typos and casing. Data from OSCAR and XNLI used for pre-training and in variations.",
    "Hyperparameters": "Not provided"
  },
  "Evaluation": {
    "Evaluation_Data": "Not provided",
    "Performance_Metrics": {
      "spearman_cosine": "Not provided"
    },
    "Source": "https://cdn-uploads.huggingface.co/production/uploads/5f3801ab7e583543386217ac/Aa5WzHanj-DXc86AKxpEz.png"
  },
  "Intended_Use": {
    "Task": [
      "sentence-similarity",
      "feature-extraction"
    ]
  },
  "Bias_Risks_and_Limitations": {
    "Limitations": "Smaller embedding dimensions bring a minor trade-off in quality (up to 3% decrease for 64 dimensions). The model is German-only and has a knowledge cutoff by 2020. Training for robustness against typos and casing leads to slightly weaker benchmark performance."
  },
  "License": "Apache-2.0"
}