{
  "Model_Description": {
    "Name": "German_Semantic_STS_V2",
    "Description": "This model creates german embeddings for semantic use cases. It maps sentences & paragraphs to a 1024 dimensional dense vector space and can be used for tasks like clustering or semantic search."
  },
  "Model_Sources": {
    "Repository": "https://huggingface.co/aari1995/German_Semantic_STS_V2",
    "Paper": "Not provided",
    "Demo": "Not provided"
  },
  "Citation": "Not provided",
  "Contact": {
    "Author": "Aaron Chibb",
    "Email": "Not provided",
    "Community": "Not provided"
  },
  "Technical_Requirements": {
    "Software": [
      "sentence-transformers",
      "transformers",
      "torch"
    ],
    "Hardware": {
      "CPU": "Not provided",
      "GPU": "Not provided",
      "RAM": "Not provided",
      "Storage": "Not provided"
    }
  },
  "Access_and_Distribution": {
    "Download_Link": "https://huggingface.co/aari1995/German_Semantic_STS_V2",
    "Model_Variants": []
  },
  "Dataset": {
    "Name": [
      "stsb_multi_mt",
      "MTEB AmazonCounterfactualClassification",
      "MTEB AmazonReviewsClassification",
      "MTEB BlurbsClusteringP2P",
      "MTEB BlurbsClusteringS2S",
      "MTEB GermanDPR",
      "MTEB GermanQuAD-Retrieval",
      "MTEB GermanSTSBenchmark",
      "MTEB MassiveIntentClassification",
      "MTEB MassiveScenarioClassification",
      "MTEB MTOPDomainClassification",
      "MTEB MTOPIntentClassification",
      "MTEB PawsX",
      "MTEB STS22",
      "MTEB TenKGnadClusteringP2P",
      "MTEB TenKGnadClusteringS2S",
      "MTEB FalseFriendsGermanEnglish"
    ],
    "Sources": [
      "https://huggingface.co/datasets/mteb/amazon_counterfactual",
      "https://huggingface.co/datasets/mteb/amazon_reviews_multi",
      "https://huggingface.co/datasets/slvnwhrl/blurbs-clustering-p2p",
      "https://huggingface.co/datasets/slvnwhrl/blurbs-clustering-s2s",
      "https://huggingface.co/datasets/deepset/germandpr",
      "https://huggingface.co/datasets/mteb/germanquad-retrieval",
      "https://huggingface.co/datasets/jinaai/german-STSbenchmark",
      "https://huggingface.co/datasets/mteb/amazon_massive_intent",
      "https://huggingface.co/datasets/mteb/amazon_massive_scenario",
      "https://huggingface.co/datasets/mteb/mtop_domain",
      "https://huggingface.co/datasets/mteb/mtop_intent",
      "https://huggingface.co/datasets/google-research-datasets/paws-x",
      "https://huggingface.co/datasets/mteb/sts22-crosslingual-sts",
      "https://huggingface.co/datasets/slvnwhrl/tenkgnad-clustering-p2p",
      "https://huggingface.co/datasets/slvnwhrl/tenkgnad-clustering-s2s",
      "https://huggingface.co/datasets/aari1995/false_friends_de_en_mteb"
    ],
    "Description": "Not provided"
  },
  "Model_Architecture": {
    "Architecture_Type": "Transformer",
    "Base_Architecture": "BertModel",
    "Number_Parameters": "Not provided",
    "Parameters": {
      "max_seq_length": 512,
      "do_lower_case": false,
      "word_embedding_dimension": 1024,
      "pooling_mode_cls_token": false,
      "pooling_mode_mean_tokens": true,
      "pooling_mode_max_tokens": false,
      "pooling_mode_mean_sqrt_len_tokens": false
    },
    "Input_Type": "Text",
    "Output_Type": "Dense Vector"
  },
  "Training_Details": {
    "Training_Data": "stsb_multi_mt",
    "Preprocessing": "Tokenization, padding, truncation, mean pooling.",
    "Hyperparameters": {
      "batch_size": 4,
      "sampler": "torch.utils.data.sampler.RandomSampler",
      "batch_sampler": "torch.utils.data.sampler.BatchSampler",
      "loss_function": "sentence_transformers.losses.ContrastiveLoss.ContrastiveLoss",
      "distance_metric": "SiameseDistanceMetric.COSINE_DISTANCE",
      "margin": 0.5,
      "size_average": true,
      "epochs": 4,
      "evaluation_steps": 500,
      "evaluator": "sentence_transformers.evaluation.EmbeddingSimilarityEvaluator.EmbeddingSimilarityEvaluator",
      "max_grad_norm": 1,
      "optimizer_class": "<class 'torch.optim.adamw.AdamW'>",
      "learning_rate": 5e-06,
      "scheduler": "WarmupLinear",
      "warmup_steps": 576,
      "weight_decay": 0.01
    }
  },
  "Evaluation": {
    "Evaluation_Data": [
      "MTEB AmazonCounterfactualClassification",
      "MTEB AmazonReviewsClassification",
      "MTEB BlurbsClusteringP2P",
      "MTEB BlurbsClusteringS2S",
      "MTEB GermanDPR",
      "MTEB GermanQuAD-Retrieval",
      "MTEB GermanSTSBenchmark",
      "MTEB MassiveIntentClassification",
      "MTEB MassiveScenarioClassification",
      "MTEB MTOPDomainClassification",
      "MTEB MTOPIntentClassification",
      "MTEB PawsX",
      "MTEB STS22",
      "MTEB TenKGnadClusteringP2P",
      "MTEB TenKGnadClusteringS2S",
      "MTEB FalseFriendsGermanEnglish"
    ],
    "Performance_Metrics": {
      "Spearman": 0.8626,
      "MTEB_AmazonCounterfactualClassification_test_accuracy": 67.00214132762312,
      "MTEB_AmazonCounterfactualClassification_validation_accuracy": 68.43347639484978,
      "MTEB_AmazonReviewsClassification_test_accuracy": 39.092,
      "MTEB_AmazonReviewsClassification_validation_accuracy": 39.146,
      "MTEB_BlurbsClusteringP2P_test_v_measure": 38.68098166984213,
      "MTEB_BlurbsClusteringS2S_test_v_measure": 17.624489937027505,
      "MTEB_GermanDPR_test_ndcg_at_10": 72.921,
      "MTEB_GermanQuAD-Retrieval_test_mrr_at_5": 85.316,
      "MTEB_GermanSTSBenchmark_test_cos_sim_spearman": 84.67696933608696,
      "MTEB_GermanSTSBenchmark_validation_cos_sim_spearman": 88.048957974805,
      "MTEB_MassiveIntentClassification_test_accuracy": 66.25084061869536,
      "MTEB_MassiveIntentClassification_validation_accuracy": 66.44859813084113,
      "MTEB_MassiveScenarioClassification_test_accuracy": 72.51176866173503,
      "MTEB_MassiveScenarioClassification_validation_accuracy": 72.02164289227743,
      "MTEB_MTOPDomainClassification_test_accuracy": 89.00253592561285,
      "MTEB_MTOPDomainClassification_validation_accuracy": 87.70798898071627,
      "MTEB_MTOPIntentClassification_test_accuracy": 70.06198929275853,
      "MTEB_MTOPIntentClassification_validation_accuracy": 68.6060606060606,
      "MTEB_PawsX_test_ap": 57.47670853851811,
      "MTEB_PawsX_validation_ap": 52.85587710877178,
      "MTEB_STS22_test_cos_sim_spearman": 50.63839763951755,
      "MTEB_TenKGnadClusteringP2P_test_v_measure": 37.99668579652982,
      "MTEB_TenKGnadClusteringS2S_test_v_measure": 23.71145428041516,
      "MTEB_FalseFriendsGermanEnglish_test_ap": 71.22096746794873
    },
    "Source": "https://seb.sbert.net"
  },
  "Intended_Use": {
    "Task": [
      "sentence-similarity",
      "clustering",
      "semantic search"
    ]
  },
  "Bias_Risks_and_Limitations": {
    "Limitations": "Not provided"
  },
  "License": "Not provided"
}