{
  "Model_Description": {
    "Name": "bhadresh-savani/bert-base-uncased-emotion",
    "Description": "This model is a `bert-base-uncased` model, a Transformer Bidirectional Encoder based Architecture, finetuned on the emotion dataset for text classification."
  },
  "Model_Sources": {
    "Repository": "https://huggingface.co/bhadresh-savani/bert-base-uncased-emotion",
    "Paper": "https://arxiv.org/abs/1810.04805",
    "Demo": "Not provided"
  },
  "Citation": "Not provided",
  "Contact": {
    "Author": "bhadresh-savani",
    "Email": "Not provided",
    "Community": "Not provided"
  },
  "Technical_Requirements": {
    "Software": [
      "transformers"
    ],
    "Hardware": {
      "CPU": "Not provided",
      "GPU": "Not provided",
      "RAM": "Not provided",
      "Storage": "Not provided"
    }
  },
  "Access_and_Distribution": {
    "Download_Link": "Not provided",
    "Model_Variants": []
  },
  "Dataset": {
    "Name": "Twitter-Sentiment-Analysis",
    "Sources": "https://huggingface.co/nlp/viewer/?dataset=emotion",
    "Description": "Not provided"
  },
  "Model_Architecture": {
    "Architecture_Type": "Transformer Bidirectional Encoder based Architecture",
    "Base_Architecture": "bert-base-uncased",
    "Number_Parameters": "Not provided",
    "Parameters": "Not provided",
    "Input_Type": "Text",
    "Output_Type": "Text"
  },
  "Training_Details": {
    "Training_Data": "emotion",
    "Preprocessing": "Not provided",
    "Hyperparameters": {
      "learning_rate": "2e-5",
      "batch_size": 64,
      "num_train_epochs": 8
    }
  },
  "Evaluation": {
    "Evaluation_Data": "emotion",
    "Performance_Metrics": {
      "test_accuracy": 0.9405,
      "test_f1": 0.9405920712282673,
      "test_loss": 0.15769127011299133,
      "test_runtime": 10.5179,
      "test_samples_per_second": 190.152,
      "test_steps_per_second": 3.042,
      "Precision Macro": 0.8859601677706858,
      "Precision Micro": 0.9265,
      "Precision Weighted": 0.9265082039990273,
      "Recall Macro": 0.879224648382427,
      "Recall Micro": 0.9265,
      "Recall Weighted": 0.9265,
      "F1 Macro": 0.8821398657055098,
      "F1 Micro": 0.9265,
      "F1 Weighted": 0.9262425173620311
    },
    "Source": "Not provided"
  },
  "Intended_Use": {
    "Task": [
      "text-classification",
      "emotion"
    ]
  },
  "Bias_Risks_and_Limitations": {
    "Limitations": "Not provided"
  },
  "License": "Apache-2.0"
}