{
  "Model_Description": {
    "Name": "bhadresh-savani/distilbert-base-uncased-emotion",
    "Description": "Distilbert is a smaller, faster version of BERT, created using knowledge distillation, retaining 97% of BERT's language understanding. This specific model is a Distilbert-base-uncased model finetuned on the emotion dataset for text classification."
  },
  "Model_Sources": {
    "Repository": "https://huggingface.co/bhadresh-savani/distilbert-base-uncased-emotion",
    "Paper": "https://arxiv.org/abs/1910.01108",
    "Demo": "Not provided"
  },
  "Citation": "Not provided",
  "Contact": {
    "Author": "bhadresh-savani",
    "Email": "Not provided",
    "Community": "Not provided"
  },
  "Technical_Requirements": {
    "Software": [
      "transformers"
    ],
    "Hardware": {
      "CPU": "Not provided",
      "GPU": "Not provided",
      "RAM": "Not provided",
      "Storage": "Not provided"
    }
  },
  "Access_and_Distribution": {
    "Download_Link": "Not provided",
    "Model_Variants": []
  },
  "Dataset": {
    "Name": [
      "emotion",
      "Twitter-Sentiment-Analysis"
    ],
    "Sources": "https://huggingface.co/nlp/viewer/?dataset=emotion",
    "Description": "Not provided"
  },
  "Model_Architecture": {
    "Architecture_Type": "Transformer",
    "Base_Architecture": "Distilbert-base-uncased",
    "Number_Parameters": "Not provided",
    "Parameters": "Not provided",
    "Input_Type": "Text",
    "Output_Type": "Text"
  },
  "Training_Details": {
    "Training_Data": "emotion dataset",
    "Preprocessing": "Not provided",
    "Hyperparameters": {
      "learning_rate": "2e-5",
      "batch_size": 64,
      "num_train_epochs": 8
    }
  },
  "Evaluation": {
    "Evaluation_Data": "emotion (test split)",
    "Performance_Metrics": {
      "Accuracy": 92.7,
      "Precision Macro": 88.80230732280744,
      "Precision Micro": 92.7,
      "Precision Weighted": 92.72902840835793,
      "Recall Macro": 87.90126653780703,
      "Recall Micro": 92.7,
      "Recall Weighted": 92.7,
      "F1 Macro": 88.25061528287809,
      "F1 Micro": 92.7,
      "F1 Weighted": 92.6876082854655,
      "Loss": 0.17403268814086914
    },
    "Source": "https://github.com/bhadreshpsavani/ExploringSentimentalAnalysis/blob/main/SentimentalAnalysisWithDistilbert.ipynb"
  },
  "Intended_Use": {
    "Task": [
      "text-classification",
      "emotion classification"
    ]
  },
  "Bias_Risks_and_Limitations": {
    "Limitations": "Not provided"
  },
  "License": "Apache-2.0"
}