{
  "Model_Description": {
    "Name": "Arunavaonly/Bangla-twoclass-Sentiment-Analyzer",
    "Description": "This model is a fine-tuned version of xlm-roberta-base on the None dataset."
  },
  "Model_Sources": {
    "Repository": "https://huggingface.co/Arunavaonly/Bangla-twoclass-Sentiment-Analyzer",
    "Paper": "Not provided",
    "Demo": "Not provided"
  },
  "Citation": "Not provided",
  "Contact": {
    "Author": "Not provided",
    "Email": "Not provided",
    "Community": "Not provided"
  },
  "Technical_Requirements": {
    "Software": [
      "Transformers 4.37.2",
      "Pytorch 2.1.0+cu121",
      "Datasets 2.17.1",
      "Tokenizers 0.15.2"
    ],
    "Hardware": {
      "CPU": "Not provided",
      "GPU": "Not provided",
      "RAM": "Not provided",
      "Storage": "Not provided"
    }
  },
  "Access_and_Distribution": {
    "Download_Link": "Not provided",
    "Model_Variants": []
  },
  "Dataset": {
    "Name": "None dataset",
    "Sources": "Not provided",
    "Description": "Not provided"
  },
  "Model_Architecture": {
    "Architecture_Type": "Not provided",
    "Base_Architecture": "xlm-roberta-base",
    "Number_Parameters": "Not provided",
    "Parameters": "Not provided",
    "Input_Type": "Not provided",
    "Output_Type": "Not provided"
  },
  "Training_Details": {
    "Training_Data": "None dataset",
    "Preprocessing": "Not provided",
    "Hyperparameters": {
      "learning_rate": "3e-05",
      "train_batch_size": 16,
      "eval_batch_size": 16,
      "seed": 42,
      "optimizer": "Adam with betas=(0.9,0.999) and epsilon=1e-08",
      "lr_scheduler_type": "linear",
      "training_steps": 1800,
      "mixed_precision_training": "Native AMP"
    }
  },
  "Evaluation": {
    "Evaluation_Data": "None dataset",
    "Performance_Metrics": {
      "Loss": 2.7755,
      "F1": 0.6113
    },
    "Source": "Not provided"
  },
  "Intended_Use": {
    "Task": "Not provided"
  },
  "Bias_Risks_and_Limitations": {
    "Limitations": "Not provided"
  },
  "License": "mit"
}