{
  "Model_Description": {
    "Name": "beomi/kcbert-base",
    "Description": "KcBERT is a Pretrained BERT model for Korean comments, trained from scratch using comments and replies collected from Naver News to handle the characteristics of unrefined, colloquial, and typo-prone text."
  },
  "Model_Sources": {
    "Repository": "https://github.com/Beomi/KcBERT",
    "Paper": "http://hclt.kr/dwn/?v=bG5iOmNvbmZlcmVuY2U7aWR4OjMy",
    "Demo": [
      "https://huggingface.co/beomi/kcbert-base?text=오늘은+날씨가+[MASK]",
      "https://huggingface.co/beomi/kcbert-large?text=오늘은+날씨가+[MASK]"
    ]
  },
  "Citation": "@inproceedings{lee2020kcbert,\n  title={KcBERT: Korean Comments BERT},\n  author={Lee, Junbum},\n  booktitle={Proceedings of the 32nd Annual Conference on Human and Cognitive Language Technology},\n  pages={437--440},\n  year={2020}\n}",
  "Contact": {
    "Author": "Lee, Junbum",
    "Email": "Not provided",
    "Community": "Not provided"
  },
  "Technical_Requirements": {
    "Software": [
      "pytorch <= 1.8.0",
      "transformers ~= 3.0.1",
      "transformers ~= 4.0.0",
      "emoji ~= 0.6.0",
      "soynlp ~= 0.0.493"
    ],
    "Hardware": {
      "CPU": "Not provided",
      "GPU": [
        "NVIDIA P100",
        "NVIDIA RTX Titan",
        "TPU v3-8"
      ],
      "RAM": "Not provided",
      "Storage": "Not provided"
    }
  },
  "Access_and_Distribution": {
    "Download_Link": "Not provided",
    "Model_Variants": [
      {
        "Name": "KcBERT-Base",
        "Link": "https://huggingface.co/beomi/kcbert-base",
        "Type": "Not provided",
        "Size": "Not provided",
        "Notes": "Not provided"
      },
      {
        "Name": "KcBERT-Large",
        "Link": "https://huggingface.co/beomi/kcbert-large",
        "Type": "Not provided",
        "Size": "Not provided",
        "Notes": "Not provided"
      }
    ]
  },
  "Dataset": {
    "Name": [
      "네이버 뉴스 댓글과 대댓글",
      "NSMC",
      "Naver NER",
      "PAWS",
      "KorNLI",
      "KorSTS",
      "Question Pair",
      "KorQuaD"
    ],
    "Sources": [
      "https://www.kaggle.com/junbumlee/kcbert-pretraining-corpus-korean-news-comments",
      "https://github.com/Beomi/KcBERT/releases/tag/TrainData_v1",
      "https://github.com/e9t/nsmc"
    ],
    "Description": "Training data consists of comments and replies from Naver News articles collected between 2019.01.01 and 2020.06.15, totaling approximately 15.4GB of text (110 million sentences) before preprocessing, and 12.5GB (89 million sentences) after preprocessing. Evaluation datasets are standard Korean NLP benchmarks."
  },
  "Model_Architecture": {
    "Architecture_Type": "Transformer",
    "Base_Architecture": "BERT",
    "Number_Parameters": "417M",
    "Parameters": {
      "max_position_embeddings": 300,
      "hidden_dropout_prob": 0.1,
      "hidden_act": "gelu",
      "initializer_range": 0.02,
      "num_hidden_layers": 12,
      "type_vocab_size": 2,
      "vocab_size": 30000,
      "hidden_size": 768,
      "attention_probs_dropout_prob": 0.1,
      "directionality": "bidi",
      "num_attention_heads": 12,
      "intermediate_size": 3072,
      "architectures": [
        "BertForMaskedLM"
      ],
      "model_type": "bert"
    },
    "Input_Type": "Text",
    "Output_Type": "Text"
  },
  "Training_Details": {
    "Training_Data": "네이버 뉴스 댓글과 대댓글",
    "Preprocessing": "Includes Korean, English, special characters, and emojis (excluding Hanja); reduces repeated characters (e.g., ㅋㅋㅋㅋㅋ -> ㅋㅋ); maintains case for English (Cased model); removes texts shorter than 10 characters; removes duplicate comments.",
    "Hyperparameters": {
      "MLM_masking_rate": 0.15,
      "hidden_dropout_prob": 0.1,
      "attention_probs_dropout_prob": 0.1,
      "initializer_range": 0.02
    }
  },
  "Evaluation": {
    "Evaluation_Data": [
      "NSMC",
      "Naver NER",
      "PAWS",
      "KorNLI",
      "KorSTS",
      "Question Pair",
      "KorQuaD"
    ],
    "Performance_Metrics": {
      "NSMC_acc": 89.62,
      "Naver_NER_F1": 84.34,
      "PAWS_acc": 66.95,
      "KorNLI_acc": 74.85,
      "KorSTS_spearman": 75.57,
      "Question_Pair_acc": 93.93,
      "KorQuaD_Dev_EM": 60.25,
      "KorQuaD_Dev_F1": 84.39
    },
    "Source": "https://github.com/Beomi/KcBERT-finetune"
  },
  "Intended_Use": {
    "Task": [
      "Masked Language Modeling",
      "Text Classification",
      "Named Entity Recognition"
    ]
  },
  "Bias_Risks_and_Limitations": {
    "Limitations": "The reported performance scores are based on default config settings, and better performance may be achieved with additional hyperparameter tuning."
  },
  "License": "Apache-2.0"
}