{
  "Model_Description": {
    "Name": "beomi/KcELECTRA-base-v2022",
    "Description": "KcELECTRA is a Pretrained ELECTRA model specifically trained on noisy, user-generated Korean text from Naver news comments and replies, designed to perform better on such data compared to models trained on clean corpora."
  },
  "Model_Sources": {
    "Repository": "https://github.com/Beomi/KcELECTRA",
    "Paper": "Not provided",
    "Demo": "Not provided"
  },
  "Citation": "@misc{lee2021kcelectra,\n  author = {Junbum Lee},\n  title = {KcELECTRA: Korean comments ELECTRA},\n  year = {2021},\n  publisher = {GitHub},\n  journal = {GitHub repository},\n  howpublished = {\\url{https://github.com/Beomi/KcELECTRA}}\n}",
  "Contact": {
    "Author": "Junbum Lee",
    "Email": "Not provided",
    "Community": "Not provided"
  },
  "Technical_Requirements": {
    "Software": [
      "pytorch ~= 1.8.0",
      "transformers ~= 4.11.3",
      "emoji ~= 0.6.0",
      "soynlp ~= 0.0.493"
    ],
    "Hardware": {
      "CPU": "Not provided",
      "GPU": "Not provided",
      "RAM": "Not provided",
      "Storage": "Not provided"
    }
  },
  "Access_and_Distribution": {
    "Download_Link": "https://huggingface.co/beomi/KcELECTRA-base",
    "Model_Variants": [
      {
        "Name": "KcELECTRA-base",
        "Link": "https://huggingface.co/beomi/KcELECTRA-base",
        "Type": "Not provided",
        "Size": "475M",
        "Notes": "Not provided"
      }
    ]
  },
  "Dataset": {
    "Name": "네이버 뉴스 댓글 및 대댓글",
    "Sources": "Not provided",
    "Description": "학습 데이터는 2019.01.01 ~ 2021.03.09 사이에 작성된 댓글 많은 뉴스/혹은 전체 뉴스 기사들의 댓글과 대댓글을 모두 수집한 데이터입니다. 데이터 사이즈는 텍스트만 추출시 약 17.3GB이며, 1억8천만개 이상의 문장으로 이뤄져 있습니다."
  },
  "Model_Architecture": {
    "Architecture_Type": "Transformer",
    "Base_Architecture": "ELECTRA",
    "Number_Parameters": "475M",
    "Parameters": {
      "Vocab Size": 30000
    },
    "Input_Type": "Text",
    "Output_Type": "Text"
  },
  "Training_Details": {
    "Training_Data": "네이버 뉴스 댓글 및 대댓글",
    "Preprocessing": "한글 및 영어, 특수문자, 이모지 포함 (한글 범위 `ㄱ-ㅎ가-힣`으로 한자 제외); 댓글 내 중복 문자열 축약; Cased Model; 글자 단위 10글자 이하 텍스트 제거; 완전히 일치하는 중복 댓글 제거; `OOO` (비속어 필터링) 공백으로 제거",
    "Hyperparameters": "Not provided"
  },
  "Evaluation": {
    "Evaluation_Data": [
      "NSMC",
      "Naver NER",
      "PAWS",
      "KorNLI",
      "KorSTS",
      "Question Pair",
      "KorQuaD (Dev)"
    ],
    "Performance_Metrics": {
      "NSMC (acc)": 91.97,
      "Naver NER (F1)": 87.35,
      "PAWS (acc)": 76.5,
      "KorNLI (acc)": 82.12,
      "KorSTS (spearman)": 83.67,
      "Question Pair (acc)": 95.12,
      "KorQuaD (Dev) EM": 69.0,
      "KorQuaD (Dev) F1": 90.4
    },
    "Source": "https://github.com/Beomi/KcBERT-finetune"
  },
  "Intended_Use": {
    "Task": [
      "Text Classification",
      "Named Entity Recognition",
      "Question Answering"
    ]
  },
  "Bias_Risks_and_Limitations": {
    "Limitations": "The model is specialized for user-generated, noisy Korean text and may perform less effectively on general corpora compared to models trained on cleaner data."
  },
  "License": "MIT"
}