{
  "Model_Description": {
    "Name": "akdeniz27/bert-base-turkish-cased-ner",
    "Description": "This model is a fine-tuned version of \"dbmdz/bert-base-turkish-cased\" for Turkish Named Entity Recognition (NER) using a reviewed Turkish NER dataset."
  },
  "Model_Sources": {
    "Repository": "https://huggingface.co/akdeniz27/bert-base-turkish-cased-ner",
    "Paper": "https://ieeexplore.ieee.org/document/7495744",
    "Demo": "Not provided"
  },
  "Citation": "Küçük, D., Küçük, D., Arıcı, N. 2016. Türkçe Varlık İsmi Tanıma için bir Veri Kümesi (\"A Named Entity Recognition Dataset for Turkish\"). IEEE Sinyal İşleme, İletişim ve Uygulamaları Kurultayı. Zonguldak, Türkiye.",
  "Contact": {
    "Author": "Not provided",
    "Email": "Not provided",
    "Community": "Not provided"
  },
  "Technical_Requirements": {
    "Software": [
      "transformers"
    ],
    "Hardware": {
      "CPU": "Not provided",
      "GPU": "Not provided",
      "RAM": "Not provided",
      "Storage": "Not provided"
    }
  },
  "Access_and_Distribution": {
    "Download_Link": "Not provided",
    "Model_Variants": []
  },
  "Dataset": {
    "Name": "Turkish NER dataset",
    "Sources": "https://github.com/stefan-it/turkish-bert/files/4558187/nerdata.txt",
    "Description": "A well-known Turkish NER dataset."
  },
  "Model_Architecture": {
    "Architecture_Type": "Encoder-only Transformer",
    "Base_Architecture": "BERT",
    "Number_Parameters": "Not provided",
    "Parameters": {
      "max_length": 512,
      "label_list": [
        "O",
        "B-PER",
        "I-PER",
        "B-ORG",
        "I-ORG",
        "B-LOC",
        "I-LOC"
      ]
    },
    "Input_Type": "Text",
    "Output_Type": "Text"
  },
  "Training_Details": {
    "Training_Data": "Turkish NER dataset",
    "Preprocessing": "Not provided",
    "Hyperparameters": {
      "batch_size": 8,
      "learning_rate": "2e-5",
      "num_train_epochs": 3,
      "weight_decay": 0.01
    }
  },
  "Evaluation": {
    "Evaluation_Data": "A Named Entity Recognition Dataset for Turkish",
    "Performance_Metrics": {
      "accuracy": 0.9933935699477056,
      "f1": 0.9592969472710453,
      "precision": 0.9543530277931161,
      "recall": 0.9642923563325274
    },
    "Source": "https://ieeexplore.ieee.org/document/7495744"
  },
  "Intended_Use": {
    "Task": [
      "Named Entity Recognition"
    ]
  },
  "Bias_Risks_and_Limitations": {
    "Limitations": "Not provided"
  },
  "License": "MIT"
}