{
  "Model_Description": {
    "Name": "ai4bharat/indic-bert",
    "Description": "IndicBERT is a multilingual ALBERT model pretrained exclusively on 12 major Indian languages. It is pre-trained on a novel monolingual corpus of around 9 billion tokens and evaluated on a set of diverse tasks."
  },
  "Model_Sources": {
    "Repository": "https://github.com/divkakwani/indic-bert",
    "Paper": "https://indicnlp.ai4bharat.org/papers/arxiv2020_indicnlp_corpus.pdf",
    "Demo": "Not provided"
  },
  "Citation": "@inproceedings{kakwani2020indicnlpsuite,\n    title={{IndicNLPSuite: Monolingual Corpora, Evaluation Benchmarks and Pre-trained Multilingual Language Models for Indian Languages}},\n    author={Divyanshu Kakwani and Anoop Kunchukuttan and Satish Golla and Gokul N.C. and Avik Bhattacharyya and Mitesh M. Khapra and Pratyush Kumar},\n    year={2020},\n    booktitle={Findings of EMNLP},\n}",
  "Contact": {
    "Author": [
      "Divyanshu Kakwani",
      "Anoop Kunchukuttan",
      "Gokul NC",
      "Satish Golla",
      "Avik Bhattacharyya",
      "Mitesh Khapra",
      "Pratyush Kumar"
    ],
    "Email": [
      "anoop.kunchukuttan@gmail.com",
      "miteshk@cse.iitm.ac.in",
      "pratyush@cse.iitm.ac.in"
    ],
    "Community": [
      "https://indicnlp.ai4bharat.org/",
      "https://ai4bharat.org"
    ]
  },
  "Technical_Requirements": {
    "Software": [
      "TensorFlow",
      "PyTorch"
    ],
    "Hardware": {
      "CPU": "Not provided",
      "GPU": "Not provided",
      "RAM": "Not provided",
      "Storage": "Not provided"
    }
  },
  "Access_and_Distribution": {
    "Download_Link": "https://storage.googleapis.com/ai4bharat-public-indic-nlp-corpora/models/indic-bert-v1.tar.gz",
    "Model_Variants": []
  },
  "Dataset": {
    "Name": "AI4Bharat IndicNLP Corpora",
    "Sources": "https://indicnlp.ai4bharat.org/",
    "Description": "A novel monolingual corpus of around 9 billion tokens covering 12 major Indian languages: Assamese, Bengali, English, Gujarati, Hindi, Kannada, Malayalam, Marathi, Oriya, Punjabi, Tamil, Telugu."
  },
  "Model_Architecture": {
    "Architecture_Type": "ALBERT",
    "Base_Architecture": "ALBERT",
    "Number_Parameters": "Not provided",
    "Parameters": {
      "max_seq_length": 128
    },
    "Input_Type": "Text",
    "Output_Type": "Text"
  },
  "Training_Details": {
    "Training_Data": "AI4Bharat's monolingual corpus",
    "Preprocessing": "Not provided",
    "Hyperparameters": "Not provided"
  },
  "Evaluation": {
    "Evaluation_Data": [
      "IndicGLUE",
      "BBC News Classification",
      "IIT Product Reviews",
      "IITP Movie Reviews",
      "Soham News Article",
      "Midas Discourse",
      "iNLTK Headlines Classification",
      "ACTSA Sentiment Analysis",
      "Winograd NLI",
      "Choice of Plausible Alternative (COPA)",
      "Amrita Exact Paraphrase",
      "Amrita Rough Paraphrase"
    ],
    "Performance_Metrics": {
      "News Article Headline Prediction": 95.87,
      "Wikipedia Section Title Prediction": 73.31,
      "Cloze-style multiple-choice QA": 41.87,
      "Article Genre Classification": 97.34,
      "Named Entity Recognition (F1-score)": 64.47,
      "Cross-Lingual Sentence Retrieval Task": 27.12,
      "Average (IndicGLUE)": 66.66,
      "BBC News Classification": 74.6,
      "IIT Product Reviews": 71.32,
      "IITP Movie Reviews": 59.03,
      "Soham News Article": 78.45,
      "Midas Discourse": 78.44,
      "iNLTK Headlines Classification": 94.52,
      "ACTSA Sentiment Analysis": 61.18,
      "Winograd NLI": 56.34,
      "Choice of Plausible Alternative (COPA)": 58.33,
      "Amrita Exact Paraphrase": 93.75,
      "Amrita Rough Paraphrase": 84.33,
      "Average (Additional Tasks)": 73.66
    },
    "Source": "https://github.com/divkakwani/indic-bert"
  },
  "Intended_Use": {
    "Task": [
      "Text Classification",
      "Sentiment Analysis",
      "Natural Language Inference"
    ]
  },
  "Bias_Risks_and_Limitations": {
    "Limitations": "All models have been restricted to a maximum sequence length of 128 during evaluation."
  },
  "License": "MIT"
}