{
  "Model_Description": {
    "Name": "ai4bharat/indicconformer_stt_mr_hybrid_ctc_rnnt_large",
    "Description": "IndicConformer is a Hybrid CTC-RNNT conformer ASR (Automatic Speech Recognition) model for the Marathi language."
  },
  "Model_Sources": {
    "Repository": "https://github.com/AI4Bharat/NeMo",
    "Paper": "Not provided",
    "Demo": "Not provided"
  },
  "Citation": "Not provided",
  "Contact": {
    "Author": "Not provided",
    "Email": "Not provided",
    "Community": "Not provided"
  },
  "Technical_Requirements": {
    "Software": [
      "AI4Bharat NeMo",
      "torch",
      "nemo.collections.asr",
      "ffmpeg"
    ],
    "Hardware": {
      "CPU": "Not provided",
      "GPU": "Not provided",
      "RAM": "Not provided",
      "Storage": "Not provided"
    }
  },
  "Access_and_Distribution": {
    "Download_Link": "Not provided",
    "Model_Variants": []
  },
  "Dataset": {
    "Name": "Not provided",
    "Sources": "Not provided",
    "Description": "Not provided"
  },
  "Model_Architecture": {
    "Architecture_Type": "Hybrid CTC-RNNT conformer",
    "Base_Architecture": "conformer-Large",
    "Number_Parameters": "120M",
    "Parameters": {
      "conformer_blocks": 17,
      "model_dimension": 512
    },
    "Input_Type": "16000 KHz Mono-channel Audio (wav files)",
    "Output_Type": "transcribed speech as a string"
  },
  "Training_Details": {
    "Training_Data": "Not provided",
    "Preprocessing": "Audio conversion to 16000 Hz and mono-channel (using ffmpeg)",
    "Hyperparameters": "Not provided"
  },
  "Evaluation": {
    "Evaluation_Data": "Not provided",
    "Performance_Metrics": "Not provided",
    "Source": "Not provided"
  },
  "Intended_Use": {
    "Task": [
      "automatic-speech-recognition"
    ]
  },
  "Bias_Risks_and_Limitations": {
    "Limitations": "Not provided"
  },
  "License": "MIT"
}