{
  "Model_Description": {
    "Name": "IndicConformer-600M-Multi",
    "Description": "AI4Bharat's IndicConformers is a suite of ASR models built to deliver accurate speech-to-text conversion in all 22 official Indian languages. By leveraging cutting-edge deep learning techniques, these models provide precise transcriptions."
  },
  "Model_Sources": {
    "Repository": "https://huggingface.co/ai4bharat/indic-conformer-600m-multilingual",
    "Paper": "Not provided",
    "Demo": "Not provided"
  },
  "Citation": "Not provided",
  "Contact": {
    "Author": [
      "Tahir Javed",
      "Kaushal Bhogale"
    ],
    "Email": [
      "tahir@cse.iitm.ac.in",
      "CS22D006@cse.iitm.ac.in"
    ],
    "Community": "Not provided"
  },
  "Technical_Requirements": {
    "Software": [
      "transformers",
      "torchaudio",
      "onnx",
      "onnxruntime",
      "onnxruntime-gpu"
    ],
    "Hardware": {
      "CPU": "Not provided",
      "GPU": "Not provided",
      "RAM": "Not provided",
      "Storage": "Not provided"
    }
  },
  "Access_and_Distribution": {
    "Download_Link": "Not provided",
    "Model_Variants": []
  },
  "Dataset": {
    "Name": "Not provided",
    "Sources": "Not provided",
    "Description": "Not provided"
  },
  "Model_Architecture": {
    "Architecture_Type": "Multilingual Conformer-based Hybrid CTC + RNNT ASR model",
    "Base_Architecture": "Not provided",
    "Number_Parameters": "600M",
    "Parameters": "Not provided",
    "Input_Type": "Audio",
    "Output_Type": "Text"
  },
  "Training_Details": {
    "Training_Data": "Not provided",
    "Preprocessing": "Audio resampling to 16000 Hz.",
    "Hyperparameters": "Not provided"
  },
  "Evaluation": {
    "Evaluation_Data": "Not provided",
    "Performance_Metrics": "Not provided",
    "Source": "Not provided"
  },
  "Intended_Use": {
    "Task": [
      "speech-to-text conversion",
      "transcription"
    ]
  },
  "Bias_Risks_and_Limitations": {
    "Limitations": "Not provided"
  },
  "License": "MIT"
}