{
  "Model_Description": {
    "Name": "IndicNER",
    "Description": "IndicNER is a model trained to complete the task of identifying named entities from sentences in 11 Indian languages. The model is fine-tuned over millions of sentences and benchmarked on human-annotated and publicly available Indian NER datasets."
  },
  "Model_Sources": {
    "Repository": "https://huggingface.co/ai4bharat/IndicNER",
    "Paper": "https://arxiv.org/abs/2212.10168",
    "Demo": "https://colab.research.google.com/drive/1sYa-PDdZQ_c9SzUgnhyb3Fl7j96QBCS8?usp=sharing"
  },
  "Citation": "@misc{mhaske2022naamapadam,\n  doi = {10.48550/ARXIV.2212.10168},\n  url = {https://arxiv.org/abs/2212.10168},\n  author = {Mhaske, Arnav and Kedia, Harshit and Doddapaneni, Sumanth and Khapra, Mitesh M. and Kumar, Pratyush and Murthy, Rudra and Kunchukuttan, Anoop},\n  title = {Naamapadam: A Large-Scale Named Entity Annotated Data for Indic Languages}\n  publisher = {arXiv},\n  year = {2022},\n  copyright = {arXiv.org perpetual, non-exclusive license}\n}",
  "Contact": {
    "Author": [
      "Arnav Mhaske",
      "Harshit Kedia",
      "Sumanth Doddapaneni",
      "Mitesh M. Khapra",
      "Pratyush Kumar",
      "Rudra Murthy",
      "Anoop Kunchukuttan"
    ],
    "Email": [
      "anoop.kunchukuttan@gmail.com",
      "rmurthyv@in.ibm.com"
    ],
    "Community": "Not provided"
  },
  "Technical_Requirements": {
    "Software": "Not provided",
    "Hardware": {
      "CPU": "Not provided",
      "GPU": "Not provided",
      "RAM": "Not provided",
      "Storage": "Not provided"
    }
  },
  "Access_and_Distribution": {
    "Download_Link": "https://huggingface.co/ai4bharat/IndicNER",
    "Model_Variants": []
  },
  "Dataset": {
    "Name": [
      "Naamapadam",
      "Samanantar Corpus"
    ],
    "Sources": [
      "https://huggingface.co/datasets/ai4bharat/naamapadam",
      "https://huggingface.co/datasets/ai4bharat/samanantar"
    ],
    "Description": "Naamapadam is a large-scale named entity annotated dataset for Indic languages, which was mined from the existing Samanantar Corpus."
  },
  "Model_Architecture": {
    "Architecture_Type": "Encoder-only Transformer",
    "Base_Architecture": "bert-base-multilingual-uncased",
    "Number_Parameters": "Not provided",
    "Parameters": "Not provided",
    "Input_Type": "Text",
    "Output_Type": "Text"
  },
  "Training_Details": {
    "Training_Data": "Naamapadam",
    "Preprocessing": "Not provided",
    "Hyperparameters": "Not provided"
  },
  "Evaluation": {
    "Evaluation_Data": [
      "human annotated testset",
      "multiple other publicly available Indian NER datasets"
    ],
    "Performance_Metrics": "Not provided",
    "Source": "Not provided"
  },
  "Intended_Use": {
    "Task": [
      "Named Entity Recognition"
    ]
  },
  "Bias_Risks_and_Limitations": {
    "Limitations": "Not provided"
  },
  "License": "MIT"
}