{
  "Model_Description": {
    "Name": "ai4bharat/indictrans2-en-indic-1B",
    "Description": "This is the model card of IndicTrans2 En-Indic 1.1B variant, a machine translation model."
  },
  "Model_Sources": {
    "Repository": "https://github.com/AI4Bharat/IndicTrans2/tree/main/huggingface_interface",
    "Paper": "https://arxiv.org/abs/2305.16307",
    "Demo": "Not provided"
  },
  "Citation": "@article{gala2023indictrans,\ntitle={IndicTrans2: Towards High-Quality and Accessible Machine Translation Models for all 22 Scheduled Indian Languages},\nauthor={Jay Gala and Pranjal A Chitale and A K Raghavan and Varun Gumma and Sumanth Doddapaneni and Aswanth Kumar M and Janki Atul Nawale and Anupama Sujatha and Ratish Puduppully and Vivek Raghavan and Pratyush Kumar and Mitesh M Khapra and Raj Dabre and Anoop Kunchukuttan},\njournal={Transactions on Machine Learning Research},\nissn={2835-8856},\nyear={2023},\nurl={https://openreview.net/forum?id=vfT4YuzAYA},\nnote={}\n}",
  "Contact": {
    "Author": [
      "Jay Gala",
      "Pranjal A Chitale",
      "A K Raghavan",
      "Varun Gumma",
      "Sumanth Doddapaneni",
      "Aswanth Kumar M",
      "Janki Atul Nawale",
      "Anupama Sujatha",
      "Ratish Puduppully",
      "Vivek Raghavan",
      "Pratyush Kumar",
      "Mitesh M Khapra",
      "Raj Dabre",
      "Anoop Kunchukuttan"
    ],
    "Email": "Not provided",
    "Community": "Not provided"
  },
  "Technical_Requirements": {
    "Software": [
      "Python",
      "torch",
      "transformers",
      "IndicTransToolkit",
      "flash_attn"
    ],
    "Hardware": {
      "CPU": "Not provided",
      "GPU": "CUDA compatible GPU",
      "RAM": "Not provided",
      "Storage": "Not provided"
    }
  },
  "Access_and_Distribution": {
    "Download_Link": "Not provided",
    "Model_Variants": [
      {
        "Name": "RoPE based IndicTrans2 models",
        "Link": "Not provided",
        "Type": "RoPE based",
        "Size": "Not provided",
        "Notes": "Capable of handling sequence lengths up to 2048 tokens; recommended to run with flash_attention_2 for efficient generation."
      }
    ]
  },
  "Dataset": {
    "Name": [
      "flores-200",
      "IN22-Gen",
      "IN22-Conv"
    ],
    "Sources": "Not provided",
    "Description": "Not provided"
  },
  "Model_Architecture": {
    "Architecture_Type": "Not provided",
    "Base_Architecture": "IndicTrans2",
    "Number_Parameters": "1.1B",
    "Parameters": "Not provided",
    "Input_Type": "Text",
    "Output_Type": "Text"
  },
  "Training_Details": {
    "Training_Data": [
      "flores-200",
      "IN22-Gen",
      "IN22-Conv"
    ],
    "Preprocessing": "Batch preprocessing using IndicProcessor; tokenization with truncation and longest padding; postprocessing including entity replacement.",
    "Hyperparameters": "Not provided"
  },
  "Evaluation": {
    "Evaluation_Data": "Not provided",
    "Performance_Metrics": {
      "bleu": "Not provided",
      "chrf": "Not provided",
      "chrf++": "Not provided",
      "comet": "Not provided"
    },
    "Source": "https://drive.google.com/drive/folders/1lOOdaU0VdRSBgJEsNav5zC7wwLBis9NI?usp=sharing"
  },
  "Intended_Use": {
    "Task": [
      "translation"
    ]
  },
  "Bias_Risks_and_Limitations": {
    "Limitations": "Limitations are not explicitly detailed in this model card, but are referenced in Appendix D of the associated preprint."
  },
  "License": "mit"
}