{
  "Model_Description": {
    "Name": "ai4bharat/IndicBERTv2-MLM-only",
    "Description": "A multilingual language model trained on IndicCorp v2 and evaluated on IndicXTREME benchmark. The model has 278M parameters and is available in 23 Indic languages and English."
  },
  "Model_Sources": {
    "Repository": "https://huggingface.co/ai4bharat/IndicBERTv2-MLM-only",
    "Paper": "https://aclanthology.org/2023.acl-long.693",
    "Demo": "Not provided"
  },
  "Citation": "@inproceedings{doddapaneni-etal-2023-towards,\n    title = \"Towards Leaving No {I}ndic Language Behind: Building Monolingual Corpora, Benchmark and Models for {I}ndic Languages\",\n    author = \"Doddapaneni, Sumanth  and\n      Aralikatte, Rahul  and\n      Ramesh, Gowtham  and\n      Goyal, Shreya  and\n      Khapra, Mitesh M.  and\n      Kunchukuttan, Anoop  and\n      Kumar, Pratyush\",\n    editor = \"Rogers, Anna  and\n      Boyd-Graber, Jordan  and\n      Okazaki, Naoaki\",\n    booktitle = \"Proceedings of the 61st Annual Meeting of the Association for Computational Linguistics (Volume 1: Long Papers)\",\n    month = jul,\n    year = \"2023\",\n    address = \"Toronto, Canada\",\n    publisher = \"Association for Computational Linguistics\",\n    url = \"https://aclanthology.org/2023.acl-long.693\",\n    doi = \"10.18653/v1/2023.acl-long.693\",\n    pages = \"12402--12426\",\n    abstract = \"Building Natural Language Understanding (NLU) capabilities for Indic languages, which have a collective speaker base of more than one billion speakers is absolutely crucial. In this work, we aim to improve the NLU capabilities of Indic languages by making contributions along 3 important axes (i) monolingual corpora (ii) NLU testsets (iii) multilingual LLMs focusing on Indic languages. Specifically, we curate the largest monolingual corpora, IndicCorp, with 20.9B tokens covering 24 languages from 4 language families - a 2.3x increase over prior work, while supporting 12 additional languages. Next, we create a human-supervised benchmark, IndicXTREME, consisting of nine diverse NLU tasks covering 20 languages. Across languages and tasks, IndicXTREME contains a total of 105 evaluation sets, of which 52 are new contributions to the literature. To the best of our knowledge, this is the first effort towards creating a standard benchmark for Indic languages that aims to test the multilingual zero-shot capabilities of pretrained language models. Finally, we train IndicBERT v2, a state-of-the-art model supporting all the languages. Averaged across languages and tasks, the model achieves an absolute improvement of 2 points over a strong baseline. The data and models are available at \\url{https://github.com/AI4Bharat/IndicBERT}.\",\n}",
  "Contact": {
    "Author": [
      "Doddapaneni, Sumanth",
      "Aralikatte, Rahul",
      "Ramesh, Gowtham",
      "Goyal, Shreya",
      "Khapra, Mitesh M.",
      "Kunchukuttan, Anoop",
      "Kumar, Pratyush"
    ],
    "Email": "Not provided",
    "Community": "Not provided"
  },
  "Technical_Requirements": {
    "Software": [
      "Python >= 3.9",
      "transformers"
    ],
    "Hardware": {
      "CPU": "Not provided",
      "GPU": "Not provided",
      "RAM": "Not provided",
      "Storage": "Not provided"
    }
  },
  "Access_and_Distribution": {
    "Download_Link": "https://huggingface.co/ai4bharat/IndicBERTv2-MLM-only",
    "Model_Variants": [
      {
        "Name": "IndicBERT-MLM",
        "Link": "https://huggingface.co/ai4bharat/IndicBERTv2-MLM-only",
        "Type": "Not provided",
        "Size": "Not provided",
        "Notes": "A vanilla BERT style model trained on IndicCorp v2 with the MLM objective"
      },
      {
        "Name": "+Samanantar",
        "Link": "https://huggingface.co/ai4bharat/IndicBERTv2-MLM-Sam-TLM",
        "Type": "Not provided",
        "Size": "Not provided",
        "Notes": "TLM as an additional objective with Samanantar Parallel Corpus"
      },
      {
        "Name": "+Back-Translation",
        "Link": "https://huggingface.co/ai4bharat/IndicBERTv2-MLM-Back-TLM",
        "Type": "Not provided",
        "Size": "Not provided",
        "Notes": "TLM as an additional objective by translating the Indic parts of IndicCorp v2 dataset into English w/ IndicTrans model"
      },
      {
        "Name": "IndicBERT-SS",
        "Link": "https://huggingface.co/ai4bharat/IndicBERTv2-SS",
        "Type": "Not provided",
        "Size": "Not provided",
        "Notes": "To encourage better lexical sharing among languages we convert the scripts from Indic languages to Devanagari and train a BERT style model with the MLM objective"
      }
    ]
  },
  "Dataset": {
    "Name": [
      "IndicCorp v2",
      "IndicXTREME benchmark"
    ],
    "Sources": "https://github.com/AI4Bharat/IndicBERT",
    "Description": "IndicCorp is the largest monolingual corpora with 20.9B tokens covering 24 languages from 4 language families. IndicXTREME is a human-supervised benchmark consisting of nine diverse NLU tasks covering 20 languages."
  },
  "Model_Architecture": {
    "Architecture_Type": "Encoder-only Transformer",
    "Base_Architecture": "BERT style model",
    "Number_Parameters": "278M",
    "Parameters": "Not provided",
    "Input_Type": "Text",
    "Output_Type": "Text"
  },
  "Training_Details": {
    "Training_Data": "IndicCorp v2",
    "Preprocessing": "Not provided",
    "Hyperparameters": "Not provided"
  },
  "Evaluation": {
    "Evaluation_Data": "IndicXTREME benchmark",
    "Performance_Metrics": {
      "Accuracy": "Not provided"
    },
    "Source": "https://aclanthology.org/2023.acl-long.693"
  },
  "Intended_Use": {
    "Task": [
      "fill-mask",
      "ner",
      "paraphrase"
    ]
  },
  "Bias_Risks_and_Limitations": {
    "Limitations": "Not provided"
  },
  "License": "MIT"
}