{
  "Model_Description": {
    "Name": "ai4bharat/indic-seamless",
    "Description": "This repository hosts the IndicSeamless model which is a SeamlessM4T-v2 finetuned on the BhasaAnuvaad dataset for speech-to-text translation (STT) across Indian languages."
  },
  "Model_Sources": {
    "Repository": "https://huggingface.co/ai4bharat/indic-seamless",
    "Paper": "https://arxiv.org/abs/2411.04699",
    "Demo": "https://huggingface.co/spaces/ai4bharat/indic-seamless"
  },
  "Citation": "@misc{jain2024bhasaanuvaadspeechtranslationdataset,\n      title={BhasaAnuvaad: A Speech Translation Dataset for 13 Indian Languages}, \n      author={Sparsh Jain and Ashwin Sankar and Devilal Choudhary and Dhairya Suman and Nikhil Narasimhan and Mohammed Safi Ur Rahman Khan and Anoop Kunchukuttan and Mitesh M Khapra and Raj Dabre},\n      year={2024},\n      eprint={2411.04699},\n      archivePrefix={arXiv},\n      primaryClass={cs.CL},\n      url={https://arxiv.org/abs/2411.04699}, \n}",
  "Contact": {
    "Author": [
      "Sparsh Jain",
      "Ashwin Sankar",
      "Devilal Choudhary",
      "Dhairya Suman",
      "Nikhil Narasimhan",
      "Mohammed Safi Ur Rahman Khan",
      "Anoop Kunchukuttan",
      "Mitesh M Khapra",
      "Raj Dabre"
    ],
    "Email": "Not provided",
    "Community": "Not provided"
  },
  "Technical_Requirements": {
    "Software": [
      "torch",
      "torchaudio",
      "transformers",
      "datasets"
    ],
    "Hardware": {
      "CPU": "Not provided",
      "GPU": "Not provided",
      "RAM": "Not provided",
      "Storage": "Not provided"
    }
  },
  "Access_and_Distribution": {
    "Download_Link": "Not provided",
    "Model_Variants": []
  },
  "Dataset": {
    "Name": [
      "ai4bharat/NPTEL",
      "ai4bharat/IndicVoices-ST",
      "ai4bharat/WordProject",
      "ai4bharat/Spoken-Tutorial",
      "ai4bharat/Mann-ki-Baat",
      "ai4bharat/Vanipedia",
      "ai4bharat/UGCE-Resources",
      "BhasaAnuvaad",
      "google/fleurs"
    ],
    "Sources": [
      "https://huggingface.co/datasets/ai4bharat/NPTEL",
      "https://huggingface.co/datasets/ai4bharat/IndicVoices-ST",
      "https://huggingface.co/datasets/ai4bharat/WordProject",
      "https://huggingface.co/datasets/ai4bharat/Spoken-Tutorial",
      "https://huggingface.co/datasets/ai4bharat/Mann-ki-Baat",
      "https://huggingface.co/datasets/ai4bharat/Vanipedia",
      "https://huggingface.co/datasets/ai4bharat/UGCE-Resources",
      "https://arxiv.org/abs/2411.04699",
      "https://huggingface.co/datasets/google/fleurs"
    ],
    "Description": "BhasaAnuvaad: A Speech Translation Dataset for 13 Indian Languages"
  },
  "Model_Architecture": {
    "Architecture_Type": "Not provided",
    "Base_Architecture": "SeamlessM4T-v2",
    "Number_Parameters": "Not provided",
    "Parameters": "Not provided",
    "Input_Type": "Audio",
    "Output_Type": "Text"
  },
  "Training_Details": {
    "Training_Data": [
      "BhasaAnuvaad",
      "ai4bharat/NPTEL",
      "ai4bharat/IndicVoices-ST",
      "ai4bharat/WordProject",
      "ai4bharat/Spoken-Tutorial",
      "ai4bharat/Mann-ki-Baat",
      "ai4bharat/Vanipedia",
      "ai4bharat/UGCE-Resources"
    ],
    "Preprocessing": [
      "Dataset filtered with Alignment Score: 0.8",
      "Dataset filtered with Mining Score: 0.6",
      "Audio resampled to 16 kHz"
    ],
    "Hyperparameters": "Not provided"
  },
  "Evaluation": {
    "Evaluation_Data": [
      "Fleurs",
      "BhasaAnuvaad test set"
    ],
    "Performance_Metrics": "Not provided",
    "Source": "https://huggingface.co/datasets/google/fleurs"
  },
  "Intended_Use": {
    "Task": [
      "speech-to-text translation",
      "automatic-speech-recognition"
    ]
  },
  "Bias_Risks_and_Limitations": {
    "Limitations": "Not provided"
  },
  "License": "CC BY-NC 4.0"
}