{
  "Model_Description": {
    "Name": "ai4bharat/indic-parler-tts",
    "Description": "Indic Parler-TTS is a multilingual Indic extension of Parler-TTS Mini. It is a fine-tuned version trained on a 1,806 hours multilingual Indic and English dataset, supporting 21 languages for text-to-speech generation."
  },
  "Model_Sources": {
    "Repository": "https://github.com/huggingface/parler-tts",
    "Paper": "https://www.text-description-to-speech.com",
    "Demo": "https://huggingface.co/spaces/ai4bharat/indic-parler-tts"
  },
  "Citation": [
    "@inproceedings{sankar25_interspeech,\n  title     = {{Rasmalai : Resources for Adaptive Speech Modeling in IndiAn Languages with Accents and Intonations}},\n  author    = {Ashwin Sankar and Yoach Lacombe and Sherry Thomas and Praveen {Srinivasa Varadhan} and Sanchit Gandhi and Mitesh M. Khapra},\n  year      = {2025},\n  booktitle = {{Interspeech 2025}},\n  pages     = {4128--4132},\n  doi       = {10.21437/Interspeech.2025-2758},\n  issn      = {2958-1796},\n}",
    "@misc{lacombe-etal-2024-parler-tts,\n  author = {Yoach Lacombe and Vaibhav Srivastav and Sanchit Gandhi},\n  title = {Parler-TTS},\n  year = {2024},\n  publisher = {GitHub},\n  journal = {GitHub repository},\n  howpublished = {\\url{https://github.com/huggingface/parler-tts}}\n}",
    "@misc{lyth2024natural,\n      title={Natural language guidance of high-fidelity text-to-speech with synthetic annotations},\n      author={Dan Lyth and Simon King},\n      year={2024},\n      eprint={2402.01912},\n      archivePrefix={arXiv},\n      primaryClass={cs.SD}\n}"
  ],
  "Contact": {
    "Author": [
      "HuggingFace audio team",
      "AI4Bharat team"
    ],
    "Email": "Not provided",
    "Community": "Not provided"
  },
  "Technical_Requirements": {
    "Software": [
      "Python",
      "parler_tts",
      "torch",
      "transformers"
    ],
    "Hardware": {
      "CPU": "Not provided",
      "GPU": "Not provided",
      "RAM": "Not provided",
      "Storage": "Not provided"
    }
  },
  "Access_and_Distribution": {
    "Download_Link": "Not provided",
    "Model_Variants": []
  },
  "Dataset": {
    "Name": "Indic-Parler Dataset (components: GLOBE, IndicTTS, LIMMITS, Rasa)",
    "Sources": [
      "ai4b-hf/GLOBE-annotated",
      "https://huggingface.co/parler-tts"
    ],
    "Description": "A large-scale multilingual speech corpus designed to train the Indic Parler-TTS model, supporting 16 official languages of India, English, and Chhattisgarhi."
  },
  "Model_Architecture": {
    "Architecture_Type": "Not provided",
    "Base_Architecture": "Parler-TTS Mini",
    "Number_Parameters": "Not provided",
    "Parameters": "Not provided",
    "Input_Type": "Text",
    "Output_Type": "Audio"
  },
  "Training_Details": {
    "Training_Data": "Indic-Parler Dataset",
    "Preprocessing": "Uses a better prompt tokenizer with a larger vocabulary and byte fallback to simplify multilingual training.",
    "Hyperparameters": "Not provided"
  },
  "Evaluation": {
    "Evaluation_Data": "Not provided",
    "Performance_Metrics": {
      "Assamese NSS Finetuned (%)": 87.36,
      "Bengali NSS Finetuned (%)": 86.16,
      "Bodo NSS Finetuned (%)": 94.47,
      "Dogri NSS Finetuned (%)": 88.8,
      "Gujarati NSS Finetuned (%)": 75.36,
      "Hindi NSS Finetuned (%)": 84.79,
      "Kannada NSS Finetuned (%)": 88.17,
      "Konkani NSS Finetuned (%)": 76.6,
      "Maithili NSS Finetuned (%)": 95.36,
      "Malayalam NSS Finetuned (%)": 86.54,
      "Manipuri NSS Finetuned (%)": 85.63,
      "Marathi NSS Finetuned (%)": 76.96,
      "Nepali NSS Finetuned (%)": 80.02,
      "Odia NSS Finetuned (%)": 88.94,
      "Sanskrit NSS Finetuned (%)": 99.79,
      "Sindhi NSS Finetuned (%)": 76.46,
      "Tamil NSS Finetuned (%)": 75.48,
      "Telugu NSS Finetuned (%)": 88.54,
      "Urdu NSS Finetuned (%)": 77.75,
      "Kashmiri NSS Finetuned (%)": 55.3
    },
    "Source": "Not provided"
  },
  "Intended_Use": {
    "Task": [
      "text-to-speech"
    ]
  },
  "Bias_Risks_and_Limitations": {
    "Limitations": "Not provided"
  },
  "License": "Apache-2.0"
}