{
  "Model_Description": {
    "Name": "apple/DepthPro",
    "Description": "Depth Pro is a foundation model for zero-shot metric monocular depth estimation, synthesizing high-resolution depth maps with unparalleled sharpness and high-frequency details. It produces metric predictions with absolute scale without relying on camera intrinsics, and is fast, generating a 2.25-megapixel depth map in 0.3 seconds on a standard GPU."
  },
  "Model_Sources": {
    "Repository": "https://github.com/apple/ml-depth-pro",
    "Paper": "https://arxiv.org/abs/2410.02073",
    "Demo": "Not provided"
  },
  "Citation": "@article{Bochkovskii2024:arxiv,\n  author     = {Aleksei Bochkovskii and Ama\"{e}l Delaunoy and Hugo Germain and Marcel Santos and\n               Yichao Zhou and Stephan R. Richter and Vladlen Koltun}\n  title      = {Depth Pro: Sharp Monocular Metric Depth in Less Than a Second},\n  journal    = {arXiv},\n  year       = {2024},\n}",
  "Contact": {
    "Author": [
      "Aleksei Bochkovskii",
      "Amaël Delaunoy",
      "Hugo Germain",
      "Marcel Santos",
      "Yichao Zhou",
      "Stephan R. Richter",
      "Vladlen Koltun"
    ],
    "Email": "Not provided",
    "Community": "Not provided"
  },
  "Technical_Requirements": {
    "Software": [
      "huggingface-hub",
      "depth-pro",
      "PIL"
    ],
    "Hardware": {
      "CPU": "Not provided",
      "GPU": "standard GPU",
      "RAM": "Not provided",
      "Storage": "Not provided"
    }
  },
  "Access_and_Distribution": {
    "Download_Link": "Not provided",
    "Model_Variants": []
  },
  "Dataset": {
    "Name": "Not provided",
    "Sources": "Not provided",
    "Description": "Not provided"
  },
  "Model_Architecture": {
    "Architecture_Type": "multi-scale vision transformer",
    "Base_Architecture": "Not provided",
    "Number_Parameters": "Not provided",
    "Parameters": "Not provided",
    "Input_Type": "Image",
    "Output_Type": "Depth map"
  },
  "Training_Details": {
    "Training_Data": "real and synthetic datasets",
    "Preprocessing": "Not provided",
    "Hyperparameters": "Not provided"
  },
  "Evaluation": {
    "Evaluation_Data": "Not provided",
    "Performance_Metrics": "Not provided",
    "Source": "Not provided"
  },
  "Intended_Use": {
    "Task": [
      "depth-estimation",
      "monocular depth estimation"
    ]
  },
  "Bias_Risks_and_Limitations": {
    "Limitations": "The checkpoint in this repository is a reference implementation that has been re-trained, and its performance is close to but does not exactly match the model reported in the paper."
  },
  "License": "apple-amlr"
}