{
  "Model_Description": {
    "Name": "apple/DFN2B-CLIP-ViT-L-14",
    "Description": "A CLIP (Contrastive Language-Image Pre-training) model trained on DFN-2B, which consists of 2 billion images filtered from a larger pool of 12.8 billion uncurated image-text pairs. This model is converted from original JAX checkpoints and is usable in OpenCLIP for image and text processing."
  },
  "Model_Sources": {
    "Repository": "https://github.com/apple/axlearn",
    "Paper": "https://arxiv.org/abs/2309.17425",
    "Demo": "Not provided"
  },
  "Citation": "@article{fang2023data,\n  title={Data Filtering Networks},\n  author={Fang, Alex and Jose, Albin Madappally and Jain, Amit and Schmidt, Ludwig and Toshev, Alexander and Shankar, Vaishaal},\n  journal={arXiv preprint arXiv:2309.17425},\n  year={2023}\n}",
  "Contact": {
    "Author": [
      "Fang, Alex",
      "Jose, Albin Madappally",
      "Jain, Amit",
      "Schmidt, Ludwig",
      "Toshev, Alexander",
      "Shankar, Vaishaal"
    ],
    "Email": "Not provided",
    "Community": "Not provided"
  },
  "Technical_Requirements": {
    "Software": [
      "torch",
      "open_clip"
    ],
    "Hardware": {
      "CPU": "Not provided",
      "GPU": "Not provided",
      "RAM": "Not provided",
      "Storage": "Not provided"
    }
  },
  "Access_and_Distribution": {
    "Download_Link": "Not provided",
    "Model_Variants": []
  },
  "Dataset": {
    "Name": "DFN-2b",
    "Sources": "https://arxiv.org/abs/2309.17425",
    "Description": "DFN-2B is a dataset of 2 billion images filtered from a pool of 12.8 billion uncurated image-text pairs (CommonPool-12.8B) using Data Filtering Networks (DFNs)."
  },
  "Model_Architecture": {
    "Architecture_Type": "Contrastive Image-Text",
    "Base_Architecture": "ViT-L-14",
    "Number_Parameters": "Not provided",
    "Parameters": "Not provided",
    "Input_Type": "Image-Text",
    "Output_Type": "Probabilities"
  },
  "Training_Details": {
    "Training_Data": "DFN-2b",
    "Preprocessing": "Data Filtering Networks (DFNs) were used to automatically filter 2B images from a pool of 12.8B uncurated image-text pairs.",
    "Hyperparameters": "Not provided"
  },
  "Evaluation": {
    "Evaluation_Data": [
      "ImageNet 1k",
      "Caltech-101",
      "CIFAR-10",
      "CIFAR-100",
      "CLEVR Counts",
      "CLEVR Distance",
      "Country211",
      "Describable Textures",
      "EuroSAT",
      "FGVC Aircraft",
      "Food-101",
      "GTSRB",
      "ImageNet Sketch",
      "ImageNet v2",
      "ImageNet-A",
      "ImageNet-O",
      "ImageNet-R",
      "KITTI Vehicle Distance",
      "MNIST",
      "ObjectNet",
      "Oxford Flowers-102",
      "Oxford-IIIT Pet",
      "Pascal VOC 2007",
      "PatchCamelyon",
      "Rendered SST2",
      "RESISC45",
      "Stanford Cars",
      "STL-10",
      "SUN397",
      "SVHN",
      "Flickr",
      "MSCOCO",
      "WinoGAViL",
      "iWildCam",
      "Camelyon17",
      "FMoW",
      "Dollar Street",
      "GeoDE"
    ],
    "Performance_Metrics": {
      "ImageNet 1k": 0.81396,
      "Caltech-101": 0.953141,
      "CIFAR-10": 0.9836,
      "CIFAR-100": 0.8835,
      "CLEVR Counts": 0.3338,
      "CLEVR Distance": 0.248733,
      "Country211": 0.28237,
      "Describable Textures": 0.66117,
      "EuroSAT": 0.646296,
      "FGVC Aircraft": 0.395945,
      "Food-101": 0.945861,
      "GTSRB": 0.616152,
      "ImageNet Sketch": 0.683311,
      "ImageNet v2": 0.7453,
      "ImageNet-A": 0.6676,
      "ImageNet-O": 0.3915,
      "ImageNet-R": 0.900033,
      "KITTI Vehicle Distance": 0.201125,
      "MNIST": 0.8468,
      "ObjectNet": 0.739367,
      "Oxford Flowers-102": 0.865822,
      "Oxford-IIIT Pet": 0.954941,
      "Pascal VOC 2007": 0.81644,
      "PatchCamelyon": 0.63028,
      "Rendered SST2": 0.551345,
      "RESISC45": 0.733175,
      "Stanford Cars": 0.947146,
      "STL-10": 0.976625,
      "SUN397": 0.754565,
      "SVHN": 0.653503,
      "Flickr": 0.8244,
      "MSCOCO": 0.570363,
      "WinoGAViL": 0.551645,
      "iWildCam": 0.18877,
      "Camelyon17": 0.626179,
      "FMoW": 0.222137,
      "Dollar Street": 0.688084,
      "GeoDE": 0.91023,
      "Average": 0.668558
    },
    "Source": "Not provided"
  },
  "Intended_Use": {
    "Task": [
      "Contrastive Image-Text",
      "Zero-Shot Image Classification"
    ]
  },
  "Bias_Risks_and_Limitations": {
    "Limitations": "Not provided"
  },
  "License": "apple-amlr"
}