{
  "Model_Description": {
    "Name": "apple/DFN2B-CLIP-ViT-B-16",
    "Description": "A CLIP (Contrastive Language-Image Pre-training) model trained on DFN-2B. This model was trained on 2B images that were filtered from a pool of 12.8B uncurated image-text pairs."
  },
  "Model_Sources": {
    "Repository": "Not provided",
    "Paper": "https://arxiv.org/abs/2309.17425",
    "Demo": "Not provided"
  },
  "Citation": "@article{fang2023data,\n  title={Data Filtering Networks},\n  author={Fang, Alex and Jose, Albin Madappally and Jain, Amit and Schmidt, Ludwig and Toshev, Alexander and Shankar, Vaishaal},\n  journal={arXiv preprint arXiv:2309.17425},\n  year={2023}\n}",
  "Contact": {
    "Author": [
      "Fang, Alex",
      "Jose, Albin Madappally",
      "Jain, Amit",
      "Schmidt, Ludwig",
      "Toshev, Alexander",
      "Shankar, Vaishaal"
    ],
    "Email": "Not provided",
    "Community": "Not provided"
  },
  "Technical_Requirements": {
    "Software": [
      "torch",
      "Pillow",
      "open_clip"
    ],
    "Hardware": {
      "CPU": "Not provided",
      "GPU": "Not provided",
      "RAM": "Not provided",
      "Storage": "Not provided"
    }
  },
  "Access_and_Distribution": {
    "Download_Link": "Not provided",
    "Model_Variants": []
  },
  "Dataset": {
    "Name": [
      "DFN-2b",
      "CommonPool-12.8B"
    ],
    "Sources": "Not provided",
    "Description": "DFNs are small networks used to automatically filter large pools of uncurated data. This model was trained on 2B images that were filtered from a pool of 12.8B uncurated image-text pairs."
  },
  "Model_Architecture": {
    "Architecture_Type": "Contrastive Image-Text",
    "Base_Architecture": "CLIP-ViT-B-16",
    "Number_Parameters": "Not provided",
    "Parameters": "Not provided",
    "Input_Type": "Image-Text",
    "Output_Type": "Text"
  },
  "Training_Details": {
    "Training_Data": [
      "DFN-2b",
      "CommonPool-12.8B"
    ],
    "Preprocessing": "Data filtered using Data Filtering Networks (DFNs) from a pool of 12.8B uncurated image-text pairs to 2B images.",
    "Hyperparameters": "Not provided"
  },
  "Evaluation": {
    "Evaluation_Data": [
      "ImageNet 1k",
      "Caltech-101",
      "CIFAR-10",
      "CIFAR-100",
      "CLEVR Counts",
      "CLEVR Distance",
      "Country211",
      "Describable Textures",
      "EuroSAT",
      "FGVC Aircraft",
      "Food-101",
      "GTSRB",
      "ImageNet Sketch",
      "ImageNet v2",
      "ImageNet-A",
      "ImageNet-O",
      "ImageNet-R",
      "KITTI Vehicle Distance",
      "MNIST",
      "ObjectNet",
      "Oxford Flowers-102",
      "Oxford-IIIT Pet",
      "Pascal VOC 2007",
      "PatchCamelyon",
      "Rendered SST2",
      "RESISC45",
      "Stanford Cars",
      "STL-10",
      "SUN397",
      "SVHN",
      "Flickr",
      "MSCOCO",
      "WinoGAViL",
      "iWildCam",
      "Camelyon17",
      "FMoW",
      "Dollar Street",
      "GeoDE",
      "Average"
    ],
    "Performance_Metrics": {
      "ImageNet 1k": 0.76236,
      "Caltech-101": 0.942894,
      "CIFAR-10": 0.9672,
      "CIFAR-100": 0.8347,
      "CLEVR Counts": 0.232333,
      "CLEVR Distance": 0.245267,
      "Country211": 0.19545,
      "Describable Textures": 0.575532,
      "EuroSAT": 0.54,
      "FGVC Aircraft": 0.248503,
      "Food-101": 0.91303,
      "GTSRB": 0.469913,
      "ImageNet Sketch": 0.620684,
      "ImageNet v2": 0.682,
      "ImageNet-A": 0.482133,
      "ImageNet-O": 0.493,
      "ImageNet-R": 0.830967,
      "KITTI Vehicle Distance": 0.192686,
      "MNIST": 0.782,
      "ObjectNet": 0.631851,
      "Oxford Flowers-102": 0.819895,
      "Oxford-IIIT Pet": 0.936907,
      "Pascal VOC 2007": 0.788528,
      "PatchCamelyon": 0.521545,
      "Rendered SST2": 0.486546,
      "RESISC45": 0.61381,
      "Stanford Cars": 0.90735,
      "STL-10": 0.97525,
      "SUN397": 0.714162,
      "SVHN": 0.598955,
      "Flickr": 0.7728,
      "MSCOCO": 0.518773,
      "WinoGAViL": 0.541748,
      "iWildCam": 0.155574,
      "Camelyon17": 0.499283,
      "FMoW": 0.141149,
      "Dollar Street": 0.625,
      "GeoDE": 0.891023,
      "Average": 0.609232
    },
    "Source": "Not provided"
  },
  "Intended_Use": {
    "Task": [
      "Contrastive Image-Text",
      "Zero-Shot Image Classification"
    ]
  },
  "Bias_Risks_and_Limitations": {
    "Limitations": "Not provided"
  },
  "License": "apple-amlr"
}