{
  "Model_Description": {
    "Name": "apple/DFN5B-CLIP-ViT-H-14",
    "Description": "A CLIP (Contrastive Language-Image Pre-training) model trained on DFN-5B. This model was trained on 5B images that were filtered from a pool of 43B uncurated image-text pairs."
  },
  "Model_Sources": {
    "Repository": "https://github.com/apple/axlearn",
    "Paper": "https://arxiv.org/abs/2309.17425",
    "Demo": "Not provided"
  },
  "Citation": "@article{fang2023data,\n  title={Data Filtering Networks},\n  author={Fang, Alex and Jose, Albin Madappally and Jain, Amit and Schmidt, Ludwig and Toshev, Alexander and Shankar, Vaishaal},\n  journal={arXiv preprint arXiv:2309.17425},\n  year={2023}\n}",
  "Contact": {
    "Author": [
      "Alex Fang",
      "Albin Madappally Jose",
      "Amit Jain",
      "Ludwig Schmidt",
      "Alexander Toshev",
      "Vaishaal Shankar"
    ],
    "Email": "Not provided",
    "Community": "Not provided"
  },
  "Technical_Requirements": {
    "Software": [
      "torch",
      "PIL",
      "open_clip"
    ],
    "Hardware": {
      "CPU": "Not provided",
      "GPU": "Not provided",
      "RAM": "Not provided",
      "Storage": "Not provided"
    }
  },
  "Access_and_Distribution": {
    "Download_Link": "Not provided",
    "Model_Variants": []
  },
  "Dataset": {
    "Name": "DFN-5b",
    "Sources": "Not provided",
    "Description": "DFN-5B is a dataset of 5B images that were filtered from a pool of 43B uncurated image-text pairs (12.8B image-text pairs from CommonPool-12.8B + 30B additional public image-text pairs)."
  },
  "Model_Architecture": {
    "Architecture_Type": "Contrastive Language-Image Pre-training (CLIP)",
    "Base_Architecture": "ViT-H-14",
    "Number_Parameters": "Not provided",
    "Parameters": "Not provided",
    "Input_Type": "Image-Text",
    "Output_Type": "Text"
  },
  "Training_Details": {
    "Training_Data": "DFN-5B",
    "Preprocessing": "Not provided",
    "Hyperparameters": "Not provided"
  },
  "Evaluation": {
    "Evaluation_Data": [
      "ImageNet 1k",
      "Caltech-101",
      "CIFAR-10",
      "CIFAR-100",
      "CLEVR Counts",
      "CLEVR Distance",
      "Country211",
      "Describable Textures",
      "EuroSAT",
      "FGVC Aircraft",
      "Food-101",
      "GTSRB",
      "ImageNet Sketch",
      "ImageNet v2",
      "ImageNet-A",
      "ImageNet-O",
      "ImageNet-R",
      "KITTI Vehicle Distance",
      "MNIST",
      "ObjectNet",
      "Oxford Flowers-102",
      "Oxford-IIIT Pet",
      "Pascal VOC 2007",
      "PatchCamelyon",
      "Rendered SST2",
      "RESISC45",
      "Stanford Cars",
      "STL-10",
      "SUN397",
      "SVHN",
      "Flickr",
      "MSCOCO",
      "WinoGAViL",
      "iWildCam",
      "Camelyon17",
      "FMoW",
      "Dollar Street",
      "GeoDE"
    ],
    "Performance_Metrics": {
      "ImageNet 1k": 0.8344,
      "Caltech-101": 0.954935,
      "CIFAR-10": 0.9878,
      "CIFAR-100": 0.9051,
      "CLEVR Counts": 0.2966,
      "CLEVR Distance": 0.2124,
      "Country211": 0.343981,
      "Describable Textures": 0.706383,
      "EuroSAT": 0.654815,
      "FGVC Aircraft": 0.714055,
      "Food-101": 0.956792,
      "GTSRB": 0.677514,
      "ImageNet Sketch": 0.727308,
      "ImageNet v2": 0.773,
      "ImageNet-A": 0.6988,
      "ImageNet-O": 0.381,
      "ImageNet-R": 0.929367,
      "KITTI Vehicle Distance": 0.336146,
      "MNIST": 0.8579,
      "ObjectNet": 0.765156,
      "Oxford Flowers-102": 0.899534,
      "Oxford-IIIT Pet": 0.965515,
      "Pascal VOC 2007": 0.818309,
      "PatchCamelyon": 0.653625,
      "Rendered SST2": 0.546403,
      "RESISC45": 0.750476,
      "Stanford Cars": 0.957592,
      "STL-10": 0.989,
      "SUN397": 0.769149,
      "SVHN": 0.676168,
      "Flickr": 0.8645,
      "MSCOCO": 0.631112,
      "WinoGAViL": 0.556329,
      "iWildCam": 0.205549,
      "Camelyon17": 0.705034,
      "FMoW": 0.207482,
      "Dollar Street": 0.699766,
      "GeoDE": 0.928184,
      "Average": 0.698347
    },
    "Source": "Not provided"
  },
  "Intended_Use": {
    "Task": [
      "Contrastive Image-Text",
      "Zero-Shot Image Classification"
    ]
  },
  "Bias_Risks_and_Limitations": {
    "Limitations": "Not provided"
  },
  "License": "apple-amlr"
}