{
  "Model_Description": {
    "Name": "apple/DFN5B-CLIP-ViT-H-14-378",
    "Description": "A CLIP (Contrastive Language-Image Pre-training) model trained on DFN-5B. It was trained on 5B images filtered from a pool of 43B uncurated image-text pairs and is usable in OpenCLIP."
  },
  "Model_Sources": {
    "Repository": "https://github.com/apple/axlearn",
    "Paper": "https://arxiv.org/abs/2309.17425",
    "Demo": "Not provided"
  },
  "Citation": "@article{fang2023data,\n  title={Data Filtering Networks},\n  author={Fang, Alex and Jose, Albin Madappally and Jain, Amit and Schmidt, Ludwig and Toshev, Alexander and Shankar, Vaishaal},\n  journal={arXiv preprint arXiv:2309.17425},\n  year={2023}\n}",
  "Contact": {
    "Author": [
      "Fang, Alex",
      "Jose, Albin Madappally",
      "Jain, Amit",
      "Schmidt, Ludwig",
      "Toshev, Alexander",
      "Shankar, Vaishaal"
    ],
    "Email": "Not provided",
    "Community": "Not provided"
  },
  "Technical_Requirements": {
    "Software": [
      "torch",
      "open_clip",
      "PIL"
    ],
    "Hardware": {
      "CPU": "Not provided",
      "GPU": "Not provided",
      "RAM": "Not provided",
      "Storage": "Not provided"
    }
  },
  "Access_and_Distribution": {
    "Download_Link": "Not provided",
    "Model_Variants": []
  },
  "Dataset": {
    "Name": "DFN-5b",
    "Sources": [
      "https://arxiv.org/abs/2309.17425"
    ],
    "Description": "DFN-5B is a dataset of 5B images filtered from a pool of 43B uncurated image-text pairs (12.8B image-text pairs from CommonPool-12.8B + 30B additional public image-text pairs) using Data Filtering Networks."
  },
  "Model_Architecture": {
    "Architecture_Type": "Contrastive Language-Image Pre-training (CLIP)",
    "Base_Architecture": "ViT-H-14",
    "Number_Parameters": "Not provided",
    "Parameters": "Not provided",
    "Input_Type": "Image-Text",
    "Output_Type": "Probabilities"
  },
  "Training_Details": {
    "Training_Data": "DFN-5b",
    "Preprocessing": "Data filtered from 43B uncurated image-text pairs using Data Filtering Networks to create DFN-5B. Samples seen during training: 39B (224 x 224) + 5B (384 x 384).",
    "Hyperparameters": "Not provided"
  },
  "Evaluation": {
    "Evaluation_Data": [
      "ImageNet 1k",
      "Caltech-101",
      "CIFAR-10",
      "CIFAR-100",
      "CLEVR Counts",
      "CLEVR Distance",
      "Country211",
      "Describable Textures",
      "EuroSAT",
      "FGVC Aircraft",
      "Food-101",
      "GTSRB",
      "ImageNet Sketch",
      "ImageNet v2",
      "ImageNet-A",
      "ImageNet-O",
      "ImageNet-R",
      "KITTI Vehicle Distance",
      "MNIST",
      "ObjectNet",
      "Oxford Flowers-102",
      "Oxford-IIIT Pet",
      "Pascal VOC 2007",
      "PatchCamelyon",
      "Rendered SST2",
      "RESISC45",
      "Stanford Cars",
      "STL-10",
      "SUN397",
      "SVHN",
      "Flickr",
      "MSCOCO",
      "WinoGAViL",
      "iWildCam",
      "Camelyon17",
      "FMoW",
      "Dollar Street",
      "GeoDE"
    ],
    "Performance_Metrics": {
      "ImageNet 1k": 0.84218,
      "Caltech-101": 0.954479,
      "CIFAR-10": 0.9879,
      "CIFAR-100": 0.9041,
      "CLEVR Counts": 0.362467,
      "CLEVR Distance": 0.206067,
      "Country211": 0.37673,
      "Describable Textures": 0.71383,
      "EuroSAT": 0.608333,
      "FGVC Aircraft": 0.719938,
      "Food-101": 0.963129,
      "GTSRB": 0.679018,
      "ImageNet Sketch": 0.73338,
      "ImageNet v2": 0.7837,
      "ImageNet-A": 0.7992,
      "ImageNet-O": 0.3785,
      "ImageNet-R": 0.937633,
      "KITTI Vehicle Distance": 0.38256,
      "MNIST": 0.8372,
      "ObjectNet": 0.796867,
      "Oxford Flowers-102": 0.896834,
      "Oxford-IIIT Pet": 0.966841,
      "Pascal VOC 2007": 0.826255,
      "PatchCamelyon": 0.695953,
      "Rendered SST2": 0.566722,
      "RESISC45": 0.755079,
      "Stanford Cars": 0.959955,
      "STL-10": 0.991125,
      "SUN397": 0.772799,
      "SVHN": 0.671251,
      "Flickr": 0.8808,
      "MSCOCO": 0.636889,
      "WinoGAViL": 0.571813,
      "iWildCam": 0.224911,
      "Camelyon17": 0.711536,
      "FMoW": 0.209024,
      "Dollar Street": 0.71729,
      "GeoDE": 0.935699,
      "Average": 0.709421
    },
    "Source": "Not provided"
  },
  "Intended_Use": {
    "Task": [
      "Contrastive Image-Text",
      "Zero-Shot Image Classification"
    ]
  },
  "Bias_Risks_and_Limitations": {
    "Limitations": "Not provided"
  },
  "License": "apple-amlr"
}