{
  "Model_Description": {
    "Name": "apple/MobileCLIP-S2-OpenCLIP",
    "Description": "MobileCLIP is a family of fast image-text models introduced through multi-modal reinforced training. This repository contains the MobileCLIP-S2 checkpoint for OpenCLIP."
  },
  "Model_Sources": {
    "Repository": "https://github.com/apple/ml-mobileclip",
    "Paper": "https://arxiv.org/pdf/2311.17049.pdf",
    "Demo": "Not provided"
  },
  "Citation": "Not provided",
  "Contact": {
    "Author": [
      "Pavan Kumar Anasosalu Vasu",
      "Hadi Pouransari",
      "Fartash Faghri",
      "Raviteja Vemulapalli",
      "Oncel Tuzel"
    ],
    "Email": "Not provided",
    "Community": "Not provided"
  },
  "Technical_Requirements": {
    "Software": "open_clip",
    "Hardware": {
      "CPU": "Not provided",
      "GPU": "Not provided",
      "RAM": "Not provided",
      "Storage": "Not provided"
    }
  },
  "Access_and_Distribution": {
    "Download_Link": "https://hf.co/pcuenq/MobileCLIP-S2",
    "Model_Variants": [
      {
        "Name": "MobileCLIP-S0",
        "Link": "https://hf.co/pcuenq/MobileCLIP-S0",
        "Type": "Not provided",
        "Size": "Not provided",
        "Notes": "Obtains similar zero-shot performance as OpenAI's ViT-B/16 model while being 4.8x faster and 2.8x smaller."
      },
      {
        "Name": "MobileCLIP-S1",
        "Link": "https://hf.co/pcuenq/MobileCLIP-S1",
        "Type": "Not provided",
        "Size": "Not provided",
        "Notes": "Not provided"
      },
      {
        "Name": "MobileCLIP-S2",
        "Link": "https://hf.co/pcuenq/MobileCLIP-S2",
        "Type": "Not provided",
        "Size": "Not provided",
        "Notes": "Obtains better avg zero-shot performance than SigLIP's ViT-B/16 model while being 2.3x faster and 2.1x smaller, and trained with 3x less seen samples."
      },
      {
        "Name": "MobileCLIP-B",
        "Link": "https://hf.co/pcuenq/MobileCLIP-B",
        "Type": "Not provided",
        "Size": "Not provided",
        "Notes": "Not provided"
      },
      {
        "Name": "MobileCLIP-B (LT)",
        "Link": "https://hf.co/pcuenq/MobileCLIP-B-LT",
        "Type": "Not provided",
        "Size": "Not provided",
        "Notes": "Attains zero-shot ImageNet performance of 77.2% which is significantly better than recent works like DFN and SigLIP with similar architectures or even OpenAI's ViT-L/14@336."
      }
    ]
  },
  "Dataset": {
    "Name": "ImageNet-1k",
    "Sources": "Not provided",
    "Description": "Not provided"
  },
  "Model_Architecture": {
    "Architecture_Type": "Dual-Encoder (Image-Text)",
    "Base_Architecture": "Vision Transformer (ViT) based",
    "Number_Parameters": "99.1M",
    "Parameters": "Not provided",
    "Input_Type": "Image-Text",
    "Output_Type": "Embeddings"
  },
  "Training_Details": {
    "Training_Data": "Not provided",
    "Preprocessing": "Not provided",
    "Hyperparameters": "Not provided"
  },
  "Evaluation": {
    "Evaluation_Data": [
      "ImageNet-1k"
    ],
    "Performance_Metrics": {
      "IN-1k Zero-Shot Top-1 Acc.": 74.4,
      "Avg. Perf. on 38 datasets": 63.7
    },
    "Source": "Not provided"
  },
  "Intended_Use": {
    "Task": [
      "zero-shot-image-classification"
    ]
  },
  "Bias_Risks_and_Limitations": {
    "Limitations": "Not provided"
  },
  "License": "apple-amlr"
}