{
  "Model_Description": {
    "Name": "apple/mobilevit-small",
    "Description": "MobileViT is a light-weight, low latency convolutional neural network that combines MobileNetV2-style layers with a new block that replaces local processing in convolutions with global processing using transformers. It is pre-trained on ImageNet-1k at resolution 256x256."
  },
  "Model_Sources": {
    "Repository": "https://github.com/apple/ml-cvnets",
    "Paper": "https://arxiv.org/abs/2110.02178",
    "Demo": "Not provided"
  },
  "Citation": "@inproceedings{vision-transformer,\ntitle = {MobileViT: Light-weight, General-purpose, and Mobile-friendly Vision Transformer},\nauthor = {Sachin Mehta and Mohammad Rastegari},\nyear = {2022},\nURL = {https://arxiv.org/abs/2110.02178}\n}",
  "Contact": {
    "Author": [
      "Sachin Mehta",
      "Mohammad Rastegari"
    ],
    "Email": "Not provided",
    "Community": "Not provided"
  },
  "Technical_Requirements": {
    "Software": [
      "transformers",
      "PIL",
      "requests",
      "PyTorch"
    ],
    "Hardware": {
      "CPU": "Not provided",
      "GPU": "NVIDIA GPUs",
      "RAM": "Not provided",
      "Storage": "Not provided"
    }
  },
  "Access_and_Distribution": {
    "Download_Link": "Not provided",
    "Model_Variants": [
      {
        "Name": "MobileViT-XXS",
        "Link": "https://huggingface.co/apple/mobilevit-xx-small",
        "Type": "Not provided",
        "Size": "Not provided",
        "Notes": "Not provided"
      },
      {
        "Name": "MobileViT-XS",
        "Link": "https://huggingface.co/apple/mobilevit-x-small",
        "Type": "Not provided",
        "Size": "Not provided",
        "Notes": "Not provided"
      }
    ]
  },
  "Dataset": {
    "Name": "ImageNet-1k",
    "Sources": "https://huggingface.co/datasets/imagenet-1k",
    "Description": "A dataset consisting of 1 million images and 1,000 classes."
  },
  "Model_Architecture": {
    "Architecture_Type": "Convolutional Neural Network, Vision Transformer",
    "Base_Architecture": "MobileNetV2",
    "Number_Parameters": "5.6 M",
    "Parameters": {
      "input_processing": "flattened patches for transformer layers",
      "positional_embeddings": "None",
      "training_input_resolution_sampling": [
        "160x160",
        "192x192",
        "256x256",
        "288x288",
        "320x320"
      ],
      "inference_input_resolution_resize": "288x288",
      "inference_input_resolution_crop": "256x256"
    },
    "Input_Type": "Image",
    "Output_Type": "Class label"
  },
  "Training_Details": {
    "Training_Data": "ImageNet-1k",
    "Preprocessing": "Data augmentation: random resized cropping, horizontal flipping. Multi-scale sampler for training: image sizes randomly sampled from (160, 160), (192, 192), (256, 256), (288, 288), (320, 320). Inference preprocessing: images resized/rescaled to 288x288, center-cropped at 256x256. Pixel normalization: [0, 1]. Pixel order: BGR.",
    "Hyperparameters": {
      "epochs": 300,
      "gpus": "8 NVIDIA GPUs",
      "effective_batch_size": 1024,
      "learning_rate_warmup_steps": "3k",
      "learning_rate_scheduler": "cosine annealing",
      "loss_function": "label smoothing cross-entropy loss",
      "regularization": "L2 weight decay",
      "training_resolution_range": "160x160 to 320x320"
    }
  },
  "Evaluation": {
    "Evaluation_Data": "ImageNet-1k",
    "Performance_Metrics": {
      "ImageNet top-1 accuracy": 78.4,
      "ImageNet top-5 accuracy": 94.1
    },
    "Source": "Not provided"
  },
  "Intended_Use": {
    "Task": [
      "image classification"
    ]
  },
  "Bias_Risks_and_Limitations": {
    "Limitations": "Not provided"
  },
  "License": "Apple sample code license"
}