{
  "Model_Description": {
    "Name": "apple/OpenELM-1_1B-Instruct",
    "Description": "OpenELM is a family of Open Efficient Language Models that use a layer-wise scaling strategy for efficient parameter allocation, leading to enhanced accuracy. This specific model is an instruction-tuned version with 1.1 billion parameters."
  },
  "Model_Sources": {
    "Repository": "https://github.com/apple/corenet",
    "Paper": "https://arxiv.org/abs/2404.14619v1",
    "Demo": "Not provided"
  },
  "Citation": [
    "@article{mehtaOpenELMEfficientLanguage2024,\n\ttitle = {{OpenELM}: {An} {Efficient} {Language} {Model} {Family} with {Open} {Training} and {Inference} {Framework}},\n\tshorttitle = {{OpenELM}},\n\turl = {https://arxiv.org/abs/2404.14619v1},\n\tlanguage = {en},\n\turldate = {2024-04-24},\n\tjournal = {arXiv.org},\n\tauthor = {Mehta, Sachin and Sekhavat, Mohammad Hossein and Cao, Qingqing and Horton, Maxwell and Jin, Yanzi and Sun, Chenfan and Mirzadeh, Iman and Najibi, Mahyar and Belenko, Dmitry and Zatloukal, Peter and Rastegari, Mohammad},\n\tmonth = apr,\n\tyear = {2024},\n}",
    "@inproceedings{mehta2022cvnets, \n     author = {Mehta, Sachin and Abdolhosseini, Farzad and Rastegari, Mohammad}, \n     title = {CVNets: High Performance Library for Computer Vision}, \n     year = {2022}, \n     booktitle = {Proceedings of the 30th ACM International Conference on Multimedia}, \n     series = {MM '22} \n}"
  ],
  "Contact": {
    "Author": [
      "Sachin Mehta",
      "Mohammad Hossein Sekhavat",
      "Qingqing Cao",
      "Maxwell Horton",
      "Yanzi Jin",
      "Chenfan Sun",
      "Iman Mirzadeh",
      "Mahyar Najibi",
      "Dmitry Belenko",
      "Peter Zatloukal",
      "Mohammad Rastegari"
    ],
    "Email": "Not provided",
    "Community": "Not provided"
  },
  "Technical_Requirements": {
    "Software": [
      "Python",
      "lm-evaluation-harness",
      "datasets@git+https://github.com/huggingface/datasets.git@66d6242",
      "tokenizers>=0.15.2",
      "transformers>=4.38.2",
      "sentencepiece>=0.2.0"
    ],
    "Hardware": {
      "CPU": "Not provided",
      "GPU": "NVIDIA GPU",
      "RAM": "Not provided",
      "Storage": "Not provided"
    }
  },
  "Access_and_Distribution": {
    "Download_Link": "",
    "Model_Variants": [
      {
        "Name": "OpenELM-270M",
        "Link": "https://huggingface.co/apple/OpenELM-270M",
        "Type": "Pretrained",
        "Size": "Not provided",
        "Notes": "Not provided"
      },
      {
        "Name": "OpenELM-270M-Instruct",
        "Link": "https://huggingface.co/apple/OpenELM-270M-Instruct",
        "Type": "Instruction-tuned",
        "Size": "Not provided",
        "Notes": "Not provided"
      },
      {
        "Name": "OpenELM-450M",
        "Link": "https://huggingface.co/apple/OpenELM-450M",
        "Type": "Pretrained",
        "Size": "Not provided",
        "Notes": "Not provided"
      },
      {
        "Name": "OpenELM-450M-Instruct",
        "Link": "https://huggingface.co/apple/OpenELM-450M-Instruct",
        "Type": "Instruction-tuned",
        "Size": "Not provided",
        "Notes": "Not provided"
      },
      {
        "Name": "OpenELM-1_1B",
        "Link": "https://huggingface.co/apple/OpenELM-1_1B",
        "Type": "Pretrained",
        "Size": "Not provided",
        "Notes": "Not provided"
      },
      {
        "Name": "OpenELM-1_1B-Instruct",
        "Link": "https://huggingface.co/apple/OpenELM-1_1B-Instruct",
        "Type": "Instruction-tuned",
        "Size": "Not provided",
        "Notes": "Not provided"
      },
      {
        "Name": "OpenELM-3B",
        "Link": "https://huggingface.co/apple/OpenELM-3B",
        "Type": "Pretrained",
        "Size": "Not provided",
        "Notes": "Not provided"
      },
      {
        "Name": "OpenELM-3B-Instruct",
        "Link": "https://huggingface.co/apple/OpenELM-3B-Instruct",
        "Type": "Instruction-tuned",
        "Size": "Not provided",
        "Notes": "Not provided"
      }
    ]
  },
  "Dataset": {
    "Name": [
      "RefinedWeb",
      "deduplicated PILE",
      "RedPajama",
      "Dolma v1.6"
    ],
    "Sources": "Not provided",
    "Description": "A pre-training dataset totaling approximately 1.8 trillion tokens, composed of RefinedWeb, deduplicated PILE, a subset of RedPajama, and a subset of Dolma v1.6."
  },
  "Model_Architecture": {
    "Architecture_Type": "Transformer",
    "Base_Architecture": "OpenELM",
    "Number_Parameters": "1.1B",
    "Parameters": "Not provided",
    "Input_Type": "Text",
    "Output_Type": "Text"
  },
  "Training_Details": {
    "Training_Data": [
      "RefinedWeb",
      "deduplicated PILE",
      "RedPajama",
      "Dolma v1.6"
    ],
    "Preprocessing": "Not provided",
    "Hyperparameters": "Not provided"
  },
  "Evaluation": {
    "Evaluation_Data": [
      "ARC-c",
      "ARC-e",
      "BoolQ",
      "HellaSwag",
      "PIQA",
      "SciQ",
      "WinoGrande",
      "MMLU",
      "TruthfulQA",
      "CrowS-Pairs",
      "RACE"
    ],
    "Performance_Metrics": {
      "ARC-c (Zero-Shot)": 37.97,
      "ARC-e (Zero-Shot)": 52.23,
      "BoolQ (Zero-Shot)": 70.0,
      "HellaSwag (Zero-Shot)": 71.2,
      "PIQA (Zero-Shot)": 75.03,
      "SciQ (Zero-Shot)": 89.3,
      "WinoGrande (Zero-Shot)": 62.75,
      "Average (Zero-Shot)": 65.5,
      "ARC-c (LLM360)": 41.55,
      "HellaSwag (LLM360)": 71.83,
      "MMLU (LLM360)": 25.65,
      "TruthfulQA (LLM360)": 45.95,
      "WinoGrande (LLM360)": 64.72,
      "Average (LLM360)": 49.94,
      "ARC-c (OpenLLM Leaderboard)": 41.55,
      "CrowS-Pairs (OpenLLM Leaderboard)": 71.02,
      "HellaSwag (OpenLLM Leaderboard)": 71.83,
      "MMLU (OpenLLM Leaderboard)": 25.65,
      "PIQA (OpenLLM Leaderboard)": 75.03,
      "RACE (OpenLLM Leaderboard)": 39.43,
      "TruthfulQA (OpenLLM Leaderboard)": 45.95,
      "WinoGrande (OpenLLM Leaderboard)": 64.72,
      "Average (OpenLLM Leaderboard)": 54.4
    },
    "Source": "https://github.com/EleutherAI/lm-evaluation-harness"
  },
  "Intended_Use": {
    "Task": [
      "Language modeling",
      "Instruction following",
      "Text generation"
    ]
  },
  "Bias_Risks_and_Limitations": {
    "Limitations": "The models are released without safety guarantees and may produce inaccurate, harmful, biased, or objectionable outputs. Users must perform thorough safety testing and implement filtering mechanisms."
  },
  "License": "apple-amlr"
}