{
  "Model_Description": {
    "Name": "alibaba-pai/Wan2.1-Fun-14B-Control",
    "Description": "Wan2.1-Fun-14B video control weights, supporting various control conditions like Canny, Depth, Pose, MLSD, and trajectory control. It supports multi-resolution (512, 768, 1024) video prediction, trained with 81 frames at 16 frames per second, and supports multi-language prediction."
  },
  "Model_Sources": {
    "Repository": "https://github.com/aigc-apps/VideoX-Fun",
    "Paper": "Not provided",
    "Demo": "https://huggingface.co/spaces/alibaba-pai/Wan2.1-Fun-1.3B-InP"
  },
  "Citation": "Not provided",
  "Contact": {
    "Author": "Not provided",
    "Email": "Not provided",
    "Community": [
      "https://huggingface.co/spaces/alibaba-pai/Wan2.1-Fun-1.3B-InP",
      "https://github.com/aigc-apps/VideoX-Fun"
    ]
  },
  "Technical_Requirements": {
    "Software": [
      "Python 3.10",
      "Python 3.11",
      "PyTorch 2.2.0",
      "CUDA 11.8",
      "CUDA 12.1",
      "CUDNN 8+"
    ],
    "Hardware": {
      "CPU": "Not provided",
      "GPU": [
        "Nvidia-3060 12G",
        "Nvidia-3090 24G",
        "Nvidia-V100 16G",
        "Nvidia-A10 24G",
        "Nvidia-A100 40G",
        "Nvidia-A100 80G"
      ],
      "RAM": "Not provided",
      "Storage": "60GB+"
    }
  },
  "Access_and_Distribution": {
    "Download_Link": "https://huggingface.co/alibaba-pai/Wan2.1-Fun-14B-Control",
    "Model_Variants": [
      {
        "Name": "Wan2.1-Fun-1.3B-InP",
        "Link": "https://huggingface.co/alibaba-pai/Wan2.1-Fun-1.3B-InP",
        "Type": "InP",
        "Size": "19.0 GB",
        "Notes": "Wan2.1-Fun-1.3B text-to-image-to-video weights, trained with multi-resolution, supports start/end image prediction."
      },
      {
        "Name": "Wan2.1-Fun-14B-InP",
        "Link": "https://huggingface.co/alibaba-pai/Wan2.1-Fun-14B-InP",
        "Type": "InP",
        "Size": "47.0 GB",
        "Notes": "Wan2.1-Fun-14B text-to-image-to-video weights, trained with multi-resolution, supports start/end image prediction."
      },
      {
        "Name": "Wan2.1-Fun-1.3B-Control",
        "Link": "https://huggingface.co/alibaba-pai/Wan2.1-Fun-1.3B-Control",
        "Type": "Control",
        "Size": "19.0 GB",
        "Notes": "Wan2.1-Fun-1.3B video control weights, supporting various control conditions like Canny, Depth, Pose, MLSD, and trajectory control. Supports multi-resolution (512, 768, 1024) video prediction, trained with 81 frames at 16 frames per second, and supports multi-language prediction."
      },
      {
        "Name": "Wan2.1-Fun-14B-Control",
        "Link": "https://huggingface.co/alibaba-pai/Wan2.1-Fun-14B-Control",
        "Type": "Control",
        "Size": "47.0 GB",
        "Notes": "Wan2.1-Fun-14B video control weights, supporting various control conditions like Canny, Depth, Pose, MLSD, and trajectory control. Supports multi-resolution (512, 768, 1024) video prediction, trained with 81 frames at 16 frames per second, and supports multi-language prediction."
      }
    ]
  },
  "Dataset": {
    "Name": "Not provided",
    "Sources": "Not provided",
    "Description": "Not provided"
  },
  "Model_Architecture": {
    "Architecture_Type": "Not provided",
    "Base_Architecture": "Not provided",
    "Number_Parameters": "14B",
    "Parameters": "Not provided",
    "Input_Type": [
      "Text",
      "Image",
      "Video",
      "Control Maps"
    ],
    "Output_Type": "Video"
  },
  "Training_Details": {
    "Training_Data": "Not provided",
    "Preprocessing": [
      "Multi-resolution training",
      "Video prediction at resolutions 512, 768, 1024",
      "Trained with 81 frames at 16 frames per second"
    ],
    "Hyperparameters": "Not provided"
  },
  "Evaluation": {
    "Evaluation_Data": "Not provided",
    "Performance_Metrics": "Not provided",
    "Source": "Not provided"
  },
  "Intended_Use": {
    "Task": [
      "Text-to-Video Generation",
      "Image-to-Video Generation",
      "Controlled Video Generation"
    ]
  },
  "Bias_Risks_and_Limitations": {
    "Limitations": "The model has very large parameters, requiring VRAM saving solutions for consumer-grade GPUs. Quantization (qfloat8) can save VRAM but may partially reduce model performance."
  },
  "License": "Apache-2.0"
}