{
  "Model_Description": {
    "Name": "alsgyu/sentiment-analysis-fine-tuned-model",
    "Description": "이 모델은 AI 허브 한국어 감정 데이터셋을 활용하여 Hugging Face의 beomi/KcBERT-base 모델을 파인튜닝한 감정 분석 모델입니다. 한국어 텍스트의 감정을 긍정, 부정, 중립 등으로 분류할 수 있도록 설계되었습니다."
  },
  "Model_Sources": {
    "Repository": "https://github.com/alsgyu/finetunning_huggingface",
    "Paper": "Not provided",
    "Demo": "Not provided"
  },
  "Citation": "Not provided",
  "Contact": {
    "Author": "Not provided",
    "Email": "Not provided",
    "Community": [
      "https://github.com/alsgyu/finetunning_huggingface"
    ]
  },
  "Technical_Requirements": {
    "Software": [
      "Hugging Face Transformers",
      "Jupyter Notebook"
    ],
    "Hardware": {
      "CPU": "Not provided",
      "GPU": "Not provided",
      "RAM": "Not provided",
      "Storage": "Not provided"
    }
  },
  "Access_and_Distribution": {
    "Download_Link": "Not provided",
    "Model_Variants": []
  },
  "Dataset": {
    "Name": "AI 허브 한국어 감정 데이터셋",
    "Sources": "Not provided",
    "Description": "다양한 상황에서 감정을 나타내는 한국어 텍스트를 포함하고 있으며, 레이블이 사전에 정의되어 있습니다."
  },
  "Model_Architecture": {
    "Architecture_Type": "Not provided",
    "Base_Architecture": "beomi/KcBERT-base",
    "Number_Parameters": "Not provided",
    "Parameters": "Not provided",
    "Input_Type": "Text",
    "Output_Type": "Text"
  },
  "Training_Details": {
    "Training_Data": "AI 허브 한국어 감정 데이터셋",
    "Preprocessing": "텍스트 정규화와 레이블 인코딩을 통해 모델 학습에 적합한 형태로 데이터를 준비했습니다.",
    "Hyperparameters": "Not provided"
  },
  "Evaluation": {
    "Evaluation_Data": "Not provided",
    "Performance_Metrics": "Not provided",
    "Source": "Not provided"
  },
  "Intended_Use": {
    "Task": [
      "감정 분석"
    ]
  },
  "Bias_Risks_and_Limitations": {
    "Limitations": "Not provided"
  },
  "License": "MIT"
}