{
  "Model_Description": {
    "Name": "Swahili MMS TTS - Finetuned",
    "Description": "This is a fine-tuned version of the Facebook MMS (Massively Multilingual Speech) model for Swahili Text-to-Speech (TTS). The model was fine-tuned to improve Swahili pronunciation and performance using custom audio datasets."
  },
  "Model_Sources": {
    "Repository": "https://github.com/benny-png/Swahili-model-for-Audio-Text-to-Speech",
    "Paper": "Not provided",
    "Demo": "Not provided"
  },
  "Citation": "Not provided",
  "Contact": {
    "Author": "Benjamin-png",
    "Email": "Not provided",
    "Community": [
      "https://colab.research.google.com/drive/1dK1a814UqDnXnM5Rz6NBmk-vmhdN9M4f#scrollTo=iG6IrVva27uT"
    ]
  },
  "Technical_Requirements": {
    "Software": [
      "torch",
      "transformers",
      "numpy",
      "soundfile",
      "scipy",
      "pydub"
    ],
    "Hardware": {
      "CPU": "Not provided",
      "GPU": "Not provided",
      "RAM": "Not provided",
      "Storage": "Not provided"
    }
  },
  "Access_and_Distribution": {
    "Download_Link": "Not provided",
    "Model_Variants": []
  },
  "Dataset": {
    "Name": "custom dataset of Swahili voice samples",
    "Sources": "Not provided",
    "Description": "custom dataset of Swahili voice samples to improve the fluency and accuracy of the original MMS model in Swahili."
  },
  "Model_Architecture": {
    "Architecture_Type": "VITS",
    "Base_Architecture": "Facebook MMS",
    "Number_Parameters": "Not provided",
    "Parameters": "Not provided",
    "Input_Type": "Text",
    "Output_Type": "Audio"
  },
  "Training_Details": {
    "Training_Data": "custom dataset of Swahili voice samples",
    "Preprocessing": "Not provided",
    "Hyperparameters": "Not provided"
  },
  "Evaluation": {
    "Evaluation_Data": "Not provided",
    "Performance_Metrics": "Not provided",
    "Source": "Not provided"
  },
  "Intended_Use": {
    "Task": [
      "Text-to-Speech"
    ]
  },
  "Bias_Risks_and_Limitations": {
    "Limitations": "Not provided"
  },
  "License": "Apache-2.0"
}