{
  "Model_Description": {
    "Name": "bookbot/distil-ast-audioset",
    "Description": "Distil Audio Spectrogram Transformer AudioSet is an audio classification model based on the Audio Spectrogram Transformer architecture. This model is a distilled version of MIT/ast-finetuned-audioset-10-10-0.4593 on the AudioSet dataset."
  },
  "Model_Sources": {
    "Repository": "https://huggingface.co/bookbot/distil-ast-audioset/tree/main",
    "Paper": "https://arxiv.org/abs/2104.01778",
    "Demo": "Not provided"
  },
  "Citation": "Not provided",
  "Contact": {
    "Author": [
      "Ananto Joyoadikusumo",
      "David Samuel Setiawan",
      "Wilson Wongso"
    ],
    "Email": "Not provided",
    "Community": "Not provided"
  },
  "Technical_Requirements": {
    "Software": [
      "Transformers 4.27.0.dev0",
      "Pytorch 1.13.1+cu117",
      "Datasets 2.10.0",
      "Tokenizers 0.13.2"
    ],
    "Hardware": {
      "CPU": "Not provided",
      "GPU": "Tesla A100 GPU",
      "RAM": "Not provided",
      "Storage": "Not provided"
    }
  },
  "Access_and_Distribution": {
    "Download_Link": "Not provided",
    "Model_Variants": []
  },
  "Dataset": {
    "Name": "AudioSet",
    "Sources": "https://research.google.com/audioset/download.html",
    "Description": "Not provided"
  },
  "Model_Architecture": {
    "Architecture_Type": "Audio Spectrogram Transformer",
    "Base_Architecture": "Audio Spectrogram Transformer",
    "Number_Parameters": "44M",
    "Parameters": "Not provided",
    "Input_Type": "Audio",
    "Output_Type": "Text"
  },
  "Training_Details": {
    "Training_Data": "AudioSet",
    "Preprocessing": "Not provided",
    "Hyperparameters": {
      "learning_rate": "3e-05",
      "train_batch_size": 32,
      "eval_batch_size": 32,
      "seed": 0,
      "gradient_accumulation_steps": 4,
      "total_train_batch_size": 128,
      "optimizer": "Adam with betas=(0.9,0.999) and epsilon=1e-08",
      "lr_scheduler_type": "linear",
      "lr_scheduler_warmup_ratio": 0.1,
      "num_epochs": 10.0,
      "mixed_precision_training": "Native AMP"
    }
  },
  "Evaluation": {
    "Evaluation_Data": "AudioSet",
    "Performance_Metrics": {
      "F1": 0.4876,
      "Roc Auc": 0.714,
      "Accuracy": 0.0714,
      "mAP": 0.4743
    },
    "Source": "Not provided"
  },
  "Intended_Use": {
    "Task": [
      "audio-classification"
    ]
  },
  "Bias_Risks_and_Limitations": {
    "Limitations": "Biases from pre-training datasets may be carried over into the results of this model."
  },
  "License": "apache-2.0"
}