{
  "Model_Description": {
    "Name": "asapp/sew-d-tiny-100k-ft-ls100h",
    "Description": "This is a base model pretrained on 16kHz sampled speech audio. It is intended to be fine-tuned on downstream tasks such as Automatic Speech Recognition, Speaker Identification, Intent Classification, or Emotion Recognition."
  },
  "Model_Sources": {
    "Repository": "https://github.com/asappresearch/sew",
    "Paper": "https://arxiv.org/abs/2109.06870",
    "Demo": "Not provided"
  },
  "Citation": "Not provided",
  "Contact": {
    "Author": [
      "Felix Wu",
      "Kwangyoun Kim",
      "Jing Pan",
      "Kyu Han",
      "Kilian Q. Weinberger",
      "Yoav Artzi"
    ],
    "Email": "Not provided",
    "Community": "Not provided"
  },
  "Technical_Requirements": {
    "Software": [
      "transformers",
      "datasets",
      "soundfile",
      "torch",
      "jiwer"
    ],
    "Hardware": {
      "CPU": "Not provided",
      "GPU": "Not provided",
      "RAM": "Not provided",
      "Storage": "Not provided"
    }
  },
  "Access_and_Distribution": {
    "Download_Link": "Not provided",
    "Model_Variants": []
  },
  "Dataset": {
    "Name": "librispeech_asr",
    "Sources": "Not provided",
    "Description": "A dataset of speech audio and corresponding text transcripts, commonly used for Automatic Speech Recognition tasks."
  },
  "Model_Architecture": {
    "Architecture_Type": "SEW (Squeezed and Efficient Wav2vec)",
    "Base_Architecture": "wav2vec 2.0",
    "Number_Parameters": "Not provided",
    "Parameters": "Not provided",
    "Input_Type": "Audio",
    "Output_Type": "Text"
  },
  "Training_Details": {
    "Training_Data": "LibriSpeech",
    "Preprocessing": "Speech input sampled at 16Khz; uses `Wav2Vec2Processor` for tokenization, padding, and tensor conversion.",
    "Hyperparameters": "Not provided"
  },
  "Evaluation": {
    "Evaluation_Data": [
      "LibriSpeech (clean)",
      "LibriSpeech (other)"
    ],
    "Performance_Metrics": {
      "Test WER (clean)": 10.47,
      "Test WER (other)": 22.73
    },
    "Source": "Not provided"
  },
  "Intended_Use": {
    "Task": [
      "automatic-speech-recognition",
      "Speaker Identification",
      "Intent Classification"
    ]
  },
  "Bias_Risks_and_Limitations": {
    "Limitations": "This model is a base model and should be fine-tuned on a downstream task for optimal performance."
  },
  "License": "apache-2.0"
}