{
  "Model_Description": {
    "Name": "AI-Growth-Lab/PatentSBERTa",
    "Description": "This is a sentence-transformers model: It maps sentences & paragraphs to a 768 dimensional dense vector space and can be used for tasks like clustering or semantic search."
  },
  "Model_Sources": {
    "Repository": "https://github.com/AI-Growth-Lab/PatentSBERTa",
    "Paper": "https://arxiv.org/abs/2103.11933",
    "Demo": "Not provided"
  },
  "Citation": "@article{bekamiri2021patentsberta,\n  title={PatentSBERTa: A Deep NLP based Hybrid Model for Patent Distance and Classification using Augmented SBERT},\n  author={Bekamiri, Hamid and Hain, Daniel S and Jurowetzki, Roman},\n  journal={arXiv preprint arXiv:2103.11933},\n  year={2021}\n}",
  "Contact": {
    "Author": [
      "Bekamiri, Hamid",
      "Hain, Daniel S",
      "Jurowetzki, Roman"
    ],
    "Email": "Not provided",
    "Community": "Not provided"
  },
  "Technical_Requirements": {
    "Software": [
      "sentence-transformers",
      "transformers",
      "torch"
    ],
    "Hardware": {
      "CPU": "Not provided",
      "GPU": "Not provided",
      "RAM": "Not provided",
      "Storage": "Not provided"
    }
  },
  "Access_and_Distribution": {
    "Download_Link": "Not provided",
    "Model_Variants": []
  },
  "Dataset": {
    "Name": "Not provided",
    "Sources": "Not provided",
    "Description": "Not provided"
  },
  "Model_Architecture": {
    "Architecture_Type": "Transformer",
    "Base_Architecture": "MPNetModel",
    "Number_Parameters": "Not provided",
    "Parameters": {
      "max_seq_length": 512,
      "do_lower_case": false,
      "word_embedding_dimension": 768,
      "pooling_mode_cls_token": true,
      "pooling_mode_mean_tokens": false,
      "pooling_mode_max_tokens": false,
      "pooling_mode_mean_sqrt_len_tokens": false
    },
    "Input_Type": "Text",
    "Output_Type": "Vector"
  },
  "Training_Details": {
    "Training_Data": "Not provided",
    "Preprocessing": "Not provided",
    "Hyperparameters": {
      "batch_size": 16,
      "sampler": "torch.utils.data.sampler.RandomSampler",
      "batch_sampler": "torch.utils.data.sampler.BatchSampler",
      "epochs": 1,
      "evaluation_steps": 0,
      "evaluator": "NoneType",
      "max_grad_norm": 1,
      "optimizer_class": "<class 'transformers.optimization.AdamW'>",
      "lr": 2e-05,
      "scheduler": "WarmupLinear",
      "steps_per_epoch": null,
      "warmup_steps": 100,
      "weight_decay": 0.01
    }
  },
  "Evaluation": {
    "Evaluation_Data": "Not provided",
    "Performance_Metrics": "Not provided",
    "Source": "https://seb.sbert.net"
  },
  "Intended_Use": {
    "Task": [
      "sentence-similarity",
      "clustering",
      "semantic search"
    ]
  },
  "Bias_Risks_and_Limitations": {
    "Limitations": "Not provided"
  },
  "License": "Not provided"
}