{
  "Model_Description": {
    "Name": "Charangan/MedBERT",
    "Description": "MedBERT is a newly pre-trained transformer-based language model for biomedical named entity recognition, initialized with Bio_ClinicalBERT and pre-trained on N2C2, BioNLP, and CRAFT community datasets."
  },
  "Model_Sources": {
    "Repository": "https://huggingface.co/Charangan/MedBERT",
    "Paper": "https://ieeexplore.ieee.org/abstract/document/9980157",
    "Demo": "Not provided"
  },
  "Citation": "@INPROCEEDINGS{9980157,\n    author={Vasantharajan, Charangan and Tun, Kyaw Zin and Thi-Nga, Ho and Jain, Sparsh and Rong, Tong and Siong, Chng Eng},\n    booktitle={2022 Asia-Pacific Signal and Information Processing Association Annual Summit and Conference (APSIPA ASC)},\n    title={MedBERT: A Pre-trained Language Model for Biomedical Named Entity Recognition},\n    year={2022},\n    volume={},\n    number={},\n    pages={1482-1488},\n    doi={10.23919/APSIPAASC55919.2022.9980157}\n}",
  "Contact": {
    "Author": [
      "Vasantharajan, Charangan",
      "Tun, Kyaw Zin",
      "Thi-Nga, Ho",
      "Jain, Sparsh",
      "Rong, Tong",
      "Siong, Chng Eng"
    ],
    "Email": "Not provided",
    "Community": "Not provided"
  },
  "Technical_Requirements": {
    "Software": [
      "transformers"
    ],
    "Hardware": {
      "CPU": "Not provided",
      "GPU": "Not provided",
      "RAM": "Not provided",
      "Storage": "Not provided"
    }
  },
  "Access_and_Distribution": {
    "Download_Link": "Not provided",
    "Model_Variants": []
  },
  "Dataset": {
    "Name": [
      "NLP Clinical Challenges (N2C2)",
      "BioNLP",
      "CRAFT",
      "Wikipedia"
    ],
    "Sources": [
      "https://portal.dbmi.hms.harvard.edu/projects/n2c2-nlp/",
      "http://bionlp.sourceforge.net/index.shtml",
      "https://www.researchgate.net/publication/318175988_The_Colorado_Richly_Annotated_Full_Text_CRAFT_Corpus_Multi-Model_Annotation_in_the_Biomedical_Domain/"
    ],
    "Description": "A collection of clinical notes released in N2C2 2018 and N2C2 2022 challenges; articles released under the BioNLP project covering multiple biomedical disciplines; 67 full-text open-access biomedical journal articles from PubMed Central covering various biomedical domains; and crawled medical-related articles from Wikipedia."
  },
  "Model_Architecture": {
    "Architecture_Type": "transformer-based language model",
    "Base_Architecture": "Bio_ClinicalBERT",
    "Number_Parameters": "Not provided",
    "Parameters": "Not provided",
    "Input_Type": "Text",
    "Output_Type": "Text"
  },
  "Training_Details": {
    "Training_Data": [
      "N2C2",
      "BioNLP",
      "CRAFT",
      "Wikipedia"
    ],
    "Preprocessing": "Not provided",
    "Hyperparameters": {
      "batch_size": 32,
      "maximum_sequence_length": 256,
      "learning_rate": "1·10−4",
      "training_steps": 200000,
      "dup_factor": 5,
      "masked_language_model_probability": 0.15,
      "max_predictions_per_sequence": 22
    }
  },
  "Evaluation": {
    "Evaluation_Data": "Not provided",
    "Performance_Metrics": "Not provided",
    "Source": "Not provided"
  },
  "Intended_Use": {
    "Task": [
      "fill-mask",
      "biomedical named entity recognition"
    ]
  },
  "Bias_Risks_and_Limitations": {
    "Limitations": "Not provided"
  },
  "License": "MIT"
}