{
  "Model_Description": {
    "Name": "andreca/hunyuan3d-2.1xet",
    "Description": "This model is designed for generating 3D assets from images and text."
  },
  "Model_Sources": {
    "Repository": "https://github.com/Tencent-Hunyuan/Hunyuan3D-2.1",
    "Paper": "https://arxiv.org/abs/2506.15442",
    "Demo": "https://huggingface.co/spaces/tencent/Hunyuan3D-2.1"
  },
  "Citation": [
    "@misc{hunyuan3d2025hunyuan3d,\n    title={Hunyuan3D 2.1: From Images to High-Fidelity 3D Assets with Production-Ready PBR Material},\n    author={Team Hunyuan3D and Shuhui Yang and Mingxin Yang and Yifei Feng and Xin Huang and Sheng Zhang and Zebin He and Di Luo and Haolin Liu and Yunfei Zhao and Qingxiang Lin and Zeqiang Lai and Xianghui Yang and Huiwen Shi and Zibo Zhao and Bowen Zhang and Hongyu Yan and Lifu Wang and Sicong Liu and Jihong Zhang and Meng Chen and Liang Dong and Yiwen Jia and Yulin Cai and Jiaao Yu and Yixuan Tang and Dongyuan Guo and Junlin Yu and Hao Zhang and Zheng Ye and Peng He and Runzhou Wu and Shida Wei and Chao Zhang and Yonghao Tan and Yifu Sun and Lin Niu and Shirui Huang and Bojian Zheng and Shu Liu and Shilin Chen and Xiang Yuan and Xiaofeng Yang and Kai Liu and Jianchen Zhu and Peng Chen and Tian Liu and Di Wang and Yuhong Liu and Linus and Jie Jiang and Jingwei Huang and Chunchao Guo},\n    year={2025},\n    eprint={2506.15442},\n    archivePrefix={arXiv},\n    primaryClass={cs.CV}\n}",
    "@misc{hunyuan3d22025tencent,\n    title={Hunyuan3D 2.0: Scaling Diffusion Models for High Resolution Textured 3D Assets Generation},\n    author={Tencent Hunyuan3D Team},\n    year={2025},\n    eprint={2501.12202},\n    archivePrefix={arXiv},\n    primaryClass={cs.CV}\n}",
    "@misc{yang2024tencent,\n    title={Tencent Hunyuan3D-1.0: A Unified Framework for Text-to-3D and Image-to-3D Generation},\n    author={Tencent Hunyuan3D Team},\n    year={2024},\n    eprint={2411.02293},\n    archivePrefix={arXiv},\n    primaryClass={cs.CV}\n}"
  ],
  "Contact": {
    "Author": [
      "Team Hunyuan3D",
      "Shuhui Yang",
      "Mingxin Yang",
      "Yifei Feng",
      "Xin Huang",
      "Sheng Zhang",
      "Zebin He",
      "Di Luo",
      "Haolin Liu",
      "Yunfei Zhao",
      "Qingxiang Lin",
      "Zeqiang Lai",
      "Xianghui Yang",
      "Huiwen Shi",
      "Zibo Zhao",
      "Bowen Zhang",
      "Hongyu Yan",
      "Lifu Wang",
      "Sicong Liu",
      "Jihong Zhang",
      "Meng Chen",
      "Liang Dong",
      "Yiwen Jia",
      "Yulin Cai",
      "Jiaao Yu",
      "Yixuan Tang",
      "Dongyuan Guo",
      "Junlin Yu",
      "Hao Zhang",
      "Zheng Ye",
      "Peng He",
      "Runzhou Wu",
      "Shida Wei",
      "Chao Zhang",
      "Yonghao Tan",
      "Yifu Sun",
      "Lin Niu",
      "Shirui Huang",
      "Bojian Zheng",
      "Shu Liu",
      "Shilin Chen",
      "Xiang Yuan",
      "Xiaofeng Yang",
      "Kai Liu",
      "Jianchen Zhu",
      "Peng Chen",
      "Tian Liu",
      "Di Wang",
      "Yuhong Liu",
      "Linus",
      "Jie Jiang",
      "Jingwei Huang",
      "Chunchao Guo"
    ],
    "Email": "Not provided",
    "Community": [
      "https://discord.gg/GuaWYwzKbX"
    ]
  },
  "Technical_Requirements": {
    "Software": "Not provided",
    "Hardware": {
      "CPU": "Not provided",
      "GPU": "Not provided",
      "RAM": "Not provided",
      "Storage": "Not provided"
    }
  },
  "Access_and_Distribution": {
    "Download_Link": "Not provided",
    "Model_Variants": []
  },
  "Dataset": {
    "Name": "Not provided",
    "Sources": "Not provided",
    "Description": "Not provided"
  },
  "Model_Architecture": {
    "Architecture_Type": "Not provided",
    "Base_Architecture": "Not provided",
    "Number_Parameters": "Not provided",
    "Parameters": "Not provided",
    "Input_Type": "Not provided",
    "Output_Type": "Not provided"
  },
  "Training_Details": {
    "Training_Data": "Not provided",
    "Preprocessing": "Not provided",
    "Hyperparameters": "Not provided"
  },
  "Evaluation": {
    "Evaluation_Data": "Not provided",
    "Performance_Metrics": "Not provided",
    "Source": "Not provided"
  },
  "Intended_Use": {
    "Task": [
      "image-to-3d",
      "text-to-3d"
    ]
  },
  "Bias_Risks_and_Limitations": {
    "Limitations": "Not provided"
  },
  "License": "tencent-hunyuan-community"
}