{
  "Model_Description": {
    "Name": "Bingsu/adetailer",
    "Description": "This model card presents various YOLOv8 and YOLOv9 models for object detection and segmentation of faces, hands, persons, and clothing items."
  },
  "Model_Sources": {
    "Repository": "Not provided",
    "Paper": "Not provided",
    "Demo": "Not provided"
  },
  "Citation": "Not provided",
  "Contact": {
    "Author": "Not provided",
    "Email": "Not provided",
    "Community": "Not provided"
  },
  "Technical_Requirements": {
    "Software": [
      "huggingface_hub",
      "ultralytics",
      "cv2",
      "PIL"
    ],
    "Hardware": {
      "CPU": "Not provided",
      "GPU": "Not provided",
      "RAM": "Not provided",
      "Storage": "Not provided"
    }
  },
  "Access_and_Distribution": {
    "Download_Link": "Not provided",
    "Model_Variants": [
      {
        "Name": "face_yolov8n.pt",
        "Link": "https://huggingface.co/Bingsu/adetailer/resolve/main/face_yolov8n.pt",
        "Type": "Not provided",
        "Size": "Not provided",
        "Notes": "Target: 2D / realistic face"
      },
      {
        "Name": "face_yolov8n_v2.pt",
        "Link": "https://huggingface.co/Bingsu/adetailer/resolve/main/face_yolov8n_v2.pt",
        "Type": "Not provided",
        "Size": "Not provided",
        "Notes": "Target: 2D / realistic face"
      },
      {
        "Name": "face_yolov8s.pt",
        "Link": "https://huggingface.co/Bingsu/adetailer/resolve/main/face_yolov8s.pt",
        "Type": "Not provided",
        "Size": "Not provided",
        "Notes": "Target: 2D / realistic face"
      },
      {
        "Name": "face_yolov8m.pt",
        "Link": "https://huggingface.co/Bingsu/adetailer/resolve/main/face_yolov8m.pt",
        "Type": "Not provided",
        "Size": "Not provided",
        "Notes": "Target: 2D / realistic face"
      },
      {
        "Name": "face_yolov9c.pt",
        "Link": "https://huggingface.co/Bingsu/adetailer/resolve/main/face_yolov9c.pt",
        "Type": "Not provided",
        "Size": "Not provided",
        "Notes": "Target: 2D / realistic face"
      },
      {
        "Name": "hand_yolov8n.pt",
        "Link": "https://huggingface.co/Bingsu/adetailer/resolve/main/hand_yolov8n.pt",
        "Type": "Not provided",
        "Size": "Not provided",
        "Notes": "Target: 2D / realistic hand"
      },
      {
        "Name": "hand_yolov8s.pt",
        "Link": "https://huggingface.co/Bingsu/adetailer/resolve/main/hand_yolov8s.pt",
        "Type": "Not provided",
        "Size": "Not provided",
        "Notes": "Target: 2D / realistic hand"
      },
      {
        "Name": "hand_yolov9c.pt",
        "Link": "https://huggingface.co/Bingsu/adetailer/resolve/main/hand_yolov9c.pt",
        "Type": "Not provided",
        "Size": "Not provided",
        "Notes": "Target: 2D / realistic hand"
      },
      {
        "Name": "person_yolov8n-seg.pt",
        "Link": "https://huggingface.co/Bingsu/adetailer/resolve/main/person_yolov8n-seg.pt",
        "Type": "Not provided",
        "Size": "Not provided",
        "Notes": "Target: 2D / realistic person"
      },
      {
        "Name": "person_yolov8s-seg.pt",
        "Link": "https://huggingface.co/Bingsu/adetailer/resolve/main/person_yolov8s-seg.pt",
        "Type": "Not provided",
        "Size": "Not provided",
        "Notes": "Target: 2D / realistic person"
      },
      {
        "Name": "person_yolov8m-seg.pt",
        "Link": "https://huggingface.co/Bingsu/adetailer/resolve/main/person_yolov8m-seg.pt",
        "Type": "Not provided",
        "Size": "Not provided",
        "Notes": "Target: 2D / realistic person"
      },
      {
        "Name": "deepfashion2_yolov8s-seg.pt",
        "Link": "https://huggingface.co/Bingsu/adetailer/resolve/main/deepfashion2_yolov8s-seg.pt",
        "Type": "Not provided",
        "Size": "Not provided",
        "Notes": "Target: realistic clothes"
      }
    ]
  },
  "Dataset": {
    "Name": [
      "wider_face",
      "skytnt/anime-segmentation",
      "Anime Face CreateML",
      "xml2txt",
      "AN",
      "AnHDet",
      "hand-detection-fuao9",
      "coco2017",
      "AniSeg",
      "deepfashion2"
    ],
    "Sources": [
      "https://universe.roboflow.com/my-workspace-mph8o/anime-face-createml",
      "https://universe.roboflow.com/0oooooo0/xml2txt-njqx1",
      "https://universe.roboflow.com/sed-b8vkf/an-lfg5i",
      "http://shuoyang1213.me/WIDERFACE/index.html",
      "https://universe.roboflow.com/1-yshhi/anhdet",
      "https://universe.roboflow.com/catwithawand/hand-detection-fuao9",
      "https://cocodataset.org/#home",
      "https://github.com/jerryli27/AniSeg",
      "https://huggingface.co/datasets/skytnt/anime-segmentation",
      "https://github.com/switchablenorms/DeepFashion2"
    ],
    "Description": "Datasets used for training and evaluation of object detection and segmentation models for faces, hands, persons, and various clothing items."
  },
  "Model_Architecture": {
    "Architecture_Type": "Object Detection and Segmentation Network",
    "Base_Architecture": [
      "YOLOv8",
      "YOLOv9"
    ],
    "Number_Parameters": "Not provided",
    "Parameters": "Not provided",
    "Input_Type": "Image",
    "Output_Type": [
      "Bounding Box",
      "Segmentation Mask"
    ]
  },
  "Training_Details": {
    "Training_Data": [
      "wider_face",
      "skytnt/anime-segmentation",
      "Anime Face CreateML",
      "xml2txt",
      "AN",
      "AnHDet",
      "hand-detection-fuao9",
      "coco2017",
      "AniSeg",
      "deepfashion2"
    ],
    "Preprocessing": "Not provided",
    "Hyperparameters": "Not provided"
  },
  "Evaluation": {
    "Evaluation_Data": [
      "wider_face",
      "skytnt/anime-segmentation",
      "Anime Face CreateML",
      "xml2txt",
      "AN",
      "AnHDet",
      "hand-detection-fuao9",
      "coco2017",
      "AniSeg",
      "deepfashion2"
    ],
    "Performance_Metrics": "Not provided",
    "Source": "Not provided"
  },
  "Intended_Use": {
    "Task": [
      "Object Detection",
      "Image Segmentation"
    ]
  },
  "Bias_Risks_and_Limitations": {
    "Limitations": "Segmentation models may be classified as unsafe due to the use of `getattr` which is a dangerous pickle function, though files from the official ultralytics library are considered safe."
  },
  "License": "Apache-2.0"
}