{
  "Model_Description": {
    "Name": "aisingapore/Gemma-SEA-LION-v4-27B-IT",
    "Description": "SEA-LION is a collection of Large Language Models (LLMs) which have been pretrained and instruct-tuned for the Southeast Asia (SEA) region. Gemma-SEA-LION-v4-27B-IT has undergone post-training using a QA pairs dataset in Burmese, English, Indonesian, Khmer, Lao, Malay, Tagalog, Tamil, Thai and Vietnamese."
  },
  "Model_Sources": {
    "Repository": "https://github.com/aisingapore/sealion.git",
    "Paper": "Not provided",
    "Demo": "Not provided"
  },
  "Citation": "Not provided",
  "Contact": {
    "Author": "Products Pillar, AI Singapore",
    "Email": "sealion@aisingapore.org",
    "Community": "Not provided"
  },
  "Technical_Requirements": {
    "Software": [
      "transformers",
      "torch"
    ],
    "Hardware": {
      "CPU": "Not provided",
      "GPU": "Nvidia H200 140GB GPUs",
      "RAM": "Not provided",
      "Storage": "Not provided"
    }
  },
  "Access_and_Distribution": {
    "Download_Link": "Not provided",
    "Model_Variants": []
  },
  "Dataset": {
    "Name": [
      "SEA-Instruct",
      "Infinity-Instruct",
      "OpenMath-Instruct 2",
      "nvidia/Llama-Nemotron-Post-Training-Dataset",
      "zwhe99/DeepMath-103K",
      "SEA-HELM evaluation benchmark",
      "SEA-IFEval",
      "SEA-MTBench"
    ],
    "Sources": [
      "https://arxiv.org/abs/2502.14301",
      "https://arxiv.org/abs/2311.07911",
      "https://arxiv.org/abs/2306.05685"
    ],
    "Description": "The training dataset consists of QA pairs in various Southeast Asian languages, combining SEA-Instruct, Infinity-Instruct, OpenMath-Instruct 2, and open-source RL datasets. Evaluation datasets include SEA-HELM for general language capabilities, SEA-IFEval for instruction adherence, and SEA-MTBench for multi-turn chat."
  },
  "Model_Architecture": {
    "Architecture_Type": "Decoder",
    "Base_Architecture": "Gemma 3",
    "Number_Parameters": "27B",
    "Parameters": {
      "context_length": "128k tokens"
    },
    "Input_Type": "Text",
    "Output_Type": "Text"
  },
  "Training_Details": {
    "Training_Data": [
      "SEA-Instruct",
      "Infinity-Instruct",
      "OpenMath-Instruct 2",
      "nvidia/Llama-Nemotron-Post-Training-Dataset",
      "zwhe99/DeepMath-103K"
    ],
    "Preprocessing": "Tokenization uses the default Gemma 3 27B IT tokenizer. Alignment involves generating rejected-chosen pairs, with chosen responses improved from rejected outputs, and prompt sampling guided by gradient-based analysis.",
    "Hyperparameters": "Not provided"
  },
  "Evaluation": {
    "Evaluation_Data": [
      "SEA-HELM evaluation benchmark",
      "SEA-IFEval",
      "SEA-MTBench"
    ],
    "Performance_Metrics": "Not provided",
    "Source": [
      "https://leaderboard.sea-lion.ai/",
      "https://arxiv.org/abs/2502.14301",
      "https://arxiv.org/abs/2311.07911",
      "https://arxiv.org/abs/2306.05685"
    ]
  },
  "Intended_Use": {
    "Task": [
      "text-generation",
      "multi-turn chat",
      "instruction-following"
    ]
  },
  "Bias_Risks_and_Limitations": {
    "Limitations": "The model was not tested for robustness against adversarial prompting. It can hallucinate and generate irrelevant content, and users should exercise caution due to potential inconsistencies. Its vision capabilities are comparable to Gemma 3 IT 27B, with no significant improvements."
  },
  "License": "Gemma"
}