{
  "Model_Description": {
    "Name": "ai21labs/Jamba-v0.1",
    "Description": "Jamba is a state-of-the-art, hybrid SSM-Transformer LLM. It is a pretrained, mixture-of-experts (MoE) generative text model with 12B active parameters and a total of 52B parameters, supporting a 256K context length."
  },
  "Model_Sources": {
    "Repository": "https://huggingface.co/ai21labs/Jamba-v0.1",
    "Paper": "https://arxiv.org/abs/2403.19887",
    "Demo": "Not provided"
  },
  "Citation": "Not provided",
  "Contact": {
    "Author": "AI21",
    "Email": "Not provided",
    "Community": "Not provided"
  },
  "Technical_Requirements": {
    "Software": [
      "transformers>=4.40.0",
      "mamba-ssm",
      "causal-conv1d>=1.2.0",
      "torch",
      "accelerate",
      "bitsandbytes"
    ],
    "Hardware": {
      "CPU": "Not provided",
      "GPU": "NVIDIA A100 80GB",
      "RAM": "Not provided",
      "Storage": "Not provided"
    }
  },
  "Access_and_Distribution": {
    "Download_Link": "https://huggingface.co/ai21labs/Jamba-v0.1",
    "Model_Variants": [
      {
        "Name": "Jamba-1.5-Mini",
        "Link": "https://huggingface.co/ai21labs/AI21-Jamba-1.5-Mini",
        "Type": "Not provided",
        "Size": "Not provided",
        "Notes": "instruct-tuned version"
      },
      {
        "Name": "Jamba-1.5-Large",
        "Link": "https://huggingface.co/ai21labs/AI21-Jamba-1.5-Large",
        "Type": "Not provided",
        "Size": "Not provided",
        "Notes": "scaled-up version"
      }
    ]
  },
  "Dataset": {
    "Name": "Not provided",
    "Sources": "Not provided",
    "Description": "Not provided"
  },
  "Model_Architecture": {
    "Architecture_Type": "hybrid SSM-Transformer LLM, mixture-of-experts (MoE)",
    "Base_Architecture": "Jamba (Joint Attention and Mamba)",
    "Number_Parameters": "52B",
    "Parameters": {
      "context_length": "256K"
    },
    "Input_Type": "Text",
    "Output_Type": "Text"
  },
  "Training_Details": {
    "Training_Data": "Not provided",
    "Preprocessing": "Not provided",
    "Hyperparameters": "Not provided"
  },
  "Evaluation": {
    "Evaluation_Data": "Not provided",
    "Performance_Metrics": {
      "HellaSwag": 87.1,
      "Arc Challenge": 64.4,
      "WinoGrande": 82.5,
      "PIQA": 83.2,
      "MMLU": 67.4,
      "BBH": 45.4,
      "TruthfulQA": 46.4,
      "GSM8K (CoT)": 59.9
    },
    "Source": "Not provided"
  },
  "Intended_Use": {
    "Task": [
      "Text Generation",
      "Fine-tuning"
    ]
  },
  "Bias_Risks_and_Limitations": {
    "Limitations": "The model did not undergo any alignment for instruct/chat interactions and lacks safety moderation mechanisms, requiring guardrails for responsible and safe use."
  },
  "License": "Apache-2.0"
}