{
  "error": "output_parser_failed",
  "raw_output": "```json\n{\n  \"Model_Description\": {\n    \"Name\": \"answerdotai/answerai-colbert-small-v1\",\n    \"Description\": \"answerai-colbert-small-v1 is a proof-of-concept multi-vector model by Answer.AI, demonstrating strong performance with the JaColBERTv2.5 training recipe. Despite having only 33 million parameters, it outperforms similarly-sized and even larger popular models on common benchmarks.\"\n  },\n  \"Model_Sources\": {\n    \"Repository\": \"Not provided\",\n    \"Paper\": \"https://arxiv.org/abs/2407.20750\",\n    \"Demo\": \"Not provided\"\n  },\n  \"Citation\": \"@article{clavie2024jacolbertv2,\\n  title={JaColBERTv2.5: Optimising Multi-Vector Retrievers to Create State-of-the-Art Japanese Retrievers with Constrained Resources},\\n  author={Clavi{\\'e}, Benjamin},\\n  journal={arXiv preprint arXiv:2407.20750},\\n  year={2024}\\n}\",\n  \"Contact\": {\n    \"Author\": \"Answer.AI\",\n    \"Email\": \"Not provided\",\n    \"Community\": \"Not provided\"\n  },\n  \"Technical_Requirements\": {\n    \"Software\": [\n      \"pip install --upgrade ragatouille\",\n      \"pip install --upgrade colbert-ai\",\n      \"pip install --upgrade rerankers[transformers]\"\n    ],\n    \"Hardware\": {\n      \"CPU\": \"Not provided\",\n      \"GPU\": \"Not provided\",\n      \"RAM\": \"Not provided\",\n      \"Storage\": \"Not provided\"\n    }\n  },\n  \"Access_and_Distribution\": {\n    \"Download_Link\": \"Not provided\",\n    \"Model_Variants\": []\n  },\n  \"Dataset\": {\n    \"Name\": \"BEIR AVG, FiQA2018, HotpotQA, MSMARCO, NQ, TRECCOVID, ArguAna, ClimateFEVER, CQADupstackRetrieval, DBPedia, FEVER, NFCorpus, QuoraRetrieval, SCIDOCS, SciFact, Touche2020\",\n    \"Sources\": \"Not provided\",\n    \"Description\": \"Not provided\"\n  },\n  \"Model_Architecture\": {\n    \"Architecture_Type\": \"ColBERT (Multi-vector model)\",\n    \"Base_Architecture\": \"MiniLM-sized\",\n    \"Number_Parameters\": \"33M\",\n    \"Parameters\": {\n      \"doc_maxlen\": 512,\n      \"nbits\": 2,\n      \"query_maxlen\": 32\n    },\n    \"Input_Type\": \"Text\",\n    \"Output_Type\": \"Numerical (scores/vectors)\"\n  },\n  \"Training_Details\": {\n    \"Training_Data\": \"Not provided\",\n    \"Preprocessing\": \"Document max length set to 512, query max length set to 32.\",\n    \"Hyperparameters\": {\n      \"nbits\": 2,\n      \"bsize\": 16\n    }\n  },\n  \"Evaluation\": {\n    \"Evaluation_Data\": \"BEIR AVG, FiQA2018, HotpotQA, MSMARCO, NQ, TRECCOVID, ArguAna, ClimateFEVER, CQADupstackRetrieval, DBPedia, FEVER, NFCorpus, QuoraRetrieval, SCIDOCS, SciFact, Touche2020\",\n    \"Performance_Metrics\": {\n      \"BEIR AVG\": 53.79,\n      \"FiQA2018\": 41.15,\n      \"HotpotQA\": 76.11,\n      \"MSMARCO\": 43.5,\n      \"NQ\": 59.1,\n      \"TRECCOVID\": 84.59,\n      \"ArguAna\": 50.09,\n      \"ClimateFEVER\": 33.07,\n      \"CQADupstackRetrieval\": 38.75,\n      \"DBPedia\": 45.58,\n      \"FEVER\": 90.96,\n      \"NFCorpus\": 37.3,\n      \"QuoraRetrieval\": 87.72,\n      \"SCIDOCS\": 18.42,\n      \"SciFact\": 74.77,\n      \"Touche2020\": 25.69\n    },\n    \"Source\": \"Not provided\"\n  },\n  \"Intended_Use\": {\n    \"Task\": [\n      \"passage-retrieval\",\n      \"re-ranking\"\n    ]\n  },\n  \"Bias_Risks_and_Limitations\": {\n    \"Limitations\": \"Not provided\"\n  },\n  \"License\": \"apache-2.0\"\n}\n```"
}