{
  "Model_Description": {
    "Name": "answerdotai/ModernBERT-base",
    "Description": "ModernBERT is a modernized bidirectional encoder-only Transformer model (BERT-style) pre-trained on 2 trillion tokens of English and code data with a native context length of up to 8,192 tokens. It is ideal for tasks requiring processing long documents, code retrieval, and hybrid semantic search."
  },
  "Model_Sources": {
    "Repository": "https://huggingface.co/answerdotai/ModernBERT-base",
    "Paper": "https://arxiv.org/abs/2412.13663",
    "Demo": "Not provided"
  },
  "Citation": "@misc{modernbert,\n      title={Smarter, Better, Faster, Longer: A Modern Bidirectional Encoder for Fast, Memory Efficient, and Long Context Finetuning and Inference}, \n      author={Benjamin Warner and Antoine Chaffin and Benjamin Clavié and Orion Weller and Oskar Hallström and Said Taghadouini and Alexis Gallagher and Raja Biswas and Faisal Ladhak and Tom Aarsen and Nathan Cooper and Griffin Adams and Jeremy Howard and Iacopo Poli},\n      year={2024},\n      eprint={2412.13663},\n      archivePrefix={arXiv},\n      primaryClass={cs.CL},\n      url={https://arxiv.org/abs/2412.13663}, \n}",
  "Contact": {
    "Author": [
      "Benjamin Warner",
      "Antoine Chaffin",
      "Benjamin Clavié",
      "Orion Weller",
      "Oskar Hallström",
      "Said Taghadouini",
      "Alexis Gallagher",
      "Raja Biswas",
      "Faisal Ladhak",
      "Tom Aarsen",
      "Nathan Cooper",
      "Griffin Adams",
      "Jeremy Howard",
      "Iacopo Poli"
    ],
    "Email": "Not provided",
    "Community": "Not provided"
  },
  "Technical_Requirements": {
    "Software": [
      "transformers >= 4.48.0",
      "flash-attn"
    ],
    "Hardware": {
      "CPU": "Not provided",
      "GPU": "NVIDIA H100",
      "RAM": "Not provided",
      "Storage": "Not provided"
    }
  },
  "Access_and_Distribution": {
    "Download_Link": "https://huggingface.co/answerdotai/ModernBERT-base",
    "Model_Variants": [
      {
        "Name": "ModernBERT-base",
        "Link": "https://huggingface.co/answerdotai/ModernBERT-base",
        "Type": "Not provided",
        "Size": "Not provided",
        "Notes": "22 layers, 149 million parameters"
      },
      {
        "Name": "ModernBERT-large",
        "Link": "https://huggingface.co/answerdotai/ModernBERT-large",
        "Type": "Not provided",
        "Size": "Not provided",
        "Notes": "28 layers, 395 million parameters"
      }
    ]
  },
  "Dataset": {
    "Name": "Not provided",
    "Sources": "Not provided",
    "Description": "2 trillion tokens of English and code data"
  },
  "Model_Architecture": {
    "Architecture_Type": "Encoder-only Transformer",
    "Base_Architecture": "BERT-style",
    "Number_Parameters": "149M",
    "Parameters": {
      "layers": 22,
      "context_length": 8192,
      "positional_embeddings": "Rotary Positional Embeddings (RoPE)",
      "attention_mechanism": "Local-Global Alternating Attention",
      "efficiency_features": [
        "Unpadding",
        "Flash Attention"
      ],
      "activations": "GeGLU"
    },
    "Input_Type": "Text",
    "Output_Type": "Text"
  },
  "Training_Details": {
    "Training_Data": "2 trillion tokens of English and code data",
    "Preprocessing": "Not provided",
    "Hyperparameters": {
      "optimizer": "StableAdamW",
      "learning_rate_scheduling": "trapezoidal LR scheduling with 1-sqrt decay"
    }
  },
  "Evaluation": {
    "Evaluation_Data": [
      "GLUE",
      "BEIR",
      "MLDR",
      "CodeSearchNet",
      "StackQA"
    ],
    "Performance_Metrics": {
      "IR (DPR) BEIR": 41.6,
      "IR (DPR) MLDR_OOD": 27.4,
      "IR (DPR) MLDR_ID": 44.0,
      "IR (ColBERT) BEIR": 51.3,
      "IR (ColBERT) MLDR_OOD": 80.2,
      "NLU GLUE": 88.4,
      "Code CSN": 56.4,
      "Code SQA": 73.6
    },
    "Source": "Not provided"
  },
  "Intended_Use": {
    "Task": [
      "fill-mask",
      "retrieval",
      "classification"
    ]
  },
  "Bias_Risks_and_Limitations": {
    "Limitations": "Performance may be lower for languages other than English and code. Using the full 8,192 tokens window may be slower than short-context inference. The model may produce representations that reflect biases present in its training data."
  },
  "License": "Apache-2.0"
}