{
  "Model_Description": {
    "Name": "bclavie/JaColBERTv2",
    "Description": "JaColBERT version 2 is a Japanese-only document retrieval model based on ColBERT, offering strong out-of-domain generalisation and state-of-the-art performance after being trained on a single dataset (MMarco)."
  },
  "Model_Sources": {
    "Repository": "Not provided",
    "Paper": "https://arxiv.org/abs/2312.16144",
    "Demo": "Not provided"
  },
  "Citation": "@misc{clavié2023jacolbert,\n      title={JaColBERT and Hard Negatives, Towards Better Japanese-First Embeddings for Retrieval: Early Technical Report}, \n      author={Benjamin Clavié},\n      year={2023},\n      eprint={2312.16144},\n      archivePrefix={arXiv},\n      primaryClass={cs.CL}\n}",
  "Contact": {
    "Author": "Benjamin Clavié",
    "Email": "Not provided",
    "Community": [
      "https://github.com/bclavie/RAGatouille/tree/main/examples"
    ]
  },
  "Technical_Requirements": {
    "Software": [
      "ragatouille"
    ],
    "Hardware": {
      "CPU": "Not provided",
      "GPU": "Not provided",
      "RAM": "Not provided",
      "Storage": "Not provided"
    }
  },
  "Access_and_Distribution": {
    "Download_Link": "Not provided",
    "Model_Variants": []
  },
  "Dataset": {
    "Name": [
      "bclavie/mmarco-japanese-hard-negatives",
      "unicamp-dl/mmarco",
      "JQaRa",
      "JSQuAD"
    ],
    "Sources": [
      "bclavie/mmarco-japanese-hard-negatives",
      "unicamp-dl/mmarco",
      "https://huggingface.co/colbert-ir/colbertv2.0_msmarco_64way"
    ],
    "Description": "The model is trained on the Japanese split of MMARCO. Evaluation is performed on JQaRa, a passage retrieval task composed of questions and Wikipedia passages, and JSQuAD, the Japanese translation of SQuAD."
  },
  "Model_Architecture": {
    "Architecture_Type": "ColBERT-like approach, Transformer-based",
    "Base_Architecture": [
      "JaColBERT",
      "bert-base-japanese-v3"
    ],
    "Number_Parameters": "Not provided",
    "Parameters": "Not provided",
    "Input_Type": "Text",
    "Output_Type": "Text, Score"
  },
  "Training_Details": {
    "Training_Data": "japanese split of MMARCO",
    "Preprocessing": "Knowledge distillation from a cross-encoder model using ColBERTv2 style training; 31 negative examples per positive example (nway=32); downsampling original triplets from over 19 million to 8 million examples.",
    "Hyperparameters": {
      "batch_size": 32,
      "learning_rate": "1e-5",
      "warmup_steps": 20000,
      "epochs": 1,
      "training_steps": 250000
    }
  },
  "Evaluation": {
    "Evaluation_Data": [
      "JQaRa",
      "JSQuAD"
    ],
    "Performance_Metrics": {
      "JQaRa NDCG@10": 0.585,
      "JQaRa MRR@10": 0.836,
      "JQaRa NDCG@100": 0.753,
      "JQaRa MRR@100": 0.838,
      "JSQuAD R@1": 0.921,
      "JSQuAD R@5": 0.977,
      "JSQuAD R@10": 0.982
    },
    "Source": "Not provided"
  },
  "Intended_Use": {
    "Task": [
      "document retrieval",
      "sentence similarity",
      "RAG"
    ]
  },
  "Bias_Risks_and_Limitations": {
    "Limitations": "Full evaluation is still to be determined, and the model card information is currently minimal, awaiting a longer report and complete benchmarking."
  },
  "License": "MIT"
}