{
  "Model_Description": {
    "Name": "charactr/vocos-encodec-24khz",
    "Description": "Vocos is a fast neural vocoder designed to synthesize audio waveforms from acoustic features. Trained using a Generative Adversarial Network (GAN) objective, Vocos generates spectral coefficients for rapid audio reconstruction through inverse Fourier transform."
  },
  "Model_Sources": {
    "Repository": "https://huggingface.co/charactr/vocos-encodec-24khz",
    "Paper": "https://arxiv.org/abs/2306.00814",
    "Demo": "https://charactr-platform.github.io/vocos/"
  },
  "Citation": "@article{siuzdak2023vocos,\n  title={Vocos: Closing the gap between time-domain and Fourier-based neural vocoders for high-quality audio synthesis},\n  author={Siuzdak, Hubert},\n  journal={arXiv preprint arXiv:2306.00814},\n  year={2023}\n}",
  "Contact": {
    "Author": "Hubert Siuzdak",
    "Email": "Not provided",
    "Community": "Not provided"
  },
  "Technical_Requirements": {
    "Software": [
      "vocos",
      "torch",
      "torchaudio"
    ],
    "Hardware": {
      "CPU": "Not provided",
      "GPU": "Not provided",
      "RAM": "Not provided",
      "Storage": "Not provided"
    }
  },
  "Access_and_Distribution": {
    "Download_Link": "Not provided",
    "Model_Variants": []
  },
  "Dataset": {
    "Name": "Not provided",
    "Sources": "Not provided",
    "Description": "Not provided"
  },
  "Model_Architecture": {
    "Architecture_Type": "GAN-based neural vocoder",
    "Base_Architecture": "Not provided",
    "Number_Parameters": "Not provided",
    "Parameters": "Not provided",
    "Input_Type": "Acoustic features",
    "Output_Type": "Audio waveforms"
  },
  "Training_Details": {
    "Training_Data": "Not provided",
    "Preprocessing": "Audio resampling to 24000 Hz; Mix to mono; Feature extraction and quantization with EnCodec",
    "Hyperparameters": "Not provided"
  },
  "Evaluation": {
    "Evaluation_Data": "Not provided",
    "Performance_Metrics": "Not provided",
    "Source": "Not provided"
  },
  "Intended_Use": {
    "Task": [
      "Audio synthesis",
      "Audio reconstruction"
    ]
  },
  "Bias_Risks_and_Limitations": {
    "Limitations": "Not provided"
  },
  "License": "MIT"
}