{
  "Model_Description": {
    "Name": "akhooli/Arabic-SBERT-100K",
    "Description": "This is a sentence-transformers model finetuned from aubmindlab/bert-base-arabertv02. It maps sentences & paragraphs to a 768-dimensional dense vector space and can be used for semantic textual similarity, semantic search, paraphrase mining, text classification, clustering, and more."
  },
  "Model_Sources": {
    "Repository": "https://github.com/UKPLab/sentence-transformers",
    "Paper": "https://arxiv.org/abs/1908.10084",
    "Demo": "Not provided"
  },
  "Citation": [
    "@inproceedings{reimers-2019-sentence-bert,\n    title = \"Sentence-BERT: Sentence Embeddings using Siamese BERT-Networks\",\n    author = \"Reimers, Nils and Gurevych, Iryna\",\n    booktitle = \"Proceedings of the 2019 Conference on Empirical Methods in Natural Language Processing\",\n    month = \"11\",\n    year = \"2019\",\n    publisher = \"Association for Computational Linguistics\",\n    url = \"https://arxiv.org/abs/1908.10084\",\n}",
    "@misc{kusupati2024matryoshka,\n    title={Matryoshka Representation Learning}, \n    author={Aditya Kusupati and Gantavya Bhatt and Aniket Rege and Matthew Wallingford and Aditya Sinha and Vivek Ramanujan and William Howard-Snyder and Kaifeng Chen and Sham Kakade and Prateek Jain and Ali Farhadi},\n    year={2024},\n    eprint={2205.13147},\n    archivePrefix={arXiv},\n    primaryClass={cs.LG}\n}",
    "@misc{henderson2017efficient,\n    title={Efficient Natural Language Response Suggestion for Smart Reply}, \n    author={Matthew Henderson and Rami Al-Rfou and Brian Strope and Yun-hsuan Sung and Laszlo Lukacs and Ruiqi Guo and Sanjiv Kumar and Balint Miklos and Ray Kurzweil},\n    year={2017},\n    eprint={1705.00652},\n    archivePrefix={arXiv},\n    primaryClass={cs.CL}\n}"
  ],
  "Contact": {
    "Author": "akhooli",
    "Email": "Not provided",
    "Community": "Not provided"
  },
  "Technical_Requirements": {
    "Software": [
      "Python: 3.10.13",
      "Sentence Transformers: 3.0.1",
      "Transformers: 4.42.3",
      "PyTorch: 2.1.2",
      "Accelerate: 0.32.1",
      "Datasets: 2.20.0",
      "Tokenizers: 0.19.1"
    ],
    "Hardware": {
      "CPU": "Not provided",
      "GPU": "Not provided",
      "RAM": "Not provided",
      "Storage": "Not provided"
    }
  },
  "Access_and_Distribution": {
    "Download_Link": "Not provided",
    "Model_Variants": []
  },
  "Dataset": {
    "Name": "akhooli/arabic-triplets-1m-curated-sims-len",
    "Sources": "https://huggingface.co/datasets/akhooli/arabic-triplets-1m-curated-sims-len",
    "Description": "Dataset containing Arabic triplets (anchor, positive, negative) used for training and evaluation, with 75,000 training samples and 25,000 validation samples."
  },
  "Model_Architecture": {
    "Architecture_Type": "Sentence Transformer",
    "Base_Architecture": "aubmindlab/bert-base-arabertv02",
    "Number_Parameters": "Not provided",
    "Parameters": {
      "max_seq_length": 512,
      "output_dimensionality": 768,
      "similarity_function": "Cosine Similarity"
    },
    "Input_Type": "Text",
    "Output_Type": "Not provided"
  },
  "Training_Details": {
    "Training_Data": "akhooli/arabic-triplets-1m-curated-sims-len (75,000 samples)",
    "Preprocessing": "Not provided",
    "Hyperparameters": {
      "eval_strategy": "steps",
      "per_device_train_batch_size": 16,
      "per_device_eval_batch_size": 16,
      "learning_rate": "2e-05",
      "num_train_epochs": 5,
      "warmup_ratio": 0.1,
      "fp16": true,
      "batch_sampler": "no_duplicates",
      "loss": "MultipleNegativesRankingLoss",
      "matryoshka_dims": [
        768,
        512,
        256,
        128,
        64
      ],
      "matryoshka_weights": [
        1,
        1,
        1,
        1,
        1
      ],
      "n_dims_per_step": -1
    }
  },
  "Evaluation": {
    "Evaluation_Data": "Unnamed Dataset (25,000 samples)",
    "Performance_Metrics": "Not provided",
    "Source": "Not provided"
  },
  "Intended_Use": {
    "Task": [
      "semantic textual similarity",
      "semantic search",
      "paraphrase mining"
    ]
  },
  "Bias_Risks_and_Limitations": {
    "Limitations": "Not provided"
  },
  "License": "Not provided"
}