{
  "Model_Description": {
    "Name": "AbdulSami/bert-base-cased-cefr",
    "Description": "This repository contains a model trained to predict Common European Framework of Reference (CEFR) levels for a given text using a BERT-based model architecture."
  },
  "Model_Sources": {
    "Repository": "https://huggingface.co/AbdulSami/bert-base-cased-cefr",
    "Paper": "Not provided",
    "Demo": "Not provided"
  },
  "Citation": "Not provided",
  "Contact": {
    "Author": "Not provided",
    "Email": "Not provided",
    "Community": "Not provided"
  },
  "Technical_Requirements": {
    "Software": [
      "transformers"
    ],
    "Hardware": {
      "CPU": "Not provided",
      "GPU": "Not provided",
      "RAM": "Not provided",
      "Storage": "Not provided"
    }
  },
  "Access_and_Distribution": {
    "Download_Link": "Not provided",
    "Model_Variants": []
  },
  "Dataset": {
    "Name": "Alex123321/english_cefr_dataset",
    "Sources": "https://huggingface.co/datasets/Alex123321/english_cefr_dataset",
    "Description": "Not provided"
  },
  "Model_Architecture": {
    "Architecture_Type": "Encoder-only Transformer",
    "Base_Architecture": "bert-base-...",
    "Number_Parameters": "Not provided",
    "Parameters": "Not provided",
    "Input_Type": "Text",
    "Output_Type": "Text"
  },
  "Training_Details": {
    "Training_Data": "CEFR dataset",
    "Preprocessing": "Not provided",
    "Hyperparameters": "Not provided"
  },
  "Evaluation": {
    "Evaluation_Data": "Not provided",
    "Performance_Metrics": {
      "Training Loss": 0.2900624789151278,
      "Validation Loss": 0.557343
    },
    "Source": "Not provided"
  },
  "Intended_Use": {
    "Task": [
      "CEFR level prediction",
      "text classification"
    ]
  },
  "Bias_Risks_and_Limitations": {
    "Limitations": "Not provided"
  },
  "License": "Apache-2.0"
}