{
  "Model_Description": {
    "Name": "baffo32/decapoda-research-llama-7B-hf",
    "Description": "LLaMA is an auto-regressive language model based on the transformer architecture. This specific model is the 7B parameter version, converted to work with Transformers/HuggingFace."
  },
  "Model_Sources": {
    "Repository": "https://github.com/facebookresearch/llama",
    "Paper": "https://research.facebook.com/publications/llama-open-and-efficient-foundation-language-models/",
    "Demo": "Not provided"
  },
  "Citation": "Not provided",
  "Contact": {
    "Author": "The FAIR team of Meta AI",
    "Email": "Not provided",
    "Community": [
      "https://github.com/facebookresearch/llama"
    ]
  },
  "Technical_Requirements": {
    "Software": "Not provided",
    "Hardware": {
      "CPU": "Not provided",
      "GPU": "Not provided",
      "RAM": "Not provided",
      "Storage": "Not provided"
    }
  },
  "Access_and_Distribution": {
    "Download_Link": "Not provided",
    "Model_Variants": []
  },
  "Dataset": {
    "Name": [
      "CCNet",
      "C4",
      "GitHub",
      "Wikipedia",
      "Books",
      "ArXiv",
      "Stack Exchange",
      "BoolQ",
      "PIQA",
      "SIQA",
      "HellaSwag",
      "WinoGrande",
      "ARC",
      "OpenBookQA",
      "NaturalQuestions",
      "TriviaQA",
      "RACE",
      "MMLU",
      "BIG-bench hard",
      "GSM8k",
      "RealToxicityPrompts",
      "WinoGender",
      "CrowS-Pairs"
    ],
    "Sources": [
      "https://research.facebook.com/publications/llama-open-and-efficient-foundation-language-models/"
    ],
    "Description": "The model was trained using a mix of datasets including CCNet, C4, GitHub, Wikipedia, Books, ArXiv, and Stack Exchange, with Wikipedia and Books domains covering 20 languages. It was evaluated on various common sense reasoning, reading comprehension, and natural language understanding benchmarks, as well as datasets for measuring biases and toxicity."
  },
  "Model_Architecture": {
    "Architecture_Type": "Auto-regressive Transformer",
    "Base_Architecture": "LLaMA",
    "Number_Parameters": "7B",
    "Parameters": {
      "dimension": 4096,
      "n heads": 32,
      "n layers": 32,
      "n tokens": "1T"
    },
    "Input_Type": "Text",
    "Output_Type": "Text"
  },
  "Training_Details": {
    "Training_Data": [
      "CCNet",
      "C4",
      "GitHub",
      "Wikipedia",
      "Books",
      "ArXiv",
      "Stack Exchange"
    ],
    "Preprocessing": "Data from the Web was filtered based on its proximity to Wikipedia text and references, using a Kneser-Ney language model and a fastText linear classifier.",
    "Hyperparameters": {
      "learning_rate": "3.0E-04",
      "batch_size": "4M"
    }
  },
  "Evaluation": {
    "Evaluation_Data": [
      "BoolQ",
      "PIQA",
      "SIQA",
      "HellaSwag",
      "WinoGrande",
      "ARC",
      "OpenBookQA",
      "NaturalQuestions",
      "TriviaQA",
      "RACE",
      "MMLU",
      "BIG-bench hard",
      "GSM8k",
      "RealToxicityPrompts",
      "WinoGender",
      "CrowS-Pairs"
    ],
    "Performance_Metrics": {
      "BoolQ": 76.5,
      "PIQA": 79.8,
      "SIQA": 48.9,
      "HellaSwag": 76.1,
      "WinoGrande": 70.1,
      "ARC-e": 76.7,
      "ARC-c": 47.6,
      "OBQA": 57.2,
      "COPA": 93,
      "Gender bias": 70.6,
      "Religion bias": 79,
      "Race/Color bias": 57,
      "Sexual orientation bias": 81,
      "Age bias": 70.1,
      "Nationality bias": 64.2,
      "Disability bias": 66.7,
      "Physical appearance bias": 77.8,
      "Socioeconomic status bias": 71.5,
      "LLaMA Average bias": 66.6
    },
    "Source": "Not provided"
  },
  "Intended_Use": {
    "Task": [
      "question answering",
      "natural language understanding",
      "reading comprehension"
    ]
  },
  "Bias_Risks_and_Limitations": {
    "Limitations": "LLaMA is a foundational model not trained with human feedback, and thus may generate toxic, offensive, or incorrect information (hallucinations). It should not be used in downstream applications without further risk evaluation and mitigation, nor for decisions central to human life."
  },
  "License": "Non-commercial bespoke"
}