{
  "Model_Description": {
    "Name": "WizardLM-2-8x22B",
    "Description": "WizardLM-2 8x22B is a state-of-the-art large language model, part of the WizardLM-2 family, designed for improved performance on complex chat, multilingual, reasoning, and agent tasks. It demonstrates highly competitive performance compared to leading proprietary models and consistently outperforms existing state-of-the-art open-source models."
  },
  "Model_Sources": {
    "Repository": "https://github.com/nlpxucan/WizardLM",
    "Paper": [
      "https://arxiv.org/abs/2304.12244",
      "https://arxiv.org/abs/2306.08568",
      "https://arxiv.org/abs/2308.09583",
      "WizardLM-2 (Upcoming)"
    ],
    "Demo": "https://github.com/nlpxucan/WizardLM/tree/main/demo"
  },
  "Citation": "Not provided",
  "Contact": {
    "Author": "WizardLM@Microsoft AI",
    "Email": "Not provided",
    "Community": [
      "https://twitter.com/WizardLM_AI",
      "https://discord.gg/VZjjHtWrKs"
    ]
  },
  "Technical_Requirements": {
    "Software": "Not provided",
    "Hardware": {
      "CPU": "Not provided",
      "GPU": "Not provided",
      "RAM": "Not provided",
      "Storage": "Not provided"
    }
  },
  "Access_and_Distribution": {
    "Download_Link": "Not provided",
    "Model_Variants": []
  },
  "Dataset": {
    "Name": "Not provided",
    "Sources": "Not provided",
    "Description": "Not provided"
  },
  "Model_Architecture": {
    "Architecture_Type": "Mixture of Experts (MoE)",
    "Base_Architecture": "mistral-community/Mixtral-8x22B-v0.1",
    "Number_Parameters": "141B",
    "Parameters": "Not provided",
    "Input_Type": "Text",
    "Output_Type": "Text"
  },
  "Training_Details": {
    "Training_Data": "Not provided",
    "Preprocessing": "A fully AI powered synthetic training system was used to train the models.",
    "Hyperparameters": "Not provided"
  },
  "Evaluation": {
    "Evaluation_Data": [
      "IFEval (0-Shot)",
      "BBH (3-Shot)",
      "MATH Lvl 5 (4-Shot)",
      "GPQA (0-shot)",
      "MuSR (0-shot)",
      "MMLU-PRO (5-shot)"
    ],
    "Performance_Metrics": {
      "strict accuracy (IFEval (0-Shot))": 52.72,
      "normalized accuracy (BBH (3-Shot))": 48.58,
      "exact match (MATH Lvl 5 (4-Shot))": 22.28,
      "acc_norm (GPQA (0-shot))": 17.56,
      "acc_norm (MuSR (0-shot))": 14.54,
      "accuracy (MMLU-PRO (5-shot))": 39.96,
      "Avg.": 32.61
    },
    "Source": [
      "https://huggingface.co/spaces/open-llm-leaderboard/open_llm_leaderboard?query=alpindale/WizardLM-2-8x22B",
      "https://huggingface.co/datasets/open-llm-leaderboard/details_alpindale__WizardLM-2-8x22B"
    ]
  },
  "Intended_Use": {
    "Task": [
      "text-generation",
      "complex chat",
      "multilingual",
      "reasoning",
      "agent"
    ]
  },
  "Bias_Risks_and_Limitations": {
    "Limitations": "Not provided"
  },
  "License": "Apache-2.0"
}