{
  "Model_Description": {
    "Name": "1-800-BAD-CODE/punctuation_fullstop_truecase_english",
    "Description": "This model accepts as input lower-cased, unpunctuated English text and performs in one pass punctuation restoration, true-casing (capitalization), and sentence boundary detection (segmentation). It can predict punctuated acronyms and arbitrarily-capitalized words."
  },
  "Model_Sources": {
    "Repository": "https://github.com/1-800-BAD-CODE/punctuators",
    "Paper": "Not provided",
    "Demo": "Not provided"
  },
  "Citation": "Not provided",
  "Contact": {
    "Author": "Not provided",
    "Email": "Not provided",
    "Community": "Not provided"
  },
  "Technical_Requirements": {
    "Software": [
      "punctuators"
    ],
    "Hardware": {
      "CPU": "Not provided",
      "GPU": "NVIDIA A100",
      "RAM": "Not provided",
      "Storage": "Not provided"
    }
  },
  "Access_and_Distribution": {
    "Download_Link": "Not provided",
    "Model_Variants": []
  },
  "Dataset": {
    "Name": "News Crawl data from WMT",
    "Sources": "Not provided",
    "Description": "Approximately 10M lines were used from the years 2021 and 2012. The latter was used to attempt to reduce bias: annual news is typically dominated by a few topics, and 2021 is dominated by COVID discussions."
  },
  "Model_Architecture": {
    "Architecture_Type": "Transformer",
    "Base_Architecture": "Not provided",
    "Number_Parameters": "Not provided",
    "Parameters": {
      "number of layers": 6,
      "model dimension": 512,
      "vocabulary size": "32k",
      "maximum length": 256
    },
    "Input_Type": "Text",
    "Output_Type": "Text"
  },
  "Training_Details": {
    "Training_Data": "News Crawl data from WMT",
    "Preprocessing": "Text tokenized with a SentencePiece subword tokenizer (vocabulary size 32k). Input text is lower-cased and unpunctuated.",
    "Hyperparameters": "Not provided"
  },
  "Evaluation": {
    "Evaluation_Data": "held-out portion of News Crawl",
    "Performance_Metrics": {
      "Punctuation micro avg f1": 97.21,
      "Punctuation macro avg f1": 85.44,
      "True-casing micro avg f1 (predicted punctuation)": 99.5,
      "True-casing macro avg f1 (predicted punctuation)": 96.75,
      "SBD micro avg f1 (predicted punctuation)": 99.09,
      "SBD macro avg f1 (predicted punctuation)": 96.0
    },
    "Source": "Not provided"
  },
  "Intended_Use": {
    "Task": [
      "punctuation restoration",
      "true-casing",
      "sentence boundary detection"
    ]
  },
  "Bias_Risks_and_Limitations": {
    "Limitations": "This model was trained on news data, and may not perform well on conversational or informal data. The training data was noisy, leading to unpredictable acronym and abbreviation predictions and potential missed sentence boundaries."
  },
  "License": "Apache-2.0"
}