{
  "Model_Description": {
    "Name": "1-800-BAD-CODE/xlm-roberta_punctuation_fullstop_truecase",
    "Description": "This `xlm-roberta` model is fine-tuned to restore punctuation, true-case (capitalize), and detect sentence boundaries (full stops) in 47 languages."
  },
  "Model_Sources": {
    "Repository": "https://github.com/1-800-BAD-CODE/punctuators",
    "Paper": "Not provided",
    "Demo": "Not provided"
  },
  "Citation": "Not provided",
  "Contact": {
    "Author": "1-800-BAD-CODE",
    "Email": "Not provided",
    "Community": "Not provided"
  },
  "Technical_Requirements": {
    "Software": [
      "Python",
      "punctuators",
      "numpy",
      "onnxruntime",
      "huggingface_hub",
      "omegaconf",
      "sentencepiece"
    ],
    "Hardware": {
      "CPU": "Not provided",
      "GPU": "A100",
      "RAM": "Not provided",
      "Storage": "Not provided"
    }
  },
  "Access_and_Distribution": {
    "Download_Link": "Not provided",
    "Model_Variants": []
  },
  "Dataset": {
    "Name": "News Crawl data from WMT",
    "Sources": "Not provided",
    "Description": "A corpus of 1M lines of text per language (less for low-resource languages) used for training, and a held-out, deduplicated portion of 3,000 lines per language for evaluation."
  },
  "Model_Architecture": {
    "Architecture_Type": "Encoder-only Transformer",
    "Base_Architecture": "XLM-Roberta",
    "Number_Parameters": "Not provided",
    "Parameters": {
      "max_length": "config.max_length"
    },
    "Input_Type": "Text",
    "Output_Type": "Text"
  },
  "Training_Details": {
    "Training_Data": "News Crawl data from WMT",
    "Preprocessing": "The `xlm-roberta` SentencePiece model was adjusted to correctly encode the text. Training data was preprocessed by concatenating 11 random sentences, lower-casing, and removing all punctuation.",
    "Hyperparameters": "Not provided"
  },
  "Evaluation": {
    "Evaluation_Data": "News Crawl",
    "Performance_Metrics": {
      "Punctuation (English) micro avg f1": 97.6,
      "True-casing (English) micro avg f1": 99.59,
      "Sentence Boundary Detection (English) micro avg f1": 99.97
    },
    "Source": "https://tensorboard.dev/experiment/xxnULI1aTeK37vUDL4ejiw/#scalars"
  },
  "Intended_Use": {
    "Task": [
      "punctuation",
      "true-casing",
      "sentence boundary detection"
    ]
  },
  "Bias_Risks_and_Limitations": {
    "Limitations": "This model was trained on news data and may not perform well on conversational or informal data. It is unlikely to be of production quality due to limited training data and potentially noisy dev sets. The model over-predicts Spanish inverted question marks and may also over-predict commas."
  },
  "License": "Apache-2.0"
}