{
  "Model_Description": {
    "Name": "almanach/camembert-base",
    "Description": "CamemBERT is a state-of-the-art language model for French based on the RoBERTa model. It is available in 6 different versions with varying parameters and pretraining data."
  },
  "Model_Sources": {
    "Repository": "https://huggingface.co/almanach/camembert-base",
    "Paper": "https://arxiv.org/abs/1911.03894",
    "Demo": "Not provided"
  },
  "Citation": "@inproceedings{martin2020camembert,\n  title={CamemBERT: a Tasty French Language Model},\n  author={Martin, Louis and Muller, Benjamin and Su{\\'a}rez, Pedro Javier Ortiz and Dupont, Yoann and Romary, Laurent and de la Clergerie, {\\'E}ric Villemonte and Seddah, Djam{\\'e} and Sagot, Beno{\\^i}t},\n  booktitle={Proceedings of the 58th Annual Meeting of the Association for Computational Linguistics},\n  year={2020}\n}",
  "Contact": {
    "Author": [
      "Louis Martin",
      "Benjamin Muller",
      "Pedro Javier Ortiz Suárez",
      "Yoann Dupont",
      "Laurent Romary",
      "Éric Villemonte de la Clergerie",
      "Djamé Seddah",
      "Benoît Sagot"
    ],
    "Email": "Not provided",
    "Community": "Not provided"
  },
  "Technical_Requirements": {
    "Software": [
      "transformers",
      "torch"
    ],
    "Hardware": {
      "CPU": "Not provided",
      "GPU": "Not provided",
      "RAM": "Not provided",
      "Storage": "Not provided"
    }
  },
  "Access_and_Distribution": {
    "Download_Link": "Not provided",
    "Model_Variants": [
      {
        "Name": "camembert/camembert-large",
        "Link": "https://huggingface.co/camembert/camembert-large",
        "Type": "Not provided",
        "Size": "Not provided",
        "Notes": "Not provided"
      },
      {
        "Name": "camembert/camembert-base-ccnet",
        "Link": "https://huggingface.co/camembert/camembert-base-ccnet",
        "Type": "Not provided",
        "Size": "Not provided",
        "Notes": "Not provided"
      },
      {
        "Name": "camembert/camembert-base-wikipedia-4gb",
        "Link": "https://huggingface.co/camembert/camembert-base-wikipedia-4gb",
        "Type": "Not provided",
        "Size": "Not provided",
        "Notes": "Not provided"
      },
      {
        "Name": "camembert/camembert-base-oscar-4gb",
        "Link": "https://huggingface.co/camembert/camembert-base-oscar-4gb",
        "Type": "Not provided",
        "Size": "Not provided",
        "Notes": "Not provided"
      },
      {
        "Name": "camembert/camembert-base-ccnet-4gb",
        "Link": "https://huggingface.co/camembert/camembert-base-ccnet-4gb",
        "Type": "Not provided",
        "Size": "Not provided",
        "Notes": "Not provided"
      }
    ]
  },
  "Dataset": {
    "Name": "OSCAR",
    "Sources": "Not provided",
    "Description": "Not provided"
  },
  "Model_Architecture": {
    "Architecture_Type": "Encoder-only Transformer",
    "Base_Architecture": "RoBERTa",
    "Number_Parameters": "110M",
    "Parameters": {
      "hidden_size": 768,
      "num_layers": 12
    },
    "Input_Type": "Text",
    "Output_Type": "Text"
  },
  "Training_Details": {
    "Training_Data": "OSCAR (138 GB of text)",
    "Preprocessing": "Tokenize in sub-words with SentencePiece",
    "Hyperparameters": "Not provided"
  },
  "Evaluation": {
    "Evaluation_Data": "Not provided",
    "Performance_Metrics": "Not provided",
    "Source": "Not provided"
  },
  "Intended_Use": {
    "Task": [
      "masked language modeling",
      "feature extraction"
    ]
  },
  "Bias_Risks_and_Limitations": {
    "Limitations": "Not provided"
  },
  "License": "MIT"
}