{
  "Model_Description": {
    "Name": "anferico/bert-for-patents",
    "Description": "BERT for Patents is a model trained by Google on 100M+ patents (not just US patents). It is based on BERT_LARGE."
  },
  "Model_Sources": {
    "Repository": "https://github.com/google/patents-public-data/blob/master/models/BERT%20for%20Patents.md",
    "Paper": "https://services.google.com/fh/files/blogs/bert_for_patents_white_paper.pdf",
    "Demo": "Not provided"
  },
  "Citation": "Not provided",
  "Contact": {
    "Author": "Google",
    "Email": "Not provided",
    "Community": "Not provided"
  },
  "Technical_Requirements": {
    "Software": "Not provided",
    "Hardware": {
      "CPU": "Not provided",
      "GPU": "Not provided",
      "RAM": "Not provided",
      "Storage": "Not provided"
    }
  },
  "Access_and_Distribution": {
    "Download_Link": "Not provided",
    "Model_Variants": []
  },
  "Dataset": {
    "Name": "100M+ patents",
    "Sources": "Not provided",
    "Description": "100M+ patents (not just US patents)"
  },
  "Model_Architecture": {
    "Architecture_Type": "Encoder-only Transformer",
    "Base_Architecture": "BERT_LARGE",
    "Number_Parameters": "Not provided",
    "Parameters": "Not provided",
    "Input_Type": "Text",
    "Output_Type": "Text"
  },
  "Training_Details": {
    "Training_Data": "100M+ patents",
    "Preprocessing": "Not provided",
    "Hyperparameters": "Not provided"
  },
  "Evaluation": {
    "Evaluation_Data": "Not provided",
    "Performance_Metrics": "Not provided",
    "Source": "Not provided"
  },
  "Intended_Use": {
    "Task": [
      "Masked Language Modeling"
    ]
  },
  "Bias_Risks_and_Limitations": {
    "Limitations": "Not provided"
  },
  "License": "apache-2.0"
}