{
  "Model_Description": {
    "Name": "casehold/custom-legalbert",
    "Description": "This model provides the model and tokenizer files for the Custom Legal-BERT model, which is pretrained from scratch for legal text processing."
  },
  "Model_Sources": {
    "Repository": "https://github.com/reglab/casehold",
    "Paper": "https://arxiv.org/abs/2104.08671",
    "Demo": "Not provided"
  },
  "Citation": "@inproceedings{zhengguha2021,\n        title={When Does Pretraining Help? Assessing Self-Supervised Learning for Law and the CaseHOLD Dataset},\n        author={Lucia Zheng and Neel Guha and Brandon R. Anderson and Peter Henderson and Daniel E. Ho},\n        year={2021},\n        eprint={2104.08671},\n        archivePrefix={arXiv},\n        primaryClass={cs.CL},\n        booktitle={Proceedings of the 18th International Conference on Artificial Intelligence and Law},\n        publisher={Association for Computing Machinery}\n    }",
  "Contact": {
    "Author": [
      "Lucia Zheng",
      "Neel Guha",
      "Brandon R. Anderson",
      "Peter Henderson",
      "Daniel E. Ho"
    ],
    "Email": "Not provided",
    "Community": "Not provided"
  },
  "Technical_Requirements": {
    "Software": "Not provided",
    "Hardware": {
      "CPU": "Not provided",
      "GPU": "Not provided",
      "RAM": "Not provided",
      "Storage": "Not provided"
    }
  },
  "Access_and_Distribution": {
    "Download_Link": "Not provided",
    "Model_Variants": []
  },
  "Dataset": {
    "Name": "Harvard Law case corpus",
    "Sources": "https://case.law/",
    "Description": "A pretraining corpus constructed by ingesting the entire Harvard Law case corpus from 1965 to the present, comprising 3,446,187 legal decisions across federal and state courts."
  },
  "Model_Architecture": {
    "Architecture_Type": "Encoder-only Transformer",
    "Base_Architecture": "BERT",
    "Number_Parameters": "Not provided",
    "Parameters": {
      "vocabulary_size": 32000
    },
    "Input_Type": "Text",
    "Output_Type": "Text"
  },
  "Training_Details": {
    "Training_Data": "Harvard Law case corpus",
    "Preprocessing": "Tokenization and sentence segmentation adapted for legal text; custom domain-specific legal vocabulary constructed using SentencePiece on a subsample (approx. 13M) of sentences from the pretraining corpus, with the number of tokens fixed to 32,000.",
    "Hyperparameters": {
      "steps": "2M",
      "objective": [
        "MLM",
        "NSP"
      ]
    }
  },
  "Evaluation": {
    "Evaluation_Data": "Not provided",
    "Performance_Metrics": "Not provided",
    "Source": "Not provided"
  },
  "Intended_Use": {
    "Task": [
      "fill-mask",
      "classification",
      "multiple choice"
    ]
  },
  "Bias_Risks_and_Limitations": {
    "Limitations": "Not provided"
  },
  "License": "Not provided"
}