{
  "Model_Description": {
    "Name": "ChaimZhu/LLaVA-3D-7B",
    "Description": "The LLaVA-3D model is a 7B parameter model trained on LLaVA-3D-Instruct-1M, based on LLaVA-v1.5-7B."
  },
  "Model_Sources": {
    "Repository": "https://github.com/ZCMax/LLaVA-3D",
    "Paper": "https://arxiv.org/abs/2409.18125",
    "Demo": "Not provided"
  },
  "Citation": "@article{zhu2024llava,\n  title={LLaVA-3D: A Simple yet Effective Pathway to Empowering LMMs with 3D-awareness},\n  author={Zhu, Chenming and Wang, Tai and Zhang, Wenwei and Pang, Jiangmiao and Liu, Xihui},\n  journal={arXiv preprint arXiv:2409.18125},\n  year={2024}\n}",
  "Contact": {
    "Author": "Chenming Zhu",
    "Email": "zcm952742165@gmail.com",
    "Community": "Not provided"
  },
  "Technical_Requirements": {
    "Software": [
      "Huggingface Trainer",
      "PyTorch"
    ],
    "Hardware": {
      "CPU": "Not provided",
      "GPU": "Nvidia Tesla A100",
      "RAM": "Not provided",
      "Storage": "Not provided"
    }
  },
  "Access_and_Distribution": {
    "Download_Link": "Not provided",
    "Model_Variants": []
  },
  "Dataset": {
    "Name": "LLaVA-3D-Instruct-1M",
    "Sources": "Not provided",
    "Description": "A mixture of 1M high-quality 2D and 3D data, including scene-level and region-level caption data."
  },
  "Model_Architecture": {
    "Architecture_Type": "Multimodal (Vision-Language)",
    "Base_Architecture": "LLaVA-v1.5-7B",
    "Number_Parameters": "7B",
    "Parameters": "Not provided",
    "Input_Type": [
      "Image",
      "RGB-D Image"
    ],
    "Output_Type": "Text"
  },
  "Training_Details": {
    "Training_Data": "LLaVA-3D-Instruct-1M",
    "Preprocessing": "Not provided",
    "Hyperparameters": {
      "epochs": 1,
      "precision": "bfloat16"
    }
  },
  "Evaluation": {
    "Evaluation_Data": "Not provided",
    "Performance_Metrics": "Not provided",
    "Source": "Not provided"
  },
  "Intended_Use": {
    "Task": [
      "2D image interaction",
      "3D image interaction"
    ]
  },
  "Bias_Risks_and_Limitations": {
    "Limitations": "Not provided"
  },
  "License": "apache-2.0"
}