{
  "Model_Description": {
    "Name": "clarin-pl/FastPDN",
    "Description": "FastPolDeepNer is a model for Named Entity Recognition, designed for easy use, training and configuration. It implements a pipeline for data processing and training using hydra, pytorch, pytorch-lightning, and transformers."
  },
  "Model_Sources": {
    "Repository": "https://gitlab.clarin-pl.eu/grupa-wieszcz/ner/fast-pdn",
    "Paper": "Not provided",
    "Demo": "Not provided"
  },
  "Citation": "Not provided",
  "Contact": {
    "Author": [
      "Grupa Wieszcze CLARIN-PL",
      "Wiktor Walentynowicz"
    ],
    "Email": "norbert.ropiak@pwr.edu.pl",
    "Community": "Not provided"
  },
  "Technical_Requirements": {
    "Software": [
      "hydra",
      "pytorch",
      "pytorch-lightning",
      "transformers"
    ],
    "Hardware": {
      "CPU": "Not provided",
      "GPU": "Not provided",
      "RAM": "Not provided",
      "Storage": "Not provided"
    }
  },
  "Access_and_Distribution": {
    "Download_Link": "Not provided",
    "Model_Variants": []
  },
  "Dataset": {
    "Name": [
      "clarin-pl/kpwr-ner",
      "kpwr",
      "cen"
    ],
    "Sources": "https://clarin-pl.eu/dspace/bitstream/handle/11321/294/WytyczneKPWr-jednostkiidentyfikacyjne.pdf",
    "Description": "Datasets (with 82 class versions) of kpwr and cen. Annotation guidelines are specified."
  },
  "Model_Architecture": {
    "Architecture_Type": "Transformer",
    "Base_Architecture": [
      "herbert-base-case",
      "distiluse-base-multilingual-cased-v1"
    ],
    "Number_Parameters": "Not provided",
    "Parameters": "Not provided",
    "Input_Type": "Text",
    "Output_Type": "Structured Text (Named Entities)"
  },
  "Training_Details": {
    "Training_Data": [
      "kpwr",
      "cen"
    ],
    "Preprocessing": "Not provided",
    "Hyperparameters": "Not provided"
  },
  "Evaluation": {
    "Evaluation_Data": [
      "cen_n82",
      "kpwr_n82"
    ],
    "Performance_Metrics": {
      "f1": 0.68,
      "pdn2_f1": 0.78,
      "accuracy": 0.97,
      "precision": 0.7,
      "recall": 0.69
    },
    "Source": "Not provided"
  },
  "Intended_Use": {
    "Task": [
      "Named Entity Recognition"
    ]
  },
  "Bias_Risks_and_Limitations": {
    "Limitations": "Not provided"
  },
  "License": "cc-by-4.0"
}