{
  "Model_Description": {
    "Name": "asafaya/bert-base-arabic",
    "Description": "Pretrained BERT base language model for Arabic."
  },
  "Model_Sources": {
    "Repository": "https://github.com/alisafaya/Arabic-BERT",
    "Paper": "https://www.aclweb.org/anthology/2020.semeval-1.271",
    "Demo": "Not provided"
  },
  "Citation": "@inproceedings{safaya-etal-2020-kuisail,\n    title = \"{KUISAIL} at {S}em{E}val-2020 Task 12: {BERT}-{CNN} for Offensive Speech Identification in Social Media\",\n    author = \"Safaya, Ali  and\n      Abdullatif, Moutasem  and\n      Yuret, Deniz\",\n    booktitle = \"Proceedings of the Fourteenth Workshop on Semantic Evaluation\",\n    month = dec,\n    year = \"2020\",\n    address = \"Barcelona (online)\",\n    publisher = \"International Committee for Computational Linguistics\",\n    url = \"https://www.aclweb.org/anthology/2020.semeval-1.271\",\n    pages = \"2054--2059\",\n}",
  "Contact": {
    "Author": [
      "Ali Safaya",
      "Moutasem Abdullatif",
      "Deniz Yuret"
    ],
    "Email": "Not provided",
    "Community": "Not provided"
  },
  "Technical_Requirements": {
    "Software": [
      "torch",
      "tensorflow",
      "transformers"
    ],
    "Hardware": {
      "CPU": "Not provided",
      "GPU": "Not provided",
      "RAM": "Not provided",
      "Storage": "Not provided"
    }
  },
  "Access_and_Distribution": {
    "Download_Link": "Not provided",
    "Model_Variants": []
  },
  "Dataset": {
    "Name": [
      "OSCAR",
      "Wikipedia"
    ],
    "Sources": [
      "https://traces1.inria.fr/oscar/",
      "http://commoncrawl.org/",
      "https://dumps.wikimedia.org/backup-index.html"
    ],
    "Description": "Arabic version of OSCAR (filtered from Common Crawl) and a recent dump of Arabic Wikipedia, along with other Arabic resources, summing up to ~95GB of text. The corpus contains some non-Arabic words inlines and dialectical Arabic."
  },
  "Model_Architecture": {
    "Architecture_Type": "Encoder-only Transformer",
    "Base_Architecture": "BERT base",
    "Number_Parameters": "Not provided",
    "Parameters": "Not provided",
    "Input_Type": "Text",
    "Output_Type": "Text"
  },
  "Training_Details": {
    "Training_Data": [
      "OSCAR",
      "Wikipedia",
      "other Arabic resources"
    ],
    "Preprocessing": "Non-Arabic words inlines were not removed from sentences. Non-Arabic characters were lowered. Corpus and vocabulary set are not restricted to Modern Standard Arabic, containing some dialectical Arabic.",
    "Hyperparameters": {
      "training_steps": "3M",
      "batch_size": 128
    }
  },
  "Evaluation": {
    "Evaluation_Data": "Not provided",
    "Performance_Metrics": "Not provided",
    "Source": "Not provided"
  },
  "Intended_Use": {
    "Task": [
      "Language Modeling",
      "Text Understanding"
    ]
  },
  "Bias_Risks_and_Limitations": {
    "Limitations": "The final corpus contains some non-Arabic words inlines, which were not removed to avoid affecting tasks like NER. The corpus and vocabulary set are not restricted to Modern Standard Arabic, including some dialectical Arabic."
  },
  "License": "Not provided"
}