{
  "Model_Description": {
    "Name": "01-ai/Yi-1.5-34B-Chat-16K",
    "Description": "Yi-1.5 is an upgraded version of Yi, continuously pre-trained on Yi with a high-quality corpus of 500B tokens and fine-tuned on 3M diverse fine-tuning samples. It delivers stronger performance in coding, math, reasoning, and instruction-following capability, while maintaining excellent capabilities in language understanding, commonsense reasoning, and reading comprehension."
  },
  "Model_Sources": {
    "Repository": "https://github.com/01-ai/Yi-1.5",
    "Paper": "https://arxiv.org/abs/2403.04652",
    "Demo": "Not provided"
  },
  "Citation": "Not provided",
  "Contact": {
    "Author": "Not provided",
    "Email": "Not provided",
    "Community": [
      "https://discord.gg/hYUwWddeAu",
      "https://twitter.com/01ai_yi",
      "https://github.com/01-ai/Yi-1.5/issues/2"
    ]
  },
  "Technical_Requirements": {
    "Software": "Not provided",
    "Hardware": {
      "CPU": "Not provided",
      "GPU": "Not provided",
      "RAM": "Not provided",
      "Storage": "Not provided"
    }
  },
  "Access_and_Distribution": {
    "Download_Link": "Not provided",
    "Model_Variants": [
      {
        "Name": "Yi-1.5-34B-Chat",
        "Link": "Not provided",
        "Type": "Not provided",
        "Size": "Not provided",
        "Notes": "Not provided"
      },
      {
        "Name": "Yi-1.5-34B-Chat-16K",
        "Link": "Not provided",
        "Type": "Not provided",
        "Size": "Not provided",
        "Notes": "Not provided"
      },
      {
        "Name": "Yi-1.5-9B-Chat",
        "Link": "Not provided",
        "Type": "Not provided",
        "Size": "Not provided",
        "Notes": "Not provided"
      },
      {
        "Name": "Yi-1.5-9B-Chat-16K",
        "Link": "Not provided",
        "Type": "Not provided",
        "Size": "Not provided",
        "Notes": "Not provided"
      },
      {
        "Name": "Yi-1.5-6B-Chat",
        "Link": "Not provided",
        "Type": "Not provided",
        "Size": "Not provided",
        "Notes": "Not provided"
      },
      {
        "Name": "Yi-1.5-34B",
        "Link": "Not provided",
        "Type": "Not provided",
        "Size": "Not provided",
        "Notes": "Not provided"
      },
      {
        "Name": "Yi-1.5-34B-32K",
        "Link": "Not provided",
        "Type": "Not provided",
        "Size": "Not provided",
        "Notes": "Not provided"
      },
      {
        "Name": "Yi-1.5-9B",
        "Link": "Not provided",
        "Type": "Not provided",
        "Size": "Not provided",
        "Notes": "Not provided"
      },
      {
        "Name": "Yi-1.5-9B-32K",
        "Link": "Not provided",
        "Type": "Not provided",
        "Size": "Not provided",
        "Notes": "Not provided"
      },
      {
        "Name": "Yi-1.5-6B",
        "Link": "Not provided",
        "Type": "Not provided",
        "Size": "Not provided",
        "Notes": "Not provided"
      }
    ]
  },
  "Dataset": {
    "Name": "Not provided",
    "Sources": "Not provided",
    "Description": "Not provided"
  },
  "Model_Architecture": {
    "Architecture_Type": "Not provided",
    "Base_Architecture": "Yi",
    "Number_Parameters": "34B",
    "Parameters": {
      "Context Length": "16K",
      "Pre-trained Tokens": "3.6T"
    },
    "Input_Type": "Not provided",
    "Output_Type": "Not provided"
  },
  "Training_Details": {
    "Training_Data": "high-quality corpus of 500B tokens, 3M diverse fine-tuning samples",
    "Preprocessing": "Not provided",
    "Hyperparameters": "Not provided"
  },
  "Evaluation": {
    "Evaluation_Data": "Not provided",
    "Performance_Metrics": "Not provided",
    "Source": "Not provided"
  },
  "Intended_Use": {
    "Task": [
      "coding",
      "math",
      "reasoning"
    ]
  },
  "Bias_Risks_and_Limitations": {
    "Limitations": "Not provided"
  },
  "License": "apache-2.0"
}