{
  "Model_Description": {
    "Name": "01-ai/Yi-34B",
    "Description": "The Yi series models are the next generation of open-source large language models trained from scratch by 01.AI. Targeted as a bilingual language model and trained on a 3T multilingual corpus, they show promise in language understanding, commonsense reasoning, and reading comprehension."
  },
  "Model_Sources": {
    "Repository": "https://github.com/01-ai/Yi",
    "Paper": "https://arxiv.org/abs/2403.04652",
    "Demo": [
      "https://huggingface.co/spaces/01-ai/Yi-34B-Chat",
      "https://replicate.com/01-ai/yi-34b-chat"
    ]
  },
  "Citation": "@misc{ai2024yi,\n    title={Yi: Open Foundation Models by 01.AI},\n    author={01. AI and : and Alex Young and Bei Chen and Chao Li and Chengen Huang and Ge Zhang and Guanwei Zhang and Heng Li and Jiangcheng Zhu and Jianqun Chen and Jing Chang and Kaidong Yu and Peng Liu and Qiang Liu and Shawn Yue and Senbin Yang and Shiming Yang and Tao Yu and Wen Xie and Wenhao Huang and Xiaohui Hu and Xiaoyi Ren and Xinyao Niu and Pengcheng Nie and Yuchi Xu and Yudong Liu and Yue Wang and Yuxuan Cai and Zhenyu Gu and Zhiyuan Liu and Zonghong Dai},\n    year={2024},\n    eprint={2403.04652},\n    archivePrefix={arXiv},\n    primaryClass={cs.CL}\n}",
  "Contact": {
    "Author": "01. AI",
    "Email": "yi@01.ai",
    "Community": [
      "https://github.com/01-ai/Yi/discussions",
      "https://discord.gg/hYUwWddeAu"
    ]
  },
  "Technical_Requirements": {
    "Software": [
      "Python >= 3.10",
      "torch==2.0.1",
      "deepspeed==0.10",
      "tensorboard",
      "transformers",
      "datasets",
      "sentencepiece",
      "accelerate",
      "ray==2.7",
      "AWQ",
      "CUDA",
      "GPTQ"
    ],
    "Hardware": {
      "CPU": "Not provided",
      "GPU": [
        "NVIDIA RTX 3090",
        "NVIDIA RTX 4090",
        "NVIDIA A10",
        "NVIDIA A30",
        "NVIDIA RTX 3060",
        "NVIDIA RTX 4060",
        "NVIDIA RTX 3070",
        "NVIDIA A800",
        "NVIDIA A100"
      ],
      "RAM": "Not provided",
      "Storage": "Not provided"
    }
  },
  "Access_and_Distribution": {
    "Download_Link": "Not provided",
    "Model_Variants": [
      {
        "Name": "Yi-34B-Chat",
        "Link": "https://huggingface.co/01-ai/Yi-34B-Chat",
        "Type": "Chat",
        "Size": "Not provided",
        "Notes": "Not provided"
      },
      {
        "Name": "Yi-34B-Chat-4bits",
        "Link": "https://huggingface.co/01-ai/Yi-34B-Chat-4bits",
        "Type": "AWQ",
        "Size": "Not provided",
        "Notes": "low barrier to use since they can be deployed on consumer-grade GPUs"
      },
      {
        "Name": "Yi-34B-Chat-8bits",
        "Link": "https://huggingface.co/01-ai/Yi-34B-Chat-8bits",
        "Type": "GPTQ",
        "Size": "Not provided",
        "Notes": "low barrier to use since they can be deployed on consumer-grade GPUs"
      },
      {
        "Name": "Yi-6B-Chat",
        "Link": "https://huggingface.co/01-ai/Yi-6B-Chat",
        "Type": "Chat",
        "Size": "Not provided",
        "Notes": "Not provided"
      },
      {
        "Name": "Yi-6B-Chat-4bits",
        "Link": "https://huggingface.co/01-ai/Yi-6B-Chat-4bits",
        "Type": "AWQ",
        "Size": "Not provided",
        "Notes": "low barrier to use since they can be deployed on consumer-grade GPUs"
      },
      {
        "Name": "Yi-6B-Chat-8bits",
        "Link": "https://huggingface.co/01-ai/Yi-6B-Chat-8bits",
        "Type": "GPTQ",
        "Size": "Not provided",
        "Notes": "low barrier to use since they can be deployed on consumer-grade GPUs"
      },
      {
        "Name": "Yi-34B",
        "Link": "https://huggingface.co/01-ai/Yi-34B",
        "Type": "Base",
        "Size": "Not provided",
        "Notes": "Not provided"
      },
      {
        "Name": "Yi-34B-200K",
        "Link": "https://huggingface.co/01-ai/Yi-34B-200K",
        "Type": "Base",
        "Size": "Not provided",
        "Notes": "context window is extended to 200K"
      },
      {
        "Name": "Yi-9B",
        "Link": "https://huggingface.co/01-ai/Yi-9B",
        "Type": "Base",
        "Size": "Not provided",
        "Notes": "Not provided"
      },
      {
        "Name": "Yi-9B-200K",
        "Link": "https://huggingface.co/01-ai/Yi-9B-200K",
        "Type": "Base",
        "Size": "Not provided",
        "Notes": "Not provided"
      },
      {
        "Name": "Yi-6B",
        "Link": "https://huggingface.co/01-ai/Yi-6B",
        "Type": "Base",
        "Size": "Not provided",
        "Notes": "Not provided"
      },
      {
        "Name": "Yi-6B-200K",
        "Link": "https://huggingface.co/01-ai/Yi-6B-200K",
        "Type": "Base",
        "Size": "Not provided",
        "Notes": "context window is extended to 200K"
      }
    ]
  },
  "Dataset": {
    "Name": "multilingual corpus",
    "Sources": "Not provided",
    "Description": "A 3T multilingual corpus used for training the Yi series models."
  },
  "Model_Architecture": {
    "Architecture_Type": "Transformer",
    "Base_Architecture": "Llama",
    "Number_Parameters": "34B",
    "Parameters": {
      "default_context_window": "4K",
      "pretrained_tokens": "3T",
      "training_data_date": "Up to June 2023",
      "sequence_length_trained": "4K",
      "sequence_length_inference_extended": "32K"
    },
    "Input_Type": "Text",
    "Output_Type": "Text"
  },
  "Training_Details": {
    "Training_Data": "3T multilingual corpus",
    "Preprocessing": "Not provided",
    "Hyperparameters": {
      "training_debug_steps": "20",
      "num_train_epochs": "4"
    }
  },
  "Evaluation": {
    "Evaluation_Data": [
      "MMLU",
      "CMMLU",
      "BBH",
      "GSM8k",
      "PIQA",
      "SIQA",
      "HellaSwag",
      "WinoGrande",
      "ARC",
      "OBQA",
      "CSQA",
      "SquAD",
      "QuAC",
      "BoolQ",
      "MATH",
      "HumanEval",
      "MBPP"
    ],
    "Performance_Metrics": "Not provided",
    "Source": [
      "https://tatsu-lab.github.io/alpaca_eval/",
      "https://huggingface.co/spaces/HuggingFaceH4/open_llm_leaderboard",
      "https://opencompass.org.cn/leaderboard-llm"
    ]
  },
  "Intended_Use": {
    "Task": [
      "text-generation",
      "language understanding",
      "commonsense reasoning"
    ]
  },
  "Bias_Risks_and_Limitations": {
    "Limitations": "The chat model may exhibit hallucination, non-determinism in re-generation, and cumulative error, especially in complex tasks like extended reasoning or mathematical problem-solving. The model cannot guarantee correct and reasonable output in all scenarios, with a risk of producing problematic outputs."
  },
  "License": "Apache-2.0"
}