{
  "Model_Description": {
    "Name": "01-ai/Yi-34B-Chat",
    "Description": "The Yi series models are the next generation of open-source large language models trained from scratch by 01.AI. Targeted as a bilingual language model and trained on 3T multilingual corpus, the Yi series models become one of the strongest LLM worldwide, showing promise in language understanding, commonsense reasoning, reading comprehension, and more."
  },
  "Model_Sources": {
    "Repository": "https://github.com/01-ai/Yi",
    "Paper": "https://arxiv.org/abs/2403.04652",
    "Demo": "https://huggingface.co/spaces/01-ai/Yi-34B-Chat"
  },
  "Citation": {
    "BibTeX": "@misc{ai2024yi,\n    title={Yi: Open Foundation Models by 01.AI},\n    author={01. AI and : and Alex Young and Bei Chen and Chao Li and Chengen Huang and Ge Zhang and Guanwei Zhang and Heng Li and Jiangcheng Zhu and Jianqun Chen and Jing Chang and Kaidong Yu and Peng Liu and Qiang Liu and Shawn Yue and Senbin Yang and Shiming Yang and Tao Yu and Wen Xie and Wenhao Huang and Xiaohui Hu and Xiaoyi Ren and Xinyao Niu and Pengcheng Nie and Yuchi Xu and Yudong Liu and Yue Wang and Yuxuan Cai and Zhenyu Gu and Zhiyuan Liu and Zonghong Dai},\n    year={2024},\n    eprint={2403.04652},\n    archivePrefix={arXiv},\n    primaryClass={cs.CL}\n}"
  },
  "Contact": {
    "Author": [
      "01. AI",
      "Alex Young",
      "Bei Chen",
      "Chao Li",
      "Chengen Huang",
      "Ge Zhang",
      "Guanwei Zhang",
      "Heng Li",
      "Jiangcheng Zhu",
      "Jianqun Chen",
      "Jing Chang",
      "Kaidong Yu",
      "Peng Liu",
      "Qiang Liu",
      "Shawn Yue",
      "Senbin Yang",
      "Shiming Yang",
      "Tao Yu",
      "Wen Xie",
      "Wenhao Huang",
      "Xiaohui Hu",
      "Xiaoyi Ren",
      "Xinyao Niu",
      "Pengcheng Nie",
      "Yuchi Xu",
      "Yudong Liu",
      "Yue Wang",
      "Yuxuan Cai",
      "Zhenyu Gu",
      "Zhiyuan Liu",
      "Zonghong Dai"
    ],
    "Email": "oss@01.ai",
    "Community": [
      "https://github.com/01-ai/Yi/discussions",
      "https://discord.gg/hYUwWddeAu"
    ]
  },
  "Technical_Requirements": {
    "Software": [
      "Python >= 3.10",
      "transformers"
    ],
    "Hardware": {
      "CPU": "Not provided",
      "GPU": [
        "4 x RTX 4090 (24 GB)",
        "1 x A800 (80GB)"
      ],
      "RAM": "Not provided",
      "Storage": "Not provided"
    }
  },
  "Access_and_Distribution": {
    "Download_Link": "https://huggingface.co/01-ai/Yi-34B-Chat",
    "Model_Variants": [
      {
        "Name": "Yi-34B-Chat",
        "Link": "https://huggingface.co/01-ai/Yi-34B-Chat",
        "Type": "Chat model",
        "Size": "Not provided",
        "Notes": "Not provided"
      },
      {
        "Name": "Yi-34B-Chat-4bits",
        "Link": "https://huggingface.co/01-ai/Yi-34B-Chat-4bits",
        "Type": "AWQ",
        "Size": "Not provided",
        "Notes": "low barrier to use since they can be deployed on consumer-grade GPUs"
      },
      {
        "Name": "Yi-34B-Chat-8bits",
        "Link": "https://huggingface.co/01-ai/Yi-34B-Chat-8bits",
        "Type": "GPTQ",
        "Size": "Not provided",
        "Notes": "low barrier to use since they can be deployed on consumer-grade GPUs"
      },
      {
        "Name": "Yi-6B-Chat",
        "Link": "https://huggingface.co/01-ai/Yi-6B-Chat",
        "Type": "Chat model",
        "Size": "Not provided",
        "Notes": "Not provided"
      },
      {
        "Name": "Yi-6B-Chat-4bits",
        "Link": "https://huggingface.co/01-ai/Yi-6B-Chat-4bits",
        "Type": "AWQ",
        "Size": "Not provided",
        "Notes": "low barrier to use since they can be deployed on consumer-grade GPUs"
      },
      {
        "Name": "Yi-6B-Chat-8bits",
        "Link": "https://huggingface.co/01-ai/Yi-6B-Chat-8bits",
        "Type": "GPTQ",
        "Size": "Not provided",
        "Notes": "low barrier to use since they can be deployed on consumer-grade GPUs"
      },
      {
        "Name": "Yi-34B",
        "Link": "https://huggingface.co/01-ai/Yi-34B",
        "Type": "Base model",
        "Size": "Not provided",
        "Notes": "Not provided"
      },
      {
        "Name": "Yi-34B-200K",
        "Link": "https://huggingface.co/01-ai/Yi-34B-200K",
        "Type": "Base model",
        "Size": "Not provided",
        "Notes": "context window is extended to 200K"
      },
      {
        "Name": "Yi-9B",
        "Link": "https://huggingface.co/01-ai/Yi-9B",
        "Type": "Base model",
        "Size": "Not provided",
        "Notes": "best at coding and math in the Yi series models"
      },
      {
        "Name": "Yi-9B-200K",
        "Link": "https://huggingface.co/01-ai/Yi-9B-200K",
        "Type": "Base model",
        "Size": "Not provided",
        "Notes": "Not provided"
      },
      {
        "Name": "Yi-6B",
        "Link": "https://huggingface.co/01-ai/Yi-6B",
        "Type": "Base model",
        "Size": "Not provided",
        "Notes": "Not provided"
      },
      {
        "Name": "Yi-6B-200K",
        "Link": "https://huggingface.co/01-ai/Yi-6B-200K",
        "Type": "Base model",
        "Size": "Not provided",
        "Notes": "context window is extended to 200K"
      }
    ]
  },
  "Dataset": {
    "Name": "3T multilingual corpus",
    "Sources": "Not provided",
    "Description": "Multilingual corpus used for training the Yi series models."
  },
  "Model_Architecture": {
    "Architecture_Type": "Transformer",
    "Base_Architecture": "Llama",
    "Number_Parameters": "34B",
    "Parameters": {
      "Default context window": "4K",
      "Pretrained tokens": "3T",
      "Training Data Date": "Up to June 2023",
      "Training sequence length": "4K",
      "Inference sequence length": "32K"
    },
    "Input_Type": "Text",
    "Output_Type": "Text"
  },
  "Training_Details": {
    "Training_Data": "3T multilingual corpus",
    "Preprocessing": "Supervised Fine-Tuning (SFT) was applied. Tokenization is used.",
    "Hyperparameters": "Not provided"
  },
  "Evaluation": {
    "Evaluation_Data": [
      "AlpacaEval Leaderboard",
      "MMLU",
      "CMMLU",
      "BBH",
      "GSM8k",
      "Hugging Face Open LLM Leaderboard (pre-trained)",
      "C-Eval"
    ],
    "Performance_Metrics": "Not provided",
    "Source": [
      "https://tatsu-lab.github.io/alpaca_eval/",
      "https://huggingface.co/spaces/HuggingFaceH4/open_llm_leaderboard",
      "https://opencompass.org.cn/leaderboard-llm"
    ]
  },
  "Intended_Use": {
    "Task": [
      "text-generation",
      "language understanding",
      "commonsense reasoning"
    ]
  },
  "Bias_Risks_and_Limitations": {
    "Limitations": "The model may exhibit hallucination, non-determinism in re-generation, and cumulative error, especially in complex tasks. We cannot guarantee that the model will generate correct and reasonable output in all scenarios, and there is a risk of problematic outputs."
  },
  "License": "Apache-2.0"
}