{
  "Model_Description": {
    "Name": "01-ai/Yi-6B-Chat",
    "Description": "The Yi series models are next-generation open-source large language models trained from scratch by 01.AI. Targeted as bilingual language models, they show promise in language understanding, commonsense reasoning, and reading comprehension."
  },
  "Model_Sources": {
    "Repository": "https://github.com/01-ai/Yi",
    "Paper": "https://arxiv.org/abs/2403.04652",
    "Demo": "https://huggingface.co/spaces/01-ai/Yi-34B-Chat"
  },
  "Citation": "@misc{ai2024yi,\n    title={Yi: Open Foundation Models by 01.AI},\n    author={01. AI and : and Alex Young and Bei Chen and Chao Li and Chengen Huang and Ge Zhang and Guanwei Zhang and Heng Li and Jiangcheng Zhu and Jianqun Chen and Jing Chang and Kaidong Yu and Peng Liu and Qiang Liu and Shawn Yue and Senbin Yang and Shiming Yang and Tao Yu and Wen Xie and Wenhao Huang and Xiaohui Hu and Xiaoyi Ren and Xinyao Niu and Pengcheng Nie and Yuchi Xu and Yudong Liu and Yue Wang and Yuxuan Cai and Zhenyu Gu and Zhiyuan Liu and Zonghong Dai},\n    year={2024},\n    eprint={2403.04652},\n    archivePrefix={arXiv},\n    primaryClass={cs.CL}\n}",
  "Contact": {
    "Author": [
      "01. AI",
      "Alex Young",
      "Bei Chen",
      "Chao Li",
      "Chengen Huang",
      "Ge Zhang",
      "Guanwei Zhang",
      "Heng Li",
      "Jiangcheng Zhu",
      "Jianqun Chen",
      "Jing Chang",
      "Kaidong Yu",
      "Peng Liu",
      "Qiang Liu",
      "Shawn Yue",
      "Senbin Yang",
      "Shiming Yang",
      "Tao Yu",
      "Wen Xie",
      "Wenhao Huang",
      "Xiaohui Hu",
      "Xiaoyi Ren",
      "Xinyao Niu",
      "Pengcheng Nie",
      "Yuchi Xu",
      "Yudong Liu",
      "Yue Wang",
      "Yuxuan Cai",
      "Zhenyu Gu",
      "Zhiyuan Liu",
      "Zonghong Dai"
    ],
    "Email": "oss@01.ai",
    "Community": [
      "https://github.com/01-ai/Yi/discussions",
      "https://discord.gg/hYUwWddeAu"
    ]
  },
  "Technical_Requirements": {
    "Software": [
      "Python >= 3.10",
      "PyTorch 2.0.1",
      "DeepSpeed 0.10",
      "TensorBoard",
      "Transformers >= 4.35.0",
      "Datasets",
      "SentencePiece",
      "Accelerate",
      "Ray 2.7",
      "AWQ",
      "CUDA",
      "GPTQ"
    ],
    "Hardware": {
      "CPU": "Not provided",
      "GPU": [
        "NVIDIA RTX 3090 (24 GB)",
        "NVIDIA RTX 4090 (24 GB)",
        "NVIDIA A10 (24 GB)",
        "NVIDIA A30 (24 GB)"
      ],
      "RAM": "Not provided",
      "Storage": "Not provided"
    }
  },
  "Access_and_Distribution": {
    "Download_Link": "https://huggingface.co/01-ai/Yi-6B-Chat",
    "Model_Variants": [
      {
        "Name": "Yi-34B-Chat",
        "Link": "https://huggingface.co/01-ai/Yi-34B-Chat",
        "Type": "Not provided",
        "Size": "Not provided",
        "Notes": "Not provided"
      },
      {
        "Name": "Yi-34B-Chat-4bits",
        "Link": "https://huggingface.co/01-ai/Yi-34B-Chat-4bits",
        "Type": "AWQ 4-bit quantization",
        "Size": "Not provided",
        "Notes": "low barrier to use since they can be deployed on consumer-grade GPUs (e.g., 3090, 4090)"
      },
      {
        "Name": "Yi-34B-Chat-8bits",
        "Link": "https://huggingface.co/01-ai/Yi-34B-Chat-8bits",
        "Type": "GPTQ 8-bit quantization",
        "Size": "Not provided",
        "Notes": "low barrier to use since they can be deployed on consumer-grade GPUs (e.g., 3090, 4090)"
      },
      {
        "Name": "Yi-6B-Chat-4bits",
        "Link": "https://huggingface.co/01-ai/Yi-6B-Chat-4bits",
        "Type": "AWQ 4-bit quantization",
        "Size": "Not provided",
        "Notes": "low barrier to use since they can be deployed on consumer-grade GPUs (e.g., 3090, 4090)"
      },
      {
        "Name": "Yi-6B-Chat-8bits",
        "Link": "https://huggingface.co/01-ai/Yi-6B-Chat-8bits",
        "Type": "GPTQ 8-bit quantization",
        "Size": "Not provided",
        "Notes": "low barrier to use since they can be deployed on consumer-grade GPUs (e.g., 3090, 4090)"
      },
      {
        "Name": "Yi-34B",
        "Link": "https://huggingface.co/01-ai/Yi-34B",
        "Type": "Not provided",
        "Size": "Not provided",
        "Notes": "Not provided"
      },
      {
        "Name": "Yi-34B-200K",
        "Link": "https://huggingface.co/01-ai/Yi-34B-200K",
        "Type": "extended context window",
        "Size": "Not provided",
        "Notes": "200k is roughly equivalent to 400,000 Chinese characters"
      },
      {
        "Name": "Yi-9B",
        "Link": "https://huggingface.co/01-ai/Yi-9B",
        "Type": "Not provided",
        "Size": "Not provided",
        "Notes": "Not provided"
      },
      {
        "Name": "Yi-9B-200K",
        "Link": "https://huggingface.co/01-ai/Yi-9B-200K",
        "Type": "extended context window",
        "Size": "Not provided",
        "Notes": "200k is roughly equivalent to 400,000 Chinese characters"
      },
      {
        "Name": "Yi-6B",
        "Link": "https://huggingface.co/01-ai/Yi-6B",
        "Type": "Not provided",
        "Size": "Not provided",
        "Notes": "Not provided"
      },
      {
        "Name": "Yi-6B-200K",
        "Link": "https://huggingface.co/01-ai/Yi-6B-200K",
        "Type": "extended context window",
        "Size": "Not provided",
        "Notes": "200k is roughly equivalent to 400,000 Chinese characters"
      }
    ]
  },
  "Dataset": {
    "Name": "3T multilingual corpus",
    "Sources": "Not provided",
    "Description": "Multilingual corpus used for training the Yi series models."
  },
  "Model_Architecture": {
    "Architecture_Type": "Decoder-only Transformer",
    "Base_Architecture": "Llama",
    "Number_Parameters": "6B",
    "Parameters": {
      "context_length": "4K (default), 32K (extended for inference)"
    },
    "Input_Type": "Text",
    "Output_Type": "Text"
  },
  "Training_Details": {
    "Training_Data": "3T multilingual corpus",
    "Preprocessing": "Data compliance checking algorithms were used during the training process.",
    "Hyperparameters": "Not provided"
  },
  "Evaluation": {
    "Evaluation_Data": [
      "MMLU",
      "CMMLU",
      "BBH",
      "GSM8k",
      "TruthfulQA",
      "PIQA",
      "SIQA",
      "HellaSwag",
      "WinoGrande",
      "ARC",
      "OBQA",
      "CSQA",
      "SquAD",
      "QuAC",
      "BoolQ",
      "MATH",
      "HumanEval",
      "MBPP"
    ],
    "Performance_Metrics": {
      "Needle-in-a-Haystack test (Yi-34B-200K)": 99.8
    },
    "Source": [
      "https://tatsu-lab.github.io/alpaca_eval/",
      "https://huggingface.co/spaces/HuggingFaceH4/open_llm_leaderboard",
      "https://opencompass.org.cn/leaderboard-llm"
    ]
  },
  "Intended_Use": {
    "Task": [
      "Text Generation",
      "Language Understanding",
      "Commonsense Reasoning"
    ]
  },
  "Bias_Risks_and_Limitations": {
    "Limitations": "The chat model, trained with Supervised Fine-Tuning (SFT), produces diverse responses which might amplify issues like hallucination, non-determinism in re-generation, and cumulative error. There is also a risk of the model producing problematic outputs due to complex data and diverse usage scenarios."
  },
  "License": "Apache-2.0"
}