{
  "Model_Description": {
    "Name": "01-ai/Yi-6B",
    "Description": "The Yi series models are the next generation of open-source large language models trained from scratch by 01.AI. Targeted as a bilingual language model and trained on 3T multilingual corpus, they show promise in language understanding, commonsense reasoning, reading comprehension, and more."
  },
  "Model_Sources": {
    "Repository": "https://github.com/01-ai/Yi",
    "Paper": "https://arxiv.org/abs/2403.04652",
    "Demo": "https://huggingface.co/spaces/01-ai/Yi-34B-Chat"
  },
  "Citation": "@misc{ai2024yi,\n    title={Yi: Open Foundation Models by 01.AI},\n    author={01. AI and : and Alex Young and Bei Chen and Chao Li and Chengen Huang and Ge Zhang and Guanwei Zhang and Heng Li and Jiangcheng Zhu and Jianqun Chen and Jing Chang and Kaidong Yu and Peng Liu and Qiang Liu and Shawn Yue and Senbin Yang and Shiming Yang and Tao Yu and Wen Xie and Wenhao Huang and Xiaohui Hu and Xiaoyi Ren and Xinyao Niu and Pengcheng Nie and Yuchi Xu and Yudong Liu and Yue Wang and Yuxuan Cai and Zhenyu Gu and Zhiyuan Liu and Zonghong Dai},\n    year={2024},\n    eprint={2403.04652},\n    archivePrefix={arXiv},\n    primaryClass={cs.CL}\n}",
  "Contact": {
    "Author": [
      "01. AI",
      "Alex Young",
      "Bei Chen",
      "Chao Li",
      "Chengen Huang",
      "Ge Zhang",
      "Guanwei Zhang",
      "Heng Li",
      "Jiangcheng Zhu",
      "Jianqun Chen",
      "Jing Chang",
      "Kaidong Yu",
      "Peng Liu",
      "Qiang Liu",
      "Shawn Yue",
      "Senbin Yang",
      "Shiming Yang",
      "Tao Yu",
      "Wen Xie",
      "Wenhao Huang",
      "Xiaohui Hu",
      "Xiaoyi Ren",
      "Xinyao Niu",
      "Pengcheng Nie",
      "Yuchi Xu",
      "Yudong Liu",
      "Yue Wang",
      "Yuxuan Cai",
      "Zhenyu Gu",
      "Zhiyuan Liu",
      "Zonghong Dai"
    ],
    "Email": "oss@01.ai",
    "Community": [
      "https://huggingface.co/01-ai",
      "https://www.modelscope.cn/organization/01ai/",
      "https://wisemodel.cn/organization/01.AI",
      "https://github.com/01-ai/Yi/discussions",
      "https://discord.gg/hYUwWddeAu",
      "有官方的微信群嘛 · Issue #43 · 01-ai/Yi"
    ]
  },
  "Technical_Requirements": {
    "Software": [
      "Python >= 3.10",
      "transformers",
      "torch",
      "AWQ",
      "CUDA",
      "GPTQ",
      "Docker",
      "nvidia-container-toolkit",
      "git-lfs"
    ],
    "Hardware": {
      "CPU": "Not provided",
      "GPU": [
        "1 x RTX 3090 (24 GB)",
        "1 x RTX 4090 (24 GB)",
        "1 x A10 (24 GB)",
        "1 x A30 (24 GB)"
      ],
      "RAM": "Not provided",
      "Storage": "Not provided"
    }
  },
  "Access_and_Distribution": {
    "Download_Link": "Not provided",
    "Model_Variants": [
      {
        "Name": "Yi-34B-Chat",
        "Link": "https://huggingface.co/01-ai/Yi-34B-Chat",
        "Type": "Not provided",
        "Size": "Not provided",
        "Notes": "Not provided"
      },
      {
        "Name": "Yi-34B-Chat-4bits",
        "Link": "https://huggingface.co/01-ai/Yi-34B-Chat-4bits",
        "Type": "AWQ",
        "Size": "Not provided",
        "Notes": "low barrier to use since they can be deployed on consumer-grade GPUs"
      },
      {
        "Name": "Yi-34B-Chat-8bits",
        "Link": "https://huggingface.co/01-ai/Yi-34B-Chat-8bits",
        "Type": "GPTQ",
        "Size": "Not provided",
        "Notes": "low barrier to use since they can be deployed on consumer-grade GPUs"
      },
      {
        "Name": "Yi-6B-Chat",
        "Link": "https://huggingface.co/01-ai/Yi-6B-Chat",
        "Type": "Not provided",
        "Size": "Not provided",
        "Notes": "Not provided"
      },
      {
        "Name": "Yi-6B-Chat-4bits",
        "Link": "https://huggingface.co/01-ai/Yi-6B-Chat-4bits",
        "Type": "AWQ",
        "Size": "Not provided",
        "Notes": "low barrier to use since they can be deployed on consumer-grade GPUs"
      },
      {
        "Name": "Yi-6B-Chat-8bits",
        "Link": "https://huggingface.co/01-ai/Yi-6B-Chat-8bits",
        "Type": "GPTQ",
        "Size": "Not provided",
        "Notes": "low barrier to use since they can be deployed on consumer-grade GPUs"
      },
      {
        "Name": "Yi-34B",
        "Link": "https://huggingface.co/01-ai/Yi-34B",
        "Type": "Not provided",
        "Size": "Not provided",
        "Notes": "Not provided"
      },
      {
        "Name": "Yi-34B-200K",
        "Link": "https://huggingface.co/01-ai/Yi-34B-200K",
        "Type": "Not provided",
        "Size": "Not provided",
        "Notes": "context window is extended to 200K (roughly equivalent to 400,000 Chinese characters)"
      },
      {
        "Name": "Yi-9B",
        "Link": "https://huggingface.co/01-ai/Yi-9B",
        "Type": "Not provided",
        "Size": "Not provided",
        "Notes": "Not provided"
      },
      {
        "Name": "Yi-9B-200K",
        "Link": "https://huggingface.co/01-ai/Yi-9B-200K",
        "Type": "Not provided",
        "Size": "Not provided",
        "Notes": "Not provided"
      },
      {
        "Name": "Yi-6B",
        "Link": "https://huggingface.co/01-ai/Yi-6B",
        "Type": "Not provided",
        "Size": "Not provided",
        "Notes": "Not provided"
      },
      {
        "Name": "Yi-6B-200K",
        "Link": "https://huggingface.co/01-ai/Yi-6B-200K",
        "Type": "Not provided",
        "Size": "Not provided",
        "Notes": "context window is extended to 200K (roughly equivalent to 400,000 Chinese characters)"
      }
    ]
  },
  "Dataset": {
    "Name": "multilingual corpus",
    "Sources": "Not provided",
    "Description": "Not provided"
  },
  "Model_Architecture": {
    "Architecture_Type": "Transformer",
    "Base_Architecture": "Llama",
    "Number_Parameters": "6B",
    "Parameters": {
      "context_window": "4K",
      "pretrained_tokens": "3T",
      "sequence_length": "4K (extendable to 32K)",
      "training_data_date": "Up to June 2023"
    },
    "Input_Type": "Text",
    "Output_Type": "Text"
  },
  "Training_Details": {
    "Training_Data": "3T multilingual corpus",
    "Preprocessing": "data compliance checking algorithms during the training process",
    "Hyperparameters": "Not provided"
  },
  "Evaluation": {
    "Evaluation_Data": [
      "MMLU",
      "CMMLU",
      "BBH",
      "GSM8k",
      "PIQA",
      "SIQA",
      "HellaSwag",
      "WinoGrande",
      "ARC",
      "OBQA",
      "CSQA",
      "SquAD",
      "QuAC",
      "BoolQ",
      "MATH",
      "HumanEval",
      "MBPP"
    ],
    "Performance_Metrics": "Not provided",
    "Source": [
      "AlpacaEval Leaderboard",
      "Hugging Face Open LLM Leaderboard",
      "C-Eval",
      "OpenCompass LLM Leaderboard"
    ]
  },
  "Intended_Use": {
    "Task": [
      "text-generation",
      "language understanding",
      "commonsense reasoning"
    ]
  },
  "Bias_Risks_and_Limitations": {
    "Limitations": "Due to complex data and the diversity of language model usage scenarios, we cannot guarantee that the model will generate correct, and reasonable output in all scenarios. There is still a risk of the model producing problematic outputs, including hallucination, non-determinism in re-generation, and cumulative error in complex tasks like extended reasoning or mathematical problem-solving. We will not be responsible for any risks and issues resulting from misuse, misguidance, illegal usage, and related misinformation, as well as any associated data security concerns."
  },
  "License": "Apache-2.0"
}