{
  "Model_Description": {
    "Name": "01-ai/Yi-9B-200K",
    "Description": "The Yi series models are the next generation of open-source large language models trained from scratch by 01.AI. Targeted as a bilingual language model and trained on 3T multilingual corpus, the Yi series models become one of the strongest LLM worldwide, showing promise in language understanding, commonsense reasoning, reading comprehension, and more."
  },
  "Model_Sources": {
    "Repository": "https://github.com/01-ai/Yi",
    "Paper": "https://arxiv.org/abs/2403.04652",
    "Demo": "https://huggingface.co/spaces/01-ai/Yi-34B-Chat"
  },
  "Citation": "@misc{ai2024yi,\n    title={Yi: Open Foundation Models by 01.AI},\n    author={01. AI and : and Alex Young and Bei Chen and Chao Li and Chengen Huang and Ge Zhang and Guanwei Zhang and Heng Li and Jiangcheng Zhu and Jianqun Chen and Jing Chang and Kaidong Yu and Peng Liu and Qiang Liu and Shawn Yue and Senbin Yang and Shiming Yang and Tao Yu and Wen Xie and Wenhao Huang and Xiaohui Hu and Xiaoyi Ren and Xinyao Niu and Pengcheng Nie and Yuchi Xu and Yudong Liu and Yue Wang and Yuxuan Cai and Zhenyu Gu and Zhiyuan Liu and Zonghong Dai},\n    year={2024},\n    eprint={2403.04652},\n    archivePrefix={arXiv},\n    primaryClass={cs.CL}\n}",
  "Contact": {
    "Author": [
      "01. AI",
      "Alex Young",
      "Bei Chen",
      "Chao Li",
      "Chengen Huang",
      "Ge Zhang",
      "Guanwei Zhang",
      "Heng Li",
      "Jiangcheng Zhu",
      "Jianqun Chen",
      "Jing Chang",
      "Kaidong Yu",
      "Peng Liu",
      "Qiang Liu",
      "Shawn Yue",
      "Senbin Yang",
      "Shiming Yang",
      "Tao Yu",
      "Wen Xie",
      "Wenhao Huang",
      "Xiaohui Hu",
      "Xiaoyi Ren",
      "Xinyao Niu",
      "Pengcheng Nie",
      "Yuchi Xu",
      "Yudong Liu",
      "Yue Wang",
      "Yuxuan Cai",
      "Zhenyu Gu",
      "Zhiyuan Liu",
      "Zonghong Dai"
    ],
    "Email": "oss@01.ai",
    "Community": [
      "https://github.com/01-ai/Yi/discussions",
      "https://discord.gg/hYUwWddeAu",
      "有官方的微信群嘛 · Issue #43 · 01-ai/Yi"
    ]
  },
  "Technical_Requirements": {
    "Software": [
      "Python >= 3.10"
    ],
    "Hardware": {
      "CPU": "Not provided",
      "GPU": "Not provided",
      "RAM": "Not provided",
      "Storage": "Not provided"
    }
  },
  "Access_and_Distribution": {
    "Download_Link": "https://huggingface.co/01-ai/Yi-9B-200K",
    "Model_Variants": [
      {
        "Name": "Yi-34B-Chat",
        "Link": "https://huggingface.co/01-ai/Yi-34B-Chat",
        "Type": "Not provided",
        "Size": "Not provided",
        "Notes": "Not provided"
      },
      {
        "Name": "Yi-34B-Chat-4bits",
        "Link": "https://huggingface.co/01-ai/Yi-34B-Chat-4bits",
        "Type": "AWQ",
        "Size": "Not provided",
        "Notes": "All quantized models have a low barrier to use since they can be deployed on consumer-grade GPUs (e.g., 3090, 4090)."
      },
      {
        "Name": "Yi-34B-Chat-8bits",
        "Link": "https://huggingface.co/01-ai/Yi-34B-Chat-8bits",
        "Type": "GPTQ",
        "Size": "Not provided",
        "Notes": "All quantized models have a low barrier to use since they can be deployed on consumer-grade GPUs (e.g., 3090, 4090)."
      },
      {
        "Name": "Yi-6B-Chat",
        "Link": "https://huggingface.co/01-ai/Yi-6B-Chat",
        "Type": "Not provided",
        "Size": "Not provided",
        "Notes": "Not provided"
      },
      {
        "Name": "Yi-6B-Chat-4bits",
        "Link": "https://huggingface.co/01-ai/Yi-6B-Chat-4bits",
        "Type": "AWQ",
        "Size": "Not provided",
        "Notes": "All quantized models have a low barrier to use since they can be deployed on consumer-grade GPUs (e.g., 3090, 4090)."
      },
      {
        "Name": "Yi-6B-Chat-8bits",
        "Link": "https://huggingface.co/01-ai/Yi-6B-Chat-8bits",
        "Type": "GPTQ",
        "Size": "Not provided",
        "Notes": "All quantized models have a low barrier to use since they can be deployed on consumer-grade GPUs (e.g., 3090, 4090)."
      },
      {
        "Name": "Yi-34B",
        "Link": "https://huggingface.co/01-ai/Yi-34B",
        "Type": "Not provided",
        "Size": "Not provided",
        "Notes": "Not provided"
      },
      {
        "Name": "Yi-34B-200K",
        "Link": "https://huggingface.co/01-ai/Yi-34B-200K",
        "Type": "Not provided",
        "Size": "Not provided",
        "Notes": "Not provided"
      },
      {
        "Name": "Yi-9B",
        "Link": "https://huggingface.co/01-ai/Yi-9B",
        "Type": "Not provided",
        "Size": "Not provided",
        "Notes": "Not provided"
      },
      {
        "Name": "Yi-6B",
        "Link": "https://huggingface.co/01-ai/Yi-6B",
        "Type": "Not provided",
        "Size": "Not provided",
        "Notes": "Not provided"
      },
      {
        "Name": "Yi-6B-200K",
        "Link": "https://huggingface.co/01-ai/Yi-6B-200K",
        "Type": "Not provided",
        "Size": "Not provided",
        "Notes": "Not provided"
      }
    ]
  },
  "Dataset": {
    "Name": "multilingual corpus",
    "Sources": "Not provided",
    "Description": "3T multilingual corpus. Yi-9B is continuously trained based on Yi-6B, using 0.8T tokens."
  },
  "Model_Architecture": {
    "Architecture_Type": "Transformer",
    "Base_Architecture": "Llama",
    "Number_Parameters": "9B",
    "Parameters": {
      "Default context window": "4K"
    },
    "Input_Type": "Text",
    "Output_Type": "Text"
  },
  "Training_Details": {
    "Training_Data": [
      "3T multilingual corpus",
      "0.8T tokens (for Yi-9B, based on Yi-6B)"
    ],
    "Preprocessing": "Not provided",
    "Hyperparameters": "Not provided"
  },
  "Evaluation": {
    "Evaluation_Data": [
      "MMLU",
      "CMMLU",
      "BBH",
      "GSM8k",
      "PIQA",
      "SIQA",
      "HellaSwag",
      "WinoGrande",
      "ARC",
      "OBQA",
      "CSQA",
      "SquAD",
      "QuAC",
      "BoolQ",
      "MATH",
      "HumanEval",
      "MBPP"
    ],
    "Performance_Metrics": "Not provided",
    "Source": [
      "https://tatsu-lab.github.io/alpaca_eval/",
      "https://huggingface.co/spaces/HuggingFaceH4/open_llm_leaderboard",
      "https://opencompass.org.cn/leaderboard-llm"
    ]
  },
  "Intended_Use": {
    "Task": [
      "text generation",
      "language understanding",
      "commonsense reasoning",
      "reading comprehension",
      "coding",
      "math"
    ]
  },
  "Bias_Risks_and_Limitations": {
    "Limitations": "Due to complex data and the diversity of language model usage scenarios, we cannot guarantee that the model will generate correct, and reasonable output in all scenarios. There is still a risk of the model producing problematic outputs. For chat models, higher diversity might amplify issues like hallucination, non-determinism in re-generation, and cumulative error."
  },
  "License": "Apache-2.0"
}