{
  "Model_Description": {
    "Name": "01-ai/Yi-Coder-9B",
    "Description": "Yi-Coder is a series of open-source code language models that delivers state-of-the-art coding performance with fewer than 10 billion parameters. It excels in long-context understanding with a maximum context length of 128K tokens and supports 52 major programming languages."
  },
  "Model_Sources": {
    "Repository": "https://github.com/01-ai/Yi-Coder",
    "Paper": "https://arxiv.org/abs/2403.04652",
    "Demo": "https://github.com/01-ai/Yi/blob/main/assets/img/coder/yi-coder-calculator-demo.gif?raw=true"
  },
  "Citation": "Not provided",
  "Contact": {
    "Author": "Not provided",
    "Email": "Not provided",
    "Community": [
      "https://github.com/01-ai",
      "https://discord.gg/hYUwWddeAu",
      "https://twitter.com/01ai_yi",
      "https://github.com/01-ai/Yi-1.5/issues/2"
    ]
  },
  "Technical_Requirements": {
    "Software": [
      "transformers"
    ],
    "Hardware": {
      "CPU": "Not provided",
      "GPU": "Not provided",
      "RAM": "Not provided",
      "Storage": "Not provided"
    }
  },
  "Access_and_Distribution": {
    "Download_Link": "https://huggingface.co/01-ai/Yi-Coder-9B",
    "Model_Variants": [
      {
        "Name": "Yi-Coder-9B-Chat",
        "Link": "https://huggingface.co/01-ai/Yi-Coder-9B-Chat",
        "Type": "Chat",
        "Size": "Not provided",
        "Notes": "Not provided"
      },
      {
        "Name": "Yi-Coder-1.5B-Chat",
        "Link": "https://huggingface.co/01-ai/Yi-Coder-1.5B-Chat",
        "Type": "Chat",
        "Size": "Not provided",
        "Notes": "Not provided"
      },
      {
        "Name": "Yi-Coder-9B",
        "Link": "https://huggingface.co/01-ai/Yi-Coder-9B",
        "Type": "Base",
        "Size": "Not provided",
        "Notes": "Not provided"
      },
      {
        "Name": "Yi-Coder-1.5B",
        "Link": "https://huggingface.co/01-ai/Yi-Coder-1.5B",
        "Type": "Base",
        "Size": "Not provided",
        "Notes": "Not provided"
      }
    ]
  },
  "Dataset": {
    "Name": "Not provided",
    "Sources": "Not provided",
    "Description": "Not provided"
  },
  "Model_Architecture": {
    "Architecture_Type": "Decoder-only Transformer",
    "Base_Architecture": "Yi-Coder",
    "Number_Parameters": "9B",
    "Parameters": {
      "context_length": "128K tokens"
    },
    "Input_Type": "Text",
    "Output_Type": "Text"
  },
  "Training_Details": {
    "Training_Data": "Not provided",
    "Preprocessing": "Not provided",
    "Hyperparameters": "Not provided"
  },
  "Evaluation": {
    "Evaluation_Data": "LiveCodeBench",
    "Performance_Metrics": {
      "LiveCodeBench pass rate (Yi-Coder-9B-Chat)": 23.0
    },
    "Source": "https://01-ai.github.io/"
  },
  "Intended_Use": {
    "Task": [
      "code generation",
      "text generation",
      "long-context understanding"
    ]
  },
  "Bias_Risks_and_Limitations": {
    "Limitations": "Not provided"
  },
  "License": "Apache-2.0"
}