{
  "Model_Description": {
    "Name": "classla/bcms-bertic-ner",
    "Description": "A fine-tuned version of the BERTić model for named entity recognition (PER, LOC, ORG, MISC) in Bosnian, Croatian, Montenegrin, and Serbian (BCMS)."
  },
  "Model_Sources": {
    "Repository": "https://huggingface.co/classla/bcms-bertic",
    "Paper": "https://www.aclweb.org/anthology/2021.bsnlp-1.5",
    "Demo": "Not provided"
  },
  "Citation": "@inproceedings{ljubesic-lauc-2021-bertic,\n    title = \"{BERT}i{\\'c} - The Transformer Language Model for {B}osnian, {C}roatian, {M}ontenegrin and {S}erbian\",\n    author = \"Ljube{\\v{s}}i{\\'c}, Nikola  and Lauc, Davor\",\n    booktitle = \"Proceedings of the 8th Workshop on Balto-Slavic Natural Language Processing\",\n    month = apr,\n    year = \"2021\",\n    address = \"Kiyv, Ukraine\",\n    publisher = \"Association for Computational Linguistics\",\n    url = \"https://www.aclweb.org/anthology/2021.bsnlp-1.5\",\n    pages = \"37--42\"\n}",
  "Contact": {
    "Author": [
      "Ljube{\\v{s}}i{\\'c}, Nikola",
      "Lauc, Davor"
    ],
    "Email": "Not provided",
    "Community": "Not provided"
  },
  "Technical_Requirements": {
    "Software": [
      "simpletransformers"
    ],
    "Hardware": {
      "CPU": "Not provided",
      "GPU": "Not provided",
      "RAM": "Not provided",
      "Storage": "Not provided"
    }
  },
  "Access_and_Distribution": {
    "Download_Link": "Not provided",
    "Model_Variants": []
  },
  "Dataset": {
    "Name": [
      "hr500k",
      "SETimes.SR",
      "ReLDI-hr",
      "ReLDI-sr"
    ],
    "Sources": [
      "http://hdl.handle.net/11356/1183",
      "http://hdl.handle.net/11356/1200",
      "http://hdl.handle.net/11356/1241",
      "http://hdl.handle.net/11356/1240"
    ],
    "Description": "A collection of datasets including hr500k (standard Croatian, 500k tokens), SETimes.SR (standard Serbian, 87k tokens), ReLDI-hr (Internet Croatian, 89k tokens), and ReLDI-sr (Internet Serbian, 92k tokens), used for fine-tuning."
  },
  "Model_Architecture": {
    "Architecture_Type": "Transformer",
    "Base_Architecture": "BERTić",
    "Number_Parameters": "Not provided",
    "Parameters": "Not provided",
    "Input_Type": "Text",
    "Output_Type": "Text"
  },
  "Training_Details": {
    "Training_Data": [
      "hr500k",
      "SETimes.SR",
      "ReLDI-hr",
      "ReLDI-sr"
    ],
    "Preprocessing": "The data was augmented with missing diacritics and standard data was additionally over-represented.",
    "Hyperparameters": "Not provided"
  },
  "Evaluation": {
    "Evaluation_Data": [
      "hr500k",
      "SETimes.SR",
      "ReLDI-hr",
      "ReLDI-sr"
    ],
    "Performance_Metrics": {
      "F1": 91.38
    },
    "Source": "https://huggingface.co/classla/bcms-bertic"
  },
  "Intended_Use": {
    "Task": [
      "named entity recognition"
    ]
  },
  "Bias_Risks_and_Limitations": {
    "Limitations": "Not provided"
  },
  "License": "apache-2.0"
}