{
  "Model_Description": {
    "Name": "classla/wav2vec2-xls-r-parlaspeech-hr",
    "Description": "This model for Croatian ASR is based on the facebook/wav2vec2-xls-r-300m model and was fine-tuned with 300 hours of recordings and transcripts from the ASR Croatian parliament dataset ParlaSpeech-HR v1.0."
  },
  "Model_Sources": {
    "Repository": "https://huggingface.co/classla/wav2vec2-xls-r-parlaspeech-hr",
    "Paper": "http://www.lrec-conf.org/proceedings/lrec2022/workshops/ParlaCLARINIII/pdf/2022.parlaclariniii-1.16.pdf",
    "Demo": "https://huggingface.co/classla/wav2vec2-xls-r-parlaspeech-hr/raw/main/1800.m4a"
  },
  "Citation": "Nikola Ljubešić, Danijel Koržinek, Peter Rupnik, Ivo-Pavao Jazbec. ParlaSpeech-HR -- a freely available ASR dataset for Croatian bootstrapped from the ParlaMint corpus. http://www.lrec-conf.org/proceedings/lrec2022/workshops/ParlaCLARINIII/pdf/2022.parlaclariniii-1.16.pdf",
  "Contact": {
    "Author": [
      "Nikola Ljubešić",
      "Danijel Koržinek",
      "Peter Rupnik",
      "Ivo-Pavao Jazbec"
    ],
    "Email": "Not provided",
    "Community": [
      "http://clarinsi.github.io/parlaspeech"
    ]
  },
  "Technical_Requirements": {
    "Software": [
      "transformers",
      "soundfile",
      "torch"
    ],
    "Hardware": {
      "CPU": "Not provided",
      "GPU": "Not provided",
      "RAM": "Not provided",
      "Storage": "Not provided"
    }
  },
  "Access_and_Distribution": {
    "Download_Link": "Not provided",
    "Model_Variants": [
      {
        "Name": "wav2vec2-large-slavic-parlaspeech-hr-lm",
        "Link": "https://huggingface.co/classla/wav2vec2-large-slavic-parlaspeech-hr-lm",
        "Type": "Not provided",
        "Size": "Not provided",
        "Notes": "best-performing model"
      }
    ]
  },
  "Dataset": {
    "Name": "ParlaSpeech-HR v1.0",
    "Sources": "http://hdl.handle.net/11356/1494",
    "Description": "ASR Croatian parliament dataset containing 300 hours of recordings and transcripts."
  },
  "Model_Architecture": {
    "Architecture_Type": "Encoder-only Transformer",
    "Base_Architecture": "Wav2Vec2-XLS-R-300M",
    "Number_Parameters": "300M",
    "Parameters": "Not provided",
    "Input_Type": "Audio",
    "Output_Type": "Text"
  },
  "Training_Details": {
    "Training_Data": "ParlaSpeech-HR v1.0",
    "Preprocessing": "Not provided",
    "Hyperparameters": {
      "per_device_train_batch_size": 16,
      "gradient_accumulation_steps": 4,
      "num_train_epochs": 8,
      "learning_rate": "3e-4",
      "warmup_steps": 500
    }
  },
  "Evaluation": {
    "Evaluation_Data": "ParlaSpeech-HR v1.0",
    "Performance_Metrics": {
      "CER_dev": 0.0335,
      "WER_dev": 0.1046,
      "CER_test": 0.0234,
      "WER_test": 0.0761
    },
    "Source": "Not provided"
  },
  "Intended_Use": {
    "Task": [
      "automatic-speech-recognition"
    ]
  },
  "Bias_Risks_and_Limitations": {
    "Limitations": "Not provided"
  },
  "License": "Not provided"
}