{
  "Model_Description": {
    "Name": "bangla-speech-processing/BanglaASR",
    "Description": "Bangla ASR model fine-tuned from a Whisper model using the Bangla Mozilla Common Voice Dataset. It achieved a word error rate of 4.58% after 12000 training steps."
  },
  "Model_Sources": {
    "Repository": "https://github.com/saiful9379/BanglaASR/tree/main",
    "Paper": "Not provided",
    "Demo": "Not provided"
  },
  "Citation": "@misc{BanglaASR ,\n  title={Transformer Based Whisper Bangla ASR Model},\n  author={Md Saiful Islam},\n  howpublished={},\n  year={2023}\n}",
  "Contact": {
    "Author": "Md Saiful Islam",
    "Email": "Not provided",
    "Community": "Not provided"
  },
  "Technical_Requirements": {
    "Software": [
      "librosa",
      "torch",
      "torchaudio",
      "transformers"
    ],
    "Hardware": {
      "CPU": "Not provided",
      "GPU": "Not provided",
      "RAM": "Not provided",
      "Storage": "Not provided"
    }
  },
  "Access_and_Distribution": {
    "Download_Link": "Not provided",
    "Model_Variants": []
  },
  "Dataset": {
    "Name": "Mozilla Common Voice Dataset",
    "Sources": "https://commonvoice.mozilla.org/bn/datasets",
    "Description": "Contains approximately 400 hours of data, with 40k training and 7k validation MP3 samples."
  },
  "Model_Architecture": {
    "Architecture_Type": "Encoder-Decoder Transformer",
    "Base_Architecture": "Whisper",
    "Number_Parameters": "244 M",
    "Parameters": {
      "Layers": 12,
      "Width": 768,
      "Heads": 12
    },
    "Input_Type": "Audio",
    "Output_Type": "Text"
  },
  "Training_Details": {
    "Training_Data": "Mozilla Common Voice Dataset",
    "Preprocessing": "Audio resampling to 16000 Hz, feature extraction using WhisperFeatureExtractor, and tokenization using WhisperTokenizer.",
    "Hyperparameters": {
      "steps": 12000
    }
  },
  "Evaluation": {
    "Evaluation_Data": "Mozilla Common Voice Dataset",
    "Performance_Metrics": {
      "Word Error Rate": 4.58
    },
    "Source": "https://github.com/saiful9379/BanglaASR/tree/main"
  },
  "Intended_Use": {
    "Task": [
      "automatic-speech-recognition"
    ]
  },
  "Bias_Risks_and_Limitations": {
    "Limitations": "Not provided"
  },
  "License": "MIT"
}