{
  "Model_Description": {
    "Name": "city96/Wan2.1-T2V-14B-gguf",
    "Description": "This model is a direct GGUF conversion of the Wan-AI/Wan2.1-T2V-14B model, with FP16 quantization uploaded due to file size limitations."
  },
  "Model_Sources": {
    "Repository": "https://huggingface.co/Wan-AI/Wan2.1-T2V-14B",
    "Paper": "Not provided",
    "Demo": "Not provided"
  },
  "Citation": "Not provided",
  "Contact": {
    "Author": "city96",
    "Email": "Not provided",
    "Community": "Not provided"
  },
  "Technical_Requirements": {
    "Software": [
      "gguf",
      "ComfyUI-GGUF"
    ],
    "Hardware": {
      "CPU": "Not provided",
      "GPU": "Not provided",
      "RAM": "Not provided",
      "Storage": "Not provided"
    }
  },
  "Access_and_Distribution": {
    "Download_Link": "",
    "Model_Variants": [
      {
        "Name": "Wan2.1-T2V-14B-gguf (FP16)",
        "Link": "https://huggingface.co/city96/Wan2.1-T2V-14B-gguf",
        "Type": "FP16",
        "Size": "Not provided",
        "Notes": "All quants are created from the FP32 base file, though only FP16 was uploaded due to exceeding the 50GB max file limit and gguf-split loading not currently being supported in ComfyUI-GGUF."
      }
    ]
  },
  "Dataset": {
    "Name": "Not provided",
    "Sources": "Not provided",
    "Description": "Not provided"
  },
  "Model_Architecture": {
    "Architecture_Type": "Not provided",
    "Base_Architecture": "Wan2.1-T2V",
    "Number_Parameters": "14B",
    "Parameters": "Not provided",
    "Input_Type": "Not provided",
    "Output_Type": "Not provided"
  },
  "Training_Details": {
    "Training_Data": "Not provided",
    "Preprocessing": "Not provided",
    "Hyperparameters": "Not provided"
  },
  "Evaluation": {
    "Evaluation_Data": "Not provided",
    "Performance_Metrics": "Not provided",
    "Source": "Not provided"
  },
  "Intended_Use": {
    "Task": [
      "text-to-video"
    ]
  },
  "Bias_Risks_and_Limitations": {
    "Limitations": "The original FP32 base file exceeded the 50GB max file limit, leading to only FP16 being uploaded. GGUF-split loading is not currently supported in ComfyUI-GGUF."
  },
  "License": "Apache-2.0"
}