{
  "Model_Description": {
    "Name": "city96/Wan2.1-I2V-14B-480P-gguf",
    "Description": "This is a direct GGUF conversion of Wan-AI/Wan2.1-I2V-14B-480P."
  },
  "Model_Sources": {
    "Repository": "https://huggingface.co/Wan-AI/Wan2.1-I2V-14B-480P",
    "Paper": "Not provided",
    "Demo": "Not provided"
  },
  "Citation": "Not provided",
  "Contact": {
    "Author": "city96",
    "Email": "Not provided",
    "Community": "Not provided"
  },
  "Technical_Requirements": {
    "Software": [
      "ComfyUI-GGUF"
    ],
    "Hardware": {
      "CPU": "Not provided",
      "GPU": "Not provided",
      "RAM": "Not provided",
      "Storage": "Not provided"
    }
  },
  "Access_and_Distribution": {
    "Download_Link": "Not provided",
    "Model_Variants": [
      {
        "Name": "Not provided",
        "Link": "https://huggingface.co/city96/Wan2.1-I2V-14B-480P-gguf",
        "Type": "FP16",
        "Size": "Not provided",
        "Notes": "Not provided"
      }
    ]
  },
  "Dataset": {
    "Name": "Not provided",
    "Sources": "Not provided",
    "Description": "Not provided"
  },
  "Model_Architecture": {
    "Architecture_Type": "Not provided",
    "Base_Architecture": "Wan-AI/Wan2.1-I2V-14B-480P",
    "Number_Parameters": "14B",
    "Parameters": "Not provided",
    "Input_Type": "Image",
    "Output_Type": "Video"
  },
  "Training_Details": {
    "Training_Data": "Not provided",
    "Preprocessing": "Not provided",
    "Hyperparameters": "Not provided"
  },
  "Evaluation": {
    "Evaluation_Data": "Not provided",
    "Performance_Metrics": "Not provided",
    "Source": "Not provided"
  },
  "Intended_Use": {
    "Task": [
      "video-generation",
      "image-to-video"
    ]
  },
  "Bias_Risks_and_Limitations": {
    "Limitations": "FP32 base file exceeded 50GB max file limit, and gguf-split loading is not currently supported in ComfyUI-GGUF."
  },
  "License": "Apache-2.0"
}