{
  "Model_Description": {
    "Name": "city96/Wan2.1-I2V-14B-720P-gguf",
    "Description": "This is a direct GGUF conversion of Wan-AI/Wan2.1-I2V-14B-720P."
  },
  "Model_Sources": {
    "Repository": "https://huggingface.co/Wan-AI/Wan2.1-I2V-14B-720P",
    "Paper": "Not provided",
    "Demo": "Not provided"
  },
  "Citation": "Not provided",
  "Contact": {
    "Author": "city96",
    "Email": "Not provided",
    "Community": "Not provided"
  },
  "Technical_Requirements": {
    "Software": [
      "ComfyUI-GGUF"
    ],
    "Hardware": {
      "CPU": "Not provided",
      "GPU": "Not provided",
      "RAM": "Not provided",
      "Storage": "Not provided"
    }
  },
  "Access_and_Distribution": {
    "Download_Link": "",
    "Model_Variants": []
  },
  "Dataset": {
    "Name": "Not provided",
    "Sources": "Not provided",
    "Description": "Not provided"
  },
  "Model_Architecture": {
    "Architecture_Type": "Not provided",
    "Base_Architecture": "Wan2.1-I2V",
    "Number_Parameters": "14B",
    "Parameters": "Not provided",
    "Input_Type": "Image",
    "Output_Type": "Video"
  },
  "Training_Details": {
    "Training_Data": "Not provided",
    "Preprocessing": "Not provided",
    "Hyperparameters": "Not provided"
  },
  "Evaluation": {
    "Evaluation_Data": "Not provided",
    "Performance_Metrics": "Not provided",
    "Source": "Not provided"
  },
  "Intended_Use": {
    "Task": [
      "Video Generation",
      "Image to Video"
    ]
  },
  "Bias_Risks_and_Limitations": {
    "Limitations": "Only FP16 was uploaded due to exceeding the 50GB max file limit and gguf-split loading not currently being supported in ComfyUI-GGUF."
  },
  "License": "Apache-2.0"
}