{
  "Model_Description": {
    "Name": "bioptimus/H-optimus-0",
    "Description": "H-optimus-0 is an open-source foundation model for histology, developed by Bioptimus. It is a 1.1B parameter vision transformer trained on a proprietary collection of over 500,000 H&E stained whole slide histology images."
  },
  "Model_Sources": {
    "Repository": "https://github.com/bioptimus/releases/tree/main/models/h-optimus/v0?utm_source=owkin&utm_medium=referral&utm_campaign=h-bioptimus-o",
    "Paper": "Not provided",
    "Demo": "Not provided"
  },
  "Citation": "@software{hoptimus0,\n  author = {Saillard, Charlie and Jenatton, Rodolphe and Llinares-López, Felipe and Mariet, Zelda and Cahané, David and Durand, Eric and Vert, Jean-Philippe},\n  title = {H-optimus-0},\n  url = {https://github.com/bioptimus/releases/tree/main/models/h-optimus/v0},\n  year = {2024},\n}",
  "Contact": {
    "Author": [
      "Saillard, Charlie",
      "Jenatton, Rodolphe",
      "Llinares-López, Felipe",
      "Mariet, Zelda",
      "Cahané, David",
      "Durand, Eric",
      "Vert, Jean-Philippe"
    ],
    "Email": "Not provided",
    "Community": "Not provided"
  },
  "Technical_Requirements": {
    "Software": [
      "huggingface_hub",
      "torch",
      "timm",
      "torchvision"
    ],
    "Hardware": {
      "CPU": "Not provided",
      "GPU": "NVIDIA GPU",
      "RAM": "Not provided",
      "Storage": "Not provided"
    }
  },
  "Access_and_Distribution": {
    "Download_Link": "Not provided",
    "Model_Variants": []
  },
  "Dataset": {
    "Name": "proprietary collection of more than 500,000 H&E stained whole slide histology images",
    "Sources": "Not provided",
    "Description": "A proprietary collection of more than 500,000 H&E stained whole slide histology images."
  },
  "Model_Architecture": {
    "Architecture_Type": "Vision Transformer",
    "Base_Architecture": "Not provided",
    "Number_Parameters": "1.1B",
    "Parameters": {
      "image_size": "224x224"
    },
    "Input_Type": "Image",
    "Output_Type": "Features"
  },
  "Training_Details": {
    "Training_Data": "proprietary collection of more than 500,000 H&E stained whole slide histology images",
    "Preprocessing": [
      "Image resizing to 224x224",
      "Normalization with specific mean and std values"
    ],
    "Hyperparameters": "Not provided"
  },
  "Evaluation": {
    "Evaluation_Data": "Not provided",
    "Performance_Metrics": "Not provided",
    "Source": "Not provided"
  },
  "Intended_Use": {
    "Task": [
      "image-feature-extraction",
      "Biomarker Discovery",
      "Diagnostics"
    ]
  },
  "Bias_Risks_and_Limitations": {
    "Limitations": "This model is provided “as-is” without warranties of any kind, express or implied. It has not been reviewed, certified, or approved by any regulatory body for medical device use. Users assume full responsibility for its use and compliance with data protection regulations."
  },
  "License": "Apache-2.0"
}