{
  "Model_Description": {
    "Name": "CodeSage-Large-v2",
    "Description": "CodeSage is a family of open code embedding models with an encoder architecture that supports a wide range of source code understanding tasks. This V2 model enhances semantic search performance through improved contrastive learning data quality."
  },
  "Model_Sources": {
    "Repository": "https://huggingface.co/codesage/codesage-large-v2",
    "Paper": "https://arxiv.org/abs/2402.01935",
    "Demo": "Not provided"
  },
  "Citation": "@inproceedings{\n    zhang2024code,\n    title={{CODE} {REPRESENTATION} {LEARNING} {AT} {SCALE}},\n    author={Dejiao Zhang and Wasi Uddin Ahmad and Ming Tan and Hantian Ding and Ramesh Nallapati and Dan Roth and Xiaofei Ma and Bing Xiang},\n    booktitle={The Twelfth International Conference on Learning Representations},\n    year={2024},\n    url={https://openreview.net/forum?id=vfzRRjumpX}\n}",
  "Contact": {
    "Author": [
      "Dejiao Zhang",
      "Wasi Uddin Ahmad",
      "Ming Tan",
      "Hantian Ding",
      "Ramesh Nallapati",
      "Dan Roth",
      "Xiaofei Ma",
      "Bing Xiang"
    ],
    "Email": "Not provided",
    "Community": "Not provided"
  },
  "Technical_Requirements": {
    "Software": [
      "transformers",
      "sentence_transformers"
    ],
    "Hardware": {
      "CPU": "Not provided",
      "GPU": "Not provided",
      "RAM": "Not provided",
      "Storage": "Not provided"
    }
  },
  "Access_and_Distribution": {
    "Download_Link": "https://huggingface.co/codesage/codesage-large-v2",
    "Model_Variants": []
  },
  "Dataset": {
    "Name": [
      "bigcode/the-stack-dedup",
      "bigcode/the-stack-v2",
      "The Stack",
      "The Stack V2"
    ],
    "Sources": [
      "https://huggingface.co/datasets/bigcode/the-stack-dedup",
      "https://huggingface.co/datasets/bigcode/the-stack-v2"
    ],
    "Description": "The datasets contain initial sets of (text, code) pairs, specifically summaries and function/class bodies, used for training code embedding models."
  },
  "Model_Architecture": {
    "Architecture_Type": "Encoder",
    "Base_Architecture": "Not provided",
    "Number_Parameters": "1.3B",
    "Parameters": {
      "embedding_dimension": 2048
    },
    "Input_Type": "Code",
    "Output_Type": "Code Embeddings"
  },
  "Training_Details": {
    "Training_Data": [
      "The Stack",
      "The Stack V2"
    ],
    "Preprocessing": "Masked Language Modeling (MLM), deobfuscation, contrastive learning with filtered data, consistency filtering, simple rule-based filtering, extraction of (text, code) pairs (summaries and function/class bodies) from The Stack V2.",
    "Hyperparameters": "Not provided"
  },
  "Evaluation": {
    "Evaluation_Data": "Not provided",
    "Performance_Metrics": {
      "Code2Code Search - Python": 61.11,
      "Code2Code Search - Java": 47.09,
      "Code2Code Search - JS": 51.18,
      "Code2Code Search - TS": 60.67,
      "Code2Code Search - C#": 28.04,
      "Code2Code Search - C": 43.4,
      "Code2Code Search - Ruby": 60.74,
      "Code2Code Search - PhP": 67.87,
      "Code2Code Search - GO": 43.86,
      "Code2Code Search - AVG": 51.55,
      "NL2Code Search - CoSQA": 53.18,
      "NL2Code Search - AdvTest": 56.31,
      "NL2Code Search - Python": 74.18,
      "NL2Code Search - Java": 72.33,
      "NL2Code Search - JS": 72.49,
      "NL2Code Search - PhP": 65.26,
      "NL2Code Search - GO": 84.67,
      "NL2Code Search - Ruby": 76.61,
      "NL2Code Search - Avg": 69.38
    },
    "Source": "Not provided"
  },
  "Intended_Use": {
    "Task": [
      "code embedding",
      "source code understanding",
      "semantic search"
    ]
  },
  "Bias_Risks_and_Limitations": {
    "Limitations": "Not provided"
  },
  "License": "apache-2.0"
}