{
  "Model_Description": {
    "Name": "boris/xlsr-en-punctuation",
    "Description": "Fine-tuned facebook/wav2vec2-large-xlsr-53 on English using the Common Voice dataset for automatic speech recognition."
  },
  "Model_Sources": {
    "Repository": "https://huggingface.co/facebook/wav2vec2-large-xlsr-53",
    "Paper": "Not provided",
    "Demo": "Not provided"
  },
  "Citation": "Not provided",
  "Contact": {
    "Author": "Not provided",
    "Email": "Not provided",
    "Community": "Not provided"
  },
  "Technical_Requirements": {
    "Software": [
      "torch",
      "torchaudio",
      "datasets",
      "transformers",
      "re"
    ],
    "Hardware": {
      "CPU": "Not provided",
      "GPU": "NVIDIA GPU",
      "RAM": "Not provided",
      "Storage": "Not provided"
    }
  },
  "Access_and_Distribution": {
    "Download_Link": "Not provided",
    "Model_Variants": []
  },
  "Dataset": {
    "Name": "Common Voice",
    "Sources": "https://huggingface.co/datasets/common_voice",
    "Description": "Not provided"
  },
  "Model_Architecture": {
    "Architecture_Type": "Not provided",
    "Base_Architecture": "Wav2Vec2-Large-XLSR-53",
    "Number_Parameters": "Not provided",
    "Parameters": "Not provided",
    "Input_Type": "Audio",
    "Output_Type": "Text"
  },
  "Training_Details": {
    "Training_Data": "Common Voice (train, validation)",
    "Preprocessing": [
      "Resampling audio from 48kHz to 16kHz",
      "Loading audio files as arrays",
      "Removing special characters from sentences and lowercasing"
    ],
    "Hyperparameters": "Not provided"
  },
  "Evaluation": {
    "Evaluation_Data": "Common Voice (test data)",
    "Performance_Metrics": {
      "WER": "Not provided"
    },
    "Source": "Not provided"
  },
  "Intended_Use": {
    "Task": [
      "automatic-speech-recognition"
    ]
  },
  "Bias_Risks_and_Limitations": {
    "Limitations": "Not provided"
  },
  "License": "Apache-2.0"
}