{
  "Model_Description": {
    "Name": "gte-reranker-modernbert-base",
    "Description": "The `gte-reranker-modernbert-base` is part of the `gte-modernbert` series, built upon modernBERT pre-trained encoder-only foundation models. It functions as a text reranker, demonstrating competitive performance in text retrieval evaluation tasks."
  },
  "Model_Sources": {
    "Repository": "https://huggingface.co/Alibaba-NLP/gte-reranker-modernbert-base",
    "Paper": "https://aclanthology.org/2024.emnlp-industry.103/",
    "Demo": "Not provided"
  },
  "Citation": [
    "@inproceedings{zhang2024mgte,\n  title={mGTE: Generalized Long-Context Text Representation and Reranking Models for Multilingual Text Retrieval},\n  author={Zhang, Xin and Zhang, Yanzhao and Long, Dingkun and Xie, Wen and Dai, Ziqi and Tang, Jialong and Lin, Huan and Yang, Baosong and Xie, Pengjun and Huang, Fei and others},\n  booktitle={Proceedings of the 2024 Conference on Empirical Methods in Natural Language Processing: Industry Track},\n  pages={1393--1412},\n  year={2024}\n}",
    "@article{li2023towards,\n  title={Towards general text embeddings with multi-stage contrastive learning},\n  author={Li, Zehan and Zhang, Xin and Zhang, Yanzhao and Long, Dingkun and Xie, Pengjun and Zhang, Meishan},\n  journal={arXiv preprint arXiv:2308.03281},\n  year={2023}\n}"
  ],
  "Contact": {
    "Author": "Tongyi Lab, Alibaba Group",
    "Email": "dingkun.ldk@alibaba-inc.com",
    "Community": "Not provided"
  },
  "Technical_Requirements": {
    "Software": [
      "Python",
      "PyTorch",
      "transformers>=4.48.0",
      "sentence-transformers"
    ],
    "Hardware": {
      "CPU": "Not provided",
      "GPU": "Not provided",
      "RAM": "Not provided",
      "Storage": "Not provided"
    }
  },
  "Access_and_Distribution": {
    "Download_Link": "https://huggingface.co/Alibaba-NLP/gte-reranker-modernbert-base",
    "Model_Variants": []
  },
  "Dataset": {
    "Name": "Not provided",
    "Sources": "Not provided",
    "Description": "Not provided"
  },
  "Model_Architecture": {
    "Architecture_Type": "Encoder-only Transformer",
    "Base_Architecture": "ModernBERT-base",
    "Number_Parameters": "149M",
    "Parameters": {
      "max_input_length": "8192 tokens"
    },
    "Input_Type": "Text Pair",
    "Output_Type": "Numerical Scores"
  },
  "Training_Details": {
    "Training_Data": "Not provided",
    "Preprocessing": "Not provided",
    "Hyperparameters": "Not provided"
  },
  "Evaluation": {
    "Evaluation_Data": [
      "MTEB",
      "LoCo",
      "COIR",
      "BEIR"
    ],
    "Performance_Metrics": {
      "LoCo": {
        "Average (5)": 90.68,
        "QsmsumRetrieval": 70.86,
        "SummScreenRetrieval": 94.06,
        "QasperAbastractRetrieval": 99.73,
        "QasperTitleRetrieval": 99.11,
        "GovReportRetrieval": 89.67
      },
      "COIR": {
        "Average(20)": 79.99,
        "CodeSearchNet-ccr-go": 96.43,
        "CodeSearchNet-ccr-java": 96.88,
        "CodeSearchNet-ccr-javascript": 98.32,
        "CodeSearchNet-ccr-php": 91.81,
        "CodeSearchNet-ccr-python": 97.7,
        "CodeSearchNet-ccr-ruby": 91.96,
        "CodeSearchNet-go": 88.81,
        "CodeSearchNet-java": 79.71,
        "CodeSearchNet-javascript": 76.27,
        "CodeSearchNet-php": 89.39,
        "CodeSearchNet-python": 98.37,
        "CodeSearchNet-ruby": 84.11,
        "apps": 47.57,
        "codefeedback-mt": 83.37,
        "codefeedback-st": 88.91,
        "codetrans-contest": 49.66,
        "codetrans-dl": 36.36,
        "cosqa": 44.37,
        "stackoverflow-qa": 89.58,
        "synthetic-text2sql": 64.21
      },
      "BEIR": {
        "Average(15)": 56.73,
        "ArguAna": 69.03,
        "ClimateFEVER": 37.79,
        "CQADupstackAndroidRetrieval": 44.68,
        "DBPedia": 47.23,
        "FEVER": 94.54,
        "FiQA2018": 49.81,
        "HotpotQA": 78.16,
        "MSMARCO": 45.38,
        "NFCorpus": 30.69,
        "NQ": 64.57,
        "QuoraRetrieval": 87.77,
        "SCIDOCS": 20.6,
        "SciFact": 73.57,
        "Touche2020": 27.36,
        "TRECCOVID": 79.89
      }
    },
    "Source": "https://huggingface.co/spaces/mteb/leaderboard"
  },
  "Intended_Use": {
    "Task": [
      "text-ranking",
      "text reranker"
    ]
  },
  "Bias_Risks_and_Limitations": {
    "Limitations": "Not provided"
  },
  "License": "Apache-2.0"
}