{
  "Model_Description": {
    "Name": "Alibaba-NLP/gte-modernbert-base",
    "Description": "The `gte-modernbert` series of models are built upon the latest modernBERT pre-trained encoder-only foundation models, including both text embedding models and rerank models. They demonstrate competitive performance in text embedding and text retrieval evaluation tasks such as MTEB, LoCO, and COIR."
  },
  "Model_Sources": {
    "Repository": "https://huggingface.co/Alibaba-NLP/gte-modernbert-base",
    "Paper": "https://aclanthology.org/2024.emnlp-industry.103/",
    "Demo": "Not provided"
  },
  "Citation": [
    "@inproceedings{zhang2024mgte,\n  title={mGTE: Generalized Long-Context Text Representation and Reranking Models for Multilingual Text Retrieval},\n  author={Zhang, Xin and Zhang, Yanzhao and Long, Dingkun and Xie, Wen and Dai, Ziqi and Tang, Jialong and Lin, Huan and Yang, Baosong and Xie, Pengjun and Huang, Fei and others},\n  booktitle={Proceedings of the 2024 Conference on Empirical Methods in Natural Language Processing: Industry Track},\n  pages={1393--1412},\n  year={2024}\n}",
    "@article{li2023towards,\n  title={Towards general text embeddings with multi-stage contrastive learning},\n  author={Li, Zehan and Zhang, Xin and Zhang, Yanzhao and Long, Dingkun and Xie, Pengjun and Zhang, Meishan},\n  journal={arXiv preprint arXiv:2308.03281},\n  year={2023}\n}"
  ],
  "Contact": {
    "Author": "Tongyi Lab, Alibaba Group",
    "Email": "dingkun.ldk@alibaba-inc.com",
    "Community": "Not provided"
  },
  "Technical_Requirements": {
    "Software": [
      "transformers>=4.48.0",
      "sentence-transformers",
      "flash_attn",
      "@huggingface/transformers",
      "Text Embeddings Inference (TEI)"
    ],
    "Hardware": {
      "CPU": "Not provided",
      "GPU": "Not provided",
      "RAM": "Not provided",
      "Storage": "Not provided"
    }
  },
  "Access_and_Distribution": {
    "Download_Link": "https://huggingface.co/Alibaba-NLP/gte-modernbert-base",
    "Model_Variants": [
      {
        "Name": "gte-modernbert-base",
        "Link": "https://huggingface.co/Alibaba-NLP/gte-modernbert-base",
        "Type": "text embedding",
        "Size": "149M",
        "Notes": "Not provided"
      },
      {
        "Name": "gte-reranker-modernbert-base",
        "Link": "https://huggingface.co/Alibaba-NLP/gte-reranker-modernbert-base",
        "Type": "text reranker",
        "Size": "149M",
        "Notes": "Not provided"
      }
    ]
  },
  "Dataset": {
    "Name": "Not provided",
    "Sources": "Not provided",
    "Description": "Not provided"
  },
  "Model_Architecture": {
    "Architecture_Type": "Encoder-only Transformer",
    "Base_Architecture": "ModernBERT-base",
    "Number_Parameters": "149M",
    "Parameters": {
      "Max Input Length": "8192 tokens",
      "Output Dimension": 768
    },
    "Input_Type": "Text",
    "Output_Type": "Embeddings"
  },
  "Training_Details": {
    "Training_Data": "Not provided",
    "Preprocessing": "Not provided",
    "Hyperparameters": "Not provided"
  },
  "Evaluation": {
    "Evaluation_Data": [
      "MTEB",
      "LoCo (Long Document Retrieval)",
      "COIR (Code Retrieval Task)",
      "BEIR"
    ],
    "Performance_Metrics": {
      "MTEB Average (56)": 64.38,
      "MTEB Class. (12)": 76.99,
      "MTEB Clust. (11)": 46.47,
      "MTEB Pair Class. (3)": 85.93,
      "MTEB Reran. (4)": 59.24,
      "MTEB Retr. (15)": 55.33,
      "MTEB STS (10)": 81.57,
      "MTEB Summ. (1)": 30.68,
      "LoCo Average (5)": 88.88,
      "LoCo QsmsumRetrieval": 54.45,
      "LoCo SummScreenRetrieval": 93.0,
      "LoCo QasperAbastractRetrieval": 99.82,
      "LoCo QasperTitleRetrieval": 98.03,
      "LoCo GovReportRetrieval": 98.7,
      "COIR Average(20)": 79.31,
      "COIR CodeSearchNet-ccr-go": 94.15,
      "COIR CodeSearchNet-ccr-java": 93.57,
      "COIR CodeSearchNet-ccr-javascript": 94.27,
      "COIR CodeSearchNet-ccr-php": 91.51,
      "COIR CodeSearchNet-ccr-python": 93.93,
      "COIR CodeSearchNet-ccr-ruby": 90.63,
      "COIR CodeSearchNet-go": 88.32,
      "COIR CodeSearchNet-java": 83.27,
      "COIR CodeSearchNet-javascript": 76.05,
      "COIR CodeSearchNet-php": 85.12,
      "COIR CodeSearchNet-python": 88.16,
      "COIR CodeSearchNet-ruby": 77.59,
      "COIR apps": 57.54,
      "COIR codefeedback-mt": 82.34,
      "COIR codefeedback-st": 85.95,
      "COIR codetrans-contest": 71.89,
      "COIR codetrans-dl": 35.46,
      "COIR cosqa": 43.47,
      "COIR stackoverflow-qa": 91.2,
      "COIR synthetic-text2sql": 61.87,
      "BEIR Average(15)": 55.33,
      "BEIR ArguAna": 72.68,
      "BEIR ClimateFEVER": 37.74,
      "BEIR CQADupstackAndroidRetrieval": 42.63,
      "BEIR DBPedia": 41.79,
      "BEIR FEVER": 91.03,
      "BEIR FiQA2018": 48.81,
      "BEIR HotpotQA": 69.47,
      "BEIR MSMARCO": 40.9,
      "BEIR NFCorpus": 36.44,
      "BEIR NQ": 57.62,
      "BEIR QuoraRetrieval": 88.55,
      "BEIR SCIDOCS": 21.29,
      "BEIR SciFact": 77.4,
      "BEIR Touche2020": 21.68,
      "BEIR TRECCOVID": 81.95
    },
    "Source": "https://huggingface.co/spaces/mteb/leaderboard"
  },
  "Intended_Use": {
    "Task": [
      "sentence-similarity",
      "text embedding",
      "text retrieval"
    ]
  },
  "Bias_Risks_and_Limitations": {
    "Limitations": "Not provided"
  },
  "License": "Apache-2.0"
}