{
  "Model_Description": {
    "Name": "Alibaba-NLP/gte-multilingual-base",
    "Description": "The gte-multilingual-base model is the latest in the GTE (General Text Embedding) family of models. It achieves state-of-the-art results in multilingual retrieval tasks and multi-task representation model evaluations, featuring an encoder-only transformers architecture, long context support up to 8192 tokens, and multilingual capability for over 70 languages."
  },
  "Model_Sources": {
    "Repository": "https://huggingface.co/Alibaba-NLP/gte-multilingual-base",
    "Paper": "https://arxiv.org/pdf/2407.19669",
    "Demo": "Not provided"
  },
  "Citation": "@inproceedings{zhang2024mgte,\n  title={mGTE: Generalized Long-Context Text Representation and Reranking Models for Multilingual Text Retrieval},\n  author={Zhang, Xin and Zhang, Yanzhao and Long, Dingkun and Xie, Wen and Dai, Ziqi and Tang, Jialong and Lin, Huan and Yang, Baosong and Xie, Pengjun and Huang, Fei and others},\n  booktitle={Proceedings of the 2024 Conference on Empirical Methods in Natural Language Processing: Industry Track},\n  pages={1393--1412},\n  year={2024}\n}",
  "Contact": {
    "Author": [
      "Zhang, Xin",
      "Zhang, Yanzhao",
      "Long, Dingkun",
      "Xie, Wen",
      "Dai, Ziqi",
      "Tang, Jialong",
      "Lin, Huan",
      "Yang, Baosong",
      "Xie, Pengjun",
      "Huang, Fei",
      "others"
    ],
    "Email": "Not provided",
    "Community": [
      "https://huggingface.co/Alibaba-NLP/new-impl#recommendation-enable-unpadding-and-acceleration-with-xformers",
      "https://huggingface.co/Alibaba-NLP/new-impl/discussions/2#662b08d04d8c3d0a09c88fa3",
      "https://huggingface.co/Alibaba-NLP/gte-multilingual-base/discussions/7#66bfb82ea03b764ca92a2221"
    ]
  },
  "Technical_Requirements": {
    "Software": [
      "transformers>=4.36.0",
      "sentence-transformers>=3.0.0",
      "xformers"
    ],
    "Hardware": {
      "CPU": "Not provided",
      "GPU": "cuda",
      "RAM": "Not provided",
      "Storage": "Not provided"
    }
  },
  "Access_and_Distribution": {
    "Download_Link": "Not provided",
    "Model_Variants": []
  },
  "Dataset": {
    "Name": [
      "MIRACL",
      "MLDR",
      "MKQA",
      "BEIR",
      "LoCo",
      "MTEB Leaderboard"
    ],
    "Sources": [
      "https://arxiv.org/abs/2210.09984",
      "https://arxiv.org/abs/2402.03216",
      "https://arxiv.org/abs/2007.15207",
      "https://arxiv.org/abs/2104.08663",
      "https://arxiv.org/abs/2402.07440",
      "https://huggingface.co/spaces/mteb/leaderboard"
    ],
    "Description": "Not provided"
  },
  "Model_Architecture": {
    "Architecture_Type": "encoder-only transformers",
    "Base_Architecture": "GTE",
    "Number_Parameters": "305M",
    "Parameters": {
      "Embedding Dimension": 768,
      "Max Input Tokens": 8192
    },
    "Input_Type": "Text",
    "Output_Type": "Text Embeddings"
  },
  "Training_Details": {
    "Training_Data": "Not provided",
    "Preprocessing": "Tokenization with max_length=8192, padding=True, truncation=True",
    "Hyperparameters": "Not provided"
  },
  "Evaluation": {
    "Evaluation_Data": [
      "MIRACL",
      "MLDR",
      "MKQA",
      "BEIR",
      "LoCo",
      "MTEB English",
      "MTEB Chinese",
      "MTEB French",
      "MTEB Polish"
    ],
    "Performance_Metrics": {
      "v_measure": 33.66681726329994,
      "cos_sim_spearman": 43.54760696384009,
      "accuracy": 41.689860834990064,
      "map": 64.91495250072002,
      "ndcg_at_10": 53.638,
      "f1": 98.6169102296451,
      "cos_sim_ap": 74.90132799162956
    },
    "Source": "https://huggingface.co/spaces/mteb/leaderboard"
  },
  "Intended_Use": {
    "Task": [
      "multilingual text retrieval",
      "text embedding",
      "sentence similarity"
    ]
  },
  "Bias_Risks_and_Limitations": {
    "Limitations": "Not provided"
  },
  "License": "Apache-2.0"
}