{
  "Model_Description": {
    "Name": "Alibaba-NLP/gte-multilingual-reranker-base",
    "Description": "The gte-multilingual-reranker-base model is the first reranker model in the GTE family. It is an encoder-only transformer model designed for high performance in multilingual retrieval tasks, supporting over 70 languages and long contexts up to 8192 tokens."
  },
  "Model_Sources": {
    "Repository": "https://huggingface.co/Alibaba-NLP/gte-multilingual-reranker-base",
    "Paper": "https://arxiv.org/pdf/2407.19669",
    "Demo": "Not provided"
  },
  "Citation": "@inproceedings{zhang2024mgte,\n  title={mGTE: Generalized Long-Context Text Representation and Reranking Models for Multilingual Text Retrieval},\n  author={Zhang, Xin and Zhang, Yanzhao and Long, Dingkun and Xie, Wen and Dai, Ziqi and Tang, Jialong and Lin, Huan and Yang, Baosong and Xie, Pengjun and Huang, Fei and others},\n  booktitle={Proceedings of the 2024 Conference on Empirical Methods in Natural Language Processing: Industry Track},\n  pages={1393--1412},\n  year={2024}\n}",
  "Contact": {
    "Author": [
      "Zhang, Xin",
      "Zhang, Yanzhao",
      "Long, Dingkun",
      "Xie, Wen",
      "Dai, Ziqi",
      "Tang, Jialong",
      "Lin, Huan",
      "Yang, Baosong",
      "Xie, Pengjun",
      "Huang, Fei",
      "others"
    ],
    "Email": "Not provided",
    "Community": [
      "https://huggingface.co/Alibaba-NLP/new-impl/discussions/2#662b08d04d8c3d0a09c88fa3",
      "https://huggingface.co/collections/Alibaba-NLP/gte-models-6680f0b13f885cb431e6d469"
    ]
  },
  "Technical_Requirements": {
    "Software": [
      "Python",
      "transformers >= 4.36.0",
      "torch",
      "xformers",
      "docker"
    ],
    "Hardware": {
      "CPU": "Not provided",
      "GPU": "Not provided",
      "RAM": "Not provided",
      "Storage": "Not provided"
    }
  },
  "Access_and_Distribution": {
    "Download_Link": "Not provided",
    "Model_Variants": []
  },
  "Dataset": {
    "Name": "multiple text retreival datasets",
    "Sources": "Not provided",
    "Description": "Not provided"
  },
  "Model_Architecture": {
    "Architecture_Type": "Encoder-only Transformer",
    "Base_Architecture": "GTE family of models",
    "Number_Parameters": "306M",
    "Parameters": {
      "Max Input Tokens": 8192
    },
    "Input_Type": "Text",
    "Output_Type": "Scores"
  },
  "Training_Details": {
    "Training_Data": "Not provided",
    "Preprocessing": "Padding, truncation, max_length=512",
    "Hyperparameters": {
      "torch_dtype": "torch.float16",
      "batch_size": 32
    }
  },
  "Evaluation": {
    "Evaluation_Data": "multiple text retreival datasets",
    "Performance_Metrics": "Not provided",
    "Source": "https://arxiv.org/pdf/2407.19669"
  },
  "Intended_Use": {
    "Task": [
      "text-ranking",
      "multilingual retrieval tasks"
    ]
  },
  "Bias_Risks_and_Limitations": {
    "Limitations": "Not provided"
  },
  "License": "Apache-2.0"
}