{
  "Model_Description": {
    "Name": "Alibaba-NLP/Tongyi-DeepResearch-30B-A3B",
    "Description": "Tongyi DeepResearch is an agentic large language model featuring 30 billion total parameters, designed for long-horizon, deep information-seeking tasks. It demonstrates state-of-the-art performance across various agentic search benchmarks."
  },
  "Model_Sources": {
    "Repository": "https://github.com/Alibaba-NLP/DeepResearch",
    "Paper": "Not provided",
    "Demo": "Not provided"
  },
  "Citation": "@misc{tongyidr,\n  author={Tongyi DeepResearch Team},\n  title={Tongyi-DeepResearch},\n  year={2025},\n  howpublished={\\url{https://github.com/Alibaba-NLP/DeepResearch}}\n}",
  "Contact": {
    "Author": "Tongyi DeepResearch Team",
    "Email": "Not provided",
    "Community": "Not provided"
  },
  "Technical_Requirements": {
    "Software": "Not provided",
    "Hardware": {
      "CPU": "Not provided",
      "GPU": "Not provided",
      "RAM": "Not provided",
      "Storage": "Not provided"
    }
  },
  "Access_and_Distribution": {
    "Download_Link": "",
    "Model_Variants": []
  },
  "Dataset": {
    "Name": "Not provided",
    "Sources": "Not provided",
    "Description": "Not provided"
  },
  "Model_Architecture": {
    "Architecture_Type": "Agentic Large Language Model",
    "Base_Architecture": "Not provided",
    "Number_Parameters": "30B",
    "Parameters": {
      "total_parameters": "30B",
      "activated_parameters_per_token": "3B"
    },
    "Input_Type": "Text",
    "Output_Type": "Text"
  },
  "Training_Details": {
    "Training_Data": "agentic interaction data",
    "Preprocessing": "Fully automated synthetic data generation pipeline; Large-scale continual pre-training on agentic data; End-to-end reinforcement learning based on Group Relative Policy Optimization framework, with token-level policy gradients, leave-one-out advantage estimation, and selective filtering of negative samples.",
    "Hyperparameters": "Not provided"
  },
  "Evaluation": {
    "Evaluation_Data": "Humanity's Last Exam, BrowserComp, BrowserComp-ZH, WebWalkerQA, GAIA, xbench-DeepSearch, FRAMES",
    "Performance_Metrics": "Not provided",
    "Source": "Not provided"
  },
  "Intended_Use": {
    "Task": [
      "long-horizon, deep information-seeking",
      "text-generation"
    ]
  },
  "Bias_Risks_and_Limitations": {
    "Limitations": "Not provided"
  },
  "License": "Apache-2.0"
}