{
  "Model_Description": {
    "Name": "ashawkey/zero123-xl-diffusers",
    "Description": "A generative model for zero-shot 3D object generation from a single image, intended for research purposes including artwork generation and understanding generative model limitations."
  },
  "Model_Sources": {
    "Repository": "https://huggingface.co/ashawkey/zero123-xl-diffusers",
    "Paper": "https://arxiv.org/abs/2303.11328",
    "Demo": "Not provided"
  },
  "Citation": "@misc{liu2023zero1to3,\n      title={Zero-1-to-3: Zero-shot One Image to 3D Object}, \n      author={Ruoshi Liu and Rundi Wu and Basile Van Hoorick and Pavel Tokmakov and Sergey Zakharov and Carl Vondrick},\n      year={2023},\n      eprint={2303.11328},\n      archivePrefix={arXiv},\n      primaryClass={cs.CV}\n}",
  "Contact": {
    "Author": [
      "Ruoshi Liu",
      "Rundi Wu",
      "Basile Van Hoorick",
      "Pavel Tokmakov",
      "Sergey Zakharov",
      "Carl Vondrick"
    ],
    "Email": "Not provided",
    "Community": "Not provided"
  },
  "Technical_Requirements": {
    "Software": "Not provided",
    "Hardware": {
      "CPU": "Not provided",
      "GPU": "Not provided",
      "RAM": "Not provided",
      "Storage": "Not provided"
    }
  },
  "Access_and_Distribution": {
    "Download_Link": "Not provided",
    "Model_Variants": []
  },
  "Dataset": {
    "Name": [
      "LAION-5B",
      "Objaverse",
      "LAION-2B(en)"
    ],
    "Sources": [
      "https://laion.ai/blog/laion-5b/",
      "https://objaverse.allenai.org/"
    ],
    "Description": "LAION-5B and Objaverse are large-scale datasets that may contain adult, violent, sexual, or inappropriate content. LAION-2B(en) consists of images limited to English descriptions, leading to overrepresentation of Western cultures."
  },
  "Model_Architecture": {
    "Architecture_Type": "Generative model",
    "Base_Architecture": "Zero-1-to-3 (based on Stable Diffusion)",
    "Number_Parameters": "Not provided",
    "Parameters": "Not provided",
    "Input_Type": "Image",
    "Output_Type": "3D Object"
  },
  "Training_Details": {
    "Training_Data": [
      "LAION-5B",
      "Objaverse",
      "LAION-2B(en)"
    ],
    "Preprocessing": "Dataset filtered using LAION's NSFW detector.",
    "Hyperparameters": "Not provided"
  },
  "Evaluation": {
    "Evaluation_Data": "Not provided",
    "Performance_Metrics": "Not provided",
    "Source": "Not provided"
  },
  "Intended_Use": {
    "Task": [
      "Generation of artworks",
      "Research on generative models",
      "3D object generation from image"
    ]
  },
  "Bias_Risks_and_Limitations": {
    "Limitations": "The model has limitations in photorealism, text rendering, and proper generation of faces/people, with its autoencoding part being lossy. Furthermore, its training data (LAION-5B, Objaverse) may contain adult, violent, sexual, or inappropriate content.",
    "Bias": "The model can reinforce or exacerbate social biases, particularly due to overrepresentation of Western cultures and insufficient accounting for communities and cultures using other languages in the English-description-limited training data (LAION-2B(en))."
  },
  "License": "mit"
}