{
  "Model_Description": {
    "Name": "ahmedrachid/FinancialBERT-Sentiment-Analysis",
    "Description": "FinancialBERT is a BERT model pre-trained on a large corpora of financial texts. It was fine-tuned for Sentiment Analysis on the Financial PhraseBank dataset to enhance financial NLP research and practice."
  },
  "Model_Sources": {
    "Repository": "https://huggingface.co/ahmedrachid/FinancialBERT",
    "Paper": "https://www.researchgate.net/publication/358284785_FinancialBERT_-_A_Pretrained_Language_Model_for_Financial_Text_Mining",
    "Demo": "Not provided"
  },
  "Citation": "Not provided",
  "Contact": {
    "Author": "Ahmed Rachid Hazourli",
    "Email": "Not provided",
    "Community": "Not provided"
  },
  "Technical_Requirements": {
    "Software": [
      "transformers",
      "Python"
    ],
    "Hardware": {
      "CPU": "Not provided",
      "GPU": "Not provided",
      "RAM": "Not provided",
      "Storage": "Not provided"
    }
  },
  "Access_and_Distribution": {
    "Download_Link": "Not provided",
    "Model_Variants": []
  },
  "Dataset": {
    "Name": "Financial PhraseBank",
    "Sources": "https://www.researchgate.net/publication/251231364_FinancialPhraseBank-v10",
    "Description": "A dataset consisting of 4840 Financial News categorised by sentiment (negative, neutral, positive)."
  },
  "Model_Architecture": {
    "Architecture_Type": "Transformer",
    "Base_Architecture": "BERT",
    "Number_Parameters": "Not provided",
    "Parameters": "Not provided",
    "Input_Type": "Text",
    "Output_Type": "Text"
  },
  "Training_Details": {
    "Training_Data": "Financial PhraseBank",
    "Preprocessing": "Not provided",
    "Hyperparameters": {
      "learning_rate": "2e-5",
      "batch_size": "32",
      "max_seq_length": "512",
      "num_train_epochs": "5"
    }
  },
  "Evaluation": {
    "Evaluation_Data": "Financial PhraseBank",
    "Performance_Metrics": {
      "negative_precision": 0.96,
      "negative_recall": 0.97,
      "negative_f1-score": 0.97,
      "neutral_precision": 0.98,
      "neutral_recall": 0.99,
      "neutral_f1-score": 0.98,
      "positive_precision": 0.98,
      "positive_recall": 0.97,
      "positive_f1-score": 0.97,
      "macro_avg_precision": 0.97,
      "macro_avg_recall": 0.98,
      "macro_avg_f1-score": 0.98,
      "weighted_avg_precision": 0.98,
      "weighted_avg_recall": 0.98,
      "weighted_avg_f1-score": 0.98
    },
    "Source": "Not provided"
  },
  "Intended_Use": {
    "Task": [
      "financial-sentiment-analysis",
      "sentiment-analysis"
    ]
  },
  "Bias_Risks_and_Limitations": {
    "Limitations": "Not provided"
  },
  "License": "Not provided"
}