{
  "Model_Description": {
    "Name": "black-forest-labs/FLUX.1-schnell",
    "Description": "`FLUX.1 [schnell]` is a 12 billion parameter rectified flow transformer capable of generating images from text descriptions."
  },
  "Model_Sources": {
    "Repository": "https://github.com/black-forest-labs/flux",
    "Paper": "Not provided",
    "Demo": "Not provided"
  },
  "Citation": "Not provided",
  "Contact": {
    "Author": "Not provided",
    "Email": "Not provided",
    "Community": "Not provided"
  },
  "Technical_Requirements": {
    "Software": [
      "diffusers",
      "torch"
    ],
    "Hardware": {
      "CPU": "Not provided",
      "GPU": "Not provided",
      "RAM": "Not provided",
      "Storage": "Not provided"
    }
  },
  "Access_and_Distribution": {
    "Download_Link": "Not provided",
    "Model_Variants": []
  },
  "Dataset": {
    "Name": "Not provided",
    "Sources": "Not provided",
    "Description": "Not provided"
  },
  "Model_Architecture": {
    "Architecture_Type": "rectified flow transformer",
    "Base_Architecture": "Transformer",
    "Number_Parameters": "12B",
    "Parameters": {
      "max_sequence_length": 256
    },
    "Input_Type": "Text",
    "Output_Type": "Image"
  },
  "Training_Details": {
    "Training_Data": "Not provided",
    "Preprocessing": "Not provided",
    "Hyperparameters": "Not provided"
  },
  "Evaluation": {
    "Evaluation_Data": "Not provided",
    "Performance_Metrics": "Not provided",
    "Source": "Not provided"
  },
  "Intended_Use": {
    "Task": [
      "text-to-image",
      "image-generation"
    ]
  },
  "Bias_Risks_and_Limitations": {
    "Limitations": "This model is not intended or able to provide factual information and may amplify existing societal biases. It might also fail to generate output matching prompts, with prompt following heavily influenced by style."
  },
  "License": "Apache-2.0"
}