{
  "Model_Description": {
    "Name": "AFM-4.5B-Base",
    "Description": "AFM-4.5B-Base is a 4.5 billion parameter instruction-tuned model developed by Arcee.ai, designed for enterprise-grade performance across diverse deployment environments from cloud to edge."
  },
  "Model_Sources": {
    "Repository": "https://huggingface.co/arcee-ai/AFM-4.5B-Base",
    "Paper": "Not provided",
    "Demo": "Not provided"
  },
  "Citation": "Not provided",
  "Contact": {
    "Author": "Arcee.ai",
    "Email": "Not provided",
    "Community": "Not provided"
  },
  "Technical_Requirements": {
    "Software": [
      "transformers",
      "torch"
    ],
    "Hardware": {
      "CPU": "Not provided",
      "GPU": "Not provided",
      "RAM": "Not provided",
      "Storage": "Not provided"
    }
  },
  "Access_and_Distribution": {
    "Download_Link": "Not provided",
    "Model_Variants": []
  },
  "Dataset": {
    "Name": "Not provided",
    "Sources": "Not provided",
    "Description": "The model was trained on a dataset of 8 trillion tokens, comprising 6.5 trillion tokens of general pretraining data followed by 1.5 trillion tokens of midtraining data with enhanced focus on mathematical reasoning and code generation. Following pretraining, the model underwent supervised fine-tuning on high-quality instruction datasets."
  },
  "Model_Architecture": {
    "Architecture_Type": "Decoder-only Transformer",
    "Base_Architecture": "ArceeForCausalLM",
    "Number_Parameters": "4.5B",
    "Parameters": "Not provided",
    "Input_Type": "Text",
    "Output_Type": "Text"
  },
  "Training_Details": {
    "Training_Data": "Not provided",
    "Preprocessing": "model-based quality filtering, embedding-based curation, target distribution-matching, source mixing, and synthetic data",
    "Hyperparameters": "Not provided"
  },
  "Evaluation": {
    "Evaluation_Data": "Not provided",
    "Performance_Metrics": "Not provided",
    "Source": "Not provided"
  },
  "Intended_Use": {
    "Task": [
      "instruction-tuned model",
      "mathematical reasoning",
      "code generation"
    ]
  },
  "Bias_Risks_and_Limitations": {
    "Limitations": "Not provided"
  },
  "License": "Apache-2.0"
}