{
  "Model_Description": {
    "Name": "cerebras/btlm-3b-8k-base",
    "Description": "Bittensor Language Model (BTLM-3B-8k-base) is a 3 billion parameter language model with an 8k context length trained on 627B tokens of SlimPajama. It sets a new standard for 3B parameter models, outperforming models trained on hundreds of billions more tokens and achieving comparable performance to open 7B parameter models."
  },
  "Model_Sources": {
    "Repository": "https://www.cerebras.net/blog/btlm-3b-8k-7b-performance-in-a-3-billion-parameter-model/",
    "Paper": "https://arxiv.org/abs/2309.11568",
    "Demo": "Not provided"
  },
  "Citation": "Not provided",
  "Contact": {
    "Author": [
      "Cerebras Systems",
      "Opentensor"
    ],
    "Email": "Not provided",
    "Community": "Not provided"
  },
  "Technical_Requirements": {
    "Software": [
      "transformers",
      "torch"
    ],
    "Hardware": {
      "CPU": "Not provided",
      "GPU": "Not provided",
      "RAM": "3GB",
      "Storage": "Not provided"
    }
  },
  "Access_and_Distribution": {
    "Download_Link": "https://huggingface.co/cerebras/btlm-3b-8k-base",
    "Model_Variants": [
      {
        "Name": "4-bit quantized",
        "Link": "Not provided",
        "Type": "4-bit",
        "Size": "Not provided",
        "Notes": "fits in devices with as little as 3GB of memory"
      }
    ]
  },
  "Dataset": {
    "Name": "SlimPajama-627B",
    "Sources": "https://huggingface.co/datasets/cerebras/SlimPajama-627B",
    "Description": "Not provided"
  },
  "Model_Architecture": {
    "Architecture_Type": "Decoder-only Language Model",
    "Base_Architecture": "GPT-2 style architecture with SwiGLU, ALiBi, and muP",
    "Number_Parameters": "3B",
    "Parameters": {
      "Vocabulary Size": 50257,
      "Sequence Length": 8192,
      "Positional Encoding": "ALiBi",
      "mup_width_scale": "<float>",
      "mup_embeddings_scale": "<float>",
      "mup_output_alpha": "<float>",
      "mup_scale_qk_dot_by_d": "true"
    },
    "Input_Type": "Text",
    "Output_Type": "Text"
  },
  "Training_Details": {
    "Training_Data": "SlimPajama-627B",
    "Preprocessing": "Extensively deduplicated and cleaned SlimPajama-627B dataset; Byte Pair Encoding tokenizer; 75% of training performed with 2k sequence length, final 25% at 8k sequence length; ALiBi position embeddings; trained on 470B tokens at 2,048 context length followed by 157B tokens at 8,192 context length.",
    "Hyperparameters": {
      "epochs": 1,
      "optimizer": "AdamW",
      "learning_rate": "1e-3",
      "weight_decay": "0.1",
      "betas": "(0.9, 0.95)",
      "eps": "1e-8"
    }
  },
  "Evaluation": {
    "Evaluation_Data": "SlimPajama test set",
    "Performance_Metrics": "Not provided",
    "Source": "Not provided"
  },
  "Intended_Use": {
    "Task": [
      "text-generation",
      "large language model research",
      "NLP foundation model"
    ]
  },
  "Bias_Risks_and_Limitations": {
    "Limitations": "The model is not recommended for machine translation tasks, instruction-following, or chat-based use cases. Outputs may not align with human values. There may be distributional bias from the RedPajama dataset, and risks include amplifying stereotypes, memorizing training data, or revealing private or secure information."
  },
  "License": "Apache-2.0"
}