{
  "Model_Description": {
    "Name": "BAAI/AquilaChat-7B",
    "Description": "Aquila Language Model is the first open source language model that supports both Chinese and English knowledge, commercial license agreements, and compliance with domestic data regulations. The AquilaChat Dialog Model, based on Aquila-7B, supports fluent text dialogue and multiple language generation tasks."
  },
  "Model_Sources": {
    "Repository": "https://github.com/FlagAI-Open/FlagAI/",
    "Paper": "Not provided",
    "Demo": "Not provided"
  },
  "Citation": "Not provided",
  "Contact": {
    "Author": "Not provided",
    "Email": "Not provided",
    "Community": [
      "https://github.com/FlagAI-Open/FlagAI/",
      "https://www.zhihu.com/people/95-22-20-18",
      "https://github.com/FlagAI-Open/FlagAI/blob/master/wechat-qrcode.jpg"
    ]
  },
  "Technical_Requirements": {
    "Software": [
      "Python",
      "transformers",
      "torch"
    ],
    "Hardware": {
      "CPU": "Not provided",
      "GPU": "Nvidia-A100",
      "RAM": "Not provided",
      "Storage": "Not provided"
    }
  },
  "Access_and_Distribution": {
    "Download_Link": "Not provided",
    "Model_Variants": []
  },
  "Dataset": {
    "Name": "Not provided",
    "Sources": "Not provided",
    "Description": "High-quality corpus of Chinese and English languages, with Chinese corpora accounting for about 40%, including Chinese internet data from over 10,000 sources (more than 99% of which are domestic sources), as well as high-quality Chinese literature and book data."
  },
  "Model_Architecture": {
    "Architecture_Type": "Decoder-only Transformer",
    "Base_Architecture": "Aquila-7B",
    "Number_Parameters": "7B",
    "Parameters": "Not provided",
    "Input_Type": "Text",
    "Output_Type": "Text"
  },
  "Training_Details": {
    "Training_Data": "Not provided",
    "Preprocessing": "redesigns the implementation of bilingual tokenizer",
    "Hyperparameters": "Not provided"
  },
  "Evaluation": {
    "Evaluation_Data": [
      "C-Eval",
      "MMLU",
      "BoolQ"
    ],
    "Performance_Metrics": "Not provided",
    "Source": "http://flageval.baai.ac.cn"
  },
  "Intended_Use": {
    "Task": [
      "text dialogue",
      "language generation"
    ]
  },
  "Bias_Risks_and_Limitations": {
    "Limitations": "Not provided"
  },
  "License": "BAAI Aquila Model Agreement"
}