{
  "Model_Description": {
    "Name": "BAAI/AquilaChat2-7B",
    "Description": "AquilaChat2-7B is a chat model, part of the Aquila2 series of language models, designed for conversational AI."
  },
  "Model_Sources": {
    "Repository": "https://huggingface.co/BAAI/AquilaChat2-7B",
    "Paper": "https://arxiv.org/abs/2408.07410",
    "Demo": "Not provided"
  },
  "Citation": "@misc{zhang2024aquila2technicalreport,\n      title={Aquila2 Technical Report}, \n      author={Bo-Wen Zhang and Liangdong Wang and Jijie Li and Shuhao Gu and Xinya Wu and Zhengduo Zhang and Boyan Gao and Yulong Ao and Guang Liu},\n      year={2024},\n      eprint={2408.07410},\n      archivePrefix={arXiv},\n      primaryClass={cs.CL},\n      url={https://arxiv.org/abs/2408.07410}, \n}",
  "Contact": {
    "Author": [
      "Bo-Wen Zhang",
      "Liangdong Wang",
      "Jijie Li",
      "Shuhao Gu",
      "Xinya Wu",
      "Zhengduo Zhang",
      "Boyan Gao",
      "Yulong Ao",
      "Guang Liu"
    ],
    "Email": "Not provided",
    "Community": "Not provided"
  },
  "Technical_Requirements": {
    "Software": [
      "torch",
      "transformers"
    ],
    "Hardware": {
      "CPU": "Not provided",
      "GPU": "CUDA-compatible GPU",
      "RAM": "Not provided",
      "Storage": "Not provided"
    }
  },
  "Access_and_Distribution": {
    "Download_Link": "https://huggingface.co/BAAI/AquilaChat2-7B",
    "Model_Variants": []
  },
  "Dataset": {
    "Name": "Not provided",
    "Sources": "Not provided",
    "Description": "Not provided"
  },
  "Model_Architecture": {
    "Architecture_Type": "Not provided",
    "Base_Architecture": "Aquila2",
    "Number_Parameters": "7B",
    "Parameters": "Not provided",
    "Input_Type": "Text",
    "Output_Type": "Text"
  },
  "Training_Details": {
    "Training_Data": "Not provided",
    "Preprocessing": "Not provided",
    "Hyperparameters": "Not provided"
  },
  "Evaluation": {
    "Evaluation_Data": "Not provided",
    "Performance_Metrics": "Not provided",
    "Source": "Not provided"
  },
  "Intended_Use": {
    "Task": [
      "Chat"
    ]
  },
  "Bias_Risks_and_Limitations": {
    "Limitations": "Not provided"
  },
  "License": "BAAI Aquila Model Licence Agreement"
}