{
  "Model_Description": {
    "Name": "BAAI/bge-m3-unsupervised",
    "Description": "BGE-M3 is a versatile embedding model distinguished for its multi-functionality (dense, multi-vector, sparse retrieval), multi-linguality (over 100 languages), and multi-granularity (processing inputs up to 8192 tokens)."
  },
  "Model_Sources": {
    "Repository": "https://github.com/FlagOpen/FlagEmbedding",
    "Paper": "https://arxiv.org/pdf/2402.03216.pdf",
    "Demo": "https://github.com/vespa-engine/pyvespa/blob/master/docs/sphinx/source/examples/mother-of-all-embedding-models-cloud.ipynb"
  },
  "Citation": "@misc{bge-m3,\n      title={BGE M3-Embedding: Multi-Lingual, Multi-Functionality, Multi-Granularity Text Embeddings Through Self-Knowledge Distillation}, \n      author={Jianlv Chen and Shitao Xiao and Peitian Zhang and Kun Luo and Defu Lian and Zheng Liu},\n      year={2024},\n      eprint={2402.03216},\n      archivePrefix={arXiv},\n      primaryClass={cs.CL}\n}",
  "Contact": {
    "Author": [
      "Jianlv Chen",
      "Shitao Xiao",
      "Peitian Zhang",
      "Kun Luo",
      "Defu Lian",
      "Zheng Liu"
    ],
    "Email": "Not provided",
    "Community": "Not provided"
  },
  "Technical_Requirements": {
    "Software": [
      "git",
      "pip",
      "FlagEmbedding"
    ],
    "Hardware": {
      "CPU": "Not provided",
      "GPU": "Not provided",
      "RAM": "Not provided",
      "Storage": "Not provided"
    }
  },
  "Access_and_Distribution": {
    "Download_Link": "Not provided",
    "Model_Variants": [
      {
        "Name": "BAAI/bge-m3",
        "Link": "https://huggingface.co/BAAI/bge-m3",
        "Type": "Not provided",
        "Size": "Not provided",
        "Notes": "multilingual; unified fine-tuning (dense, sparse, and colbert) from bge-m3-unsupervised"
      },
      {
        "Name": "BAAI/bge-m3-unsupervised",
        "Link": "https://huggingface.co/BAAI/bge-m3-unsupervised",
        "Type": "Not provided",
        "Size": "Not provided",
        "Notes": "multilingual; contrastive learning from bge-m3-retromae"
      },
      {
        "Name": "BAAI/bge-m3-retromae",
        "Link": "https://huggingface.co/BAAI/bge-m3-retromae",
        "Type": "Not provided",
        "Size": "Not provided",
        "Notes": "multilingual; extend the max_length of [xlm-roberta] to 8192 and further pretrained via [retromae]"
      },
      {
        "Name": "BAAI/bge-large-en-v1.5",
        "Link": "https://huggingface.co/BAAI/bge-large-en-v1.5",
        "Type": "Not provided",
        "Size": "Not provided",
        "Notes": "English model"
      },
      {
        "Name": "BAAI/bge-base-en-v1.5",
        "Link": "https://huggingface.co/BAAI/bge-base-en-v1.5",
        "Type": "Not provided",
        "Size": "Not provided",
        "Notes": "English model"
      },
      {
        "Name": "BAAI/bge-small-en-v1.5",
        "Link": "https://huggingface.co/BAAI/bge-small-en-v1.5",
        "Type": "Not provided",
        "Size": "Not provided",
        "Notes": "English model"
      }
    ]
  },
  "Dataset": {
    "Name": [
      "MLDR",
      "Miracl",
      "MKQA",
      "NarritiveQA"
    ],
    "Sources": [
      "https://huggingface.co/datasets/Shitao/MLDR"
    ],
    "Description": "MLDR is a document retrieval dataset covering 13 languages, constructed via LLM, including test set, validation set, and training set."
  },
  "Model_Architecture": {
    "Architecture_Type": "Embedding Model",
    "Base_Architecture": "xlm-roberta",
    "Number_Parameters": "Not provided",
    "Parameters": {
      "Dimension": 1024,
      "Sequence Length": 8192
    },
    "Input_Type": "Text",
    "Output_Type": [
      "Embeddings",
      "Lexical Weights",
      "Multi-Vectors"
    ]
  },
  "Training_Details": {
    "Training_Data": [
      "MLDR"
    ],
    "Preprocessing": "Not provided",
    "Hyperparameters": "Not provided"
  },
  "Evaluation": {
    "Evaluation_Data": [
      "Miracl dataset",
      "MKQA dataset",
      "MLDR",
      "NarritiveQA"
    ],
    "Performance_Metrics": "Not provided",
    "Source": "https://github.com/FlagOpen/FlagEmbedding/tree/master/C_MTEB/MLDR"
  },
  "Intended_Use": {
    "Task": [
      "sentence-similarity",
      "feature-extraction",
      "text embedding",
      "information retrieval"
    ]
  },
  "Bias_Risks_and_Limitations": {
    "Limitations": "The model's ability in monolingual embedding retrieval may not surpass models specifically designed for single languages."
  },
  "License": "MIT"
}