{
  "Model_Description": {
    "Name": "BAAI/bge-small-en-v1.5",
    "Description": "A small-scale English embedding model (version 1.5) from the BGE series, designed for retrieval-augmented LLMs, which alleviates the issue of similarity distribution."
  },
  "Model_Sources": {
    "Repository": "https://github.com/FlagOpen/FlagEmbedding",
    "Paper": "https://arxiv.org/pdf/2309.07597.pdf",
    "Demo": "Not provided"
  },
  "Citation": "@misc{bge_embedding,\n      title={C-Pack: Packaged Resources To Advance General Chinese Embedding}, \n      author={Shitao Xiao and Zheng Liu and Peitian Zhang and Niklas Muennighoff},\n      year={2023},\n      eprint={2309.07597},\n      archivePrefix={arXiv},\n      primaryClass={cs.CL}\n}",
  "Contact": {
    "Author": [
      "Shitao Xiao",
      "Zheng Liu",
      "Peitian Zhang",
      "Niklas Muennighoff"
    ],
    "Email": [
      "stxiao@baai.ac.cn",
      "liuzheng@baai.ac.cn"
    ],
    "Community": [
      "https://github.com/FlagOpen/FlagEmbedding"
    ]
  },
  "Technical_Requirements": {
    "Software": [
      "Python",
      "FlagEmbedding",
      "sentence-transformers",
      "transformers",
      "torch",
      "optimum.onnxruntime"
    ],
    "Hardware": {
      "CPU": "Not provided",
      "GPU": "Not provided",
      "RAM": "Not provided",
      "Storage": "Not provided"
    }
  },
  "Access_and_Distribution": {
    "Download_Link": "https://huggingface.co/BAAI/bge-small-en-v1.5",
    "Model_Variants": [
      {
        "Name": "ONNX version",
        "Link": "https://huggingface.co/BAAI/bge-small-en-v1.5",
        "Type": "ONNX",
        "Size": "Not provided",
        "Notes": "Not provided"
      }
    ]
  },
  "Dataset": {
    "Name": [
      "BAAI-MTP",
      "MTEB benchmark datasets",
      "C-MTEB benchmark datasets"
    ],
    "Sources": [
      "https://data.baai.ac.cn/details/BAAI-MTP",
      "https://huggingface.co/spaces/mteb/leaderboard",
      "https://github.com/FlagOpen/FlagEmbedding/blob/master/C_MTEB"
    ],
    "Description": "Massive training data for BGE models and various benchmark datasets for text embedding evaluation."
  },
  "Model_Architecture": {
    "Architecture_Type": "Transformer",
    "Base_Architecture": "Not provided",
    "Number_Parameters": "Not provided",
    "Parameters": {
      "embedding_dimension": 384,
      "sequence_length": 512
    },
    "Input_Type": "Text",
    "Output_Type": "Text"
  },
  "Training_Details": {
    "Training_Data": "BAAI-MTP",
    "Preprocessing": "Not provided",
    "Hyperparameters": {
      "contrastive_learning_temperature": 0.01
    }
  },
  "Evaluation": {
    "Evaluation_Data": [
      "MTEB benchmark datasets",
      "C-MTEB benchmark datasets"
    ],
    "Performance_Metrics": {
      "Average (56)": 62.17,
      "Retrieval (15)": 51.68,
      "Clustering (11)": 43.82,
      "Pair Classification (3)": 84.92,
      "Reranking (4)": 58.36,
      "STS (10)": 81.59,
      "Summarization (1)": 30.12,
      "Classification (12)": 74.14
    },
    "Source": "https://github.com/FlagOpen/FlagEmbedding/blob/master/C_MTEB"
  },
  "Intended_Use": {
    "Task": [
      "feature-extraction",
      "sentence-similarity",
      "retrieval"
    ]
  },
  "Bias_Risks_and_Limitations": {
    "Limitations": "The model's similarity score distribution is in the interval [0.6, 1], meaning a score greater than 0.5 does not necessarily indicate similarity, and the relative order of scores is more important than absolute values for downstream tasks."
  },
  "License": "MIT"
}