{
  "Model_Description": {
    "Name": "BAAI/bge-small-en",
    "Description": "BAAI/bge-small-en is a small-scale English embedding model designed for dense retrieval in retrieval-augmented LLMs, offering competitive performance."
  },
  "Model_Sources": {
    "Repository": "https://github.com/FlagOpen/FlagEmbedding",
    "Paper": "https://arxiv.org/pdf/2309.07597.pdf",
    "Demo": "Not provided"
  },
  "Citation": "@misc{bge_embedding,\n      title={C-Pack: Packaged Resources To Advance General Chinese Embedding}, \n      author={Shitao Xiao and Zheng Liu and Peitian Zhang and Niklas Muennighoff},\n      year={2023},\n      eprint={2309.07597},\n      archivePrefix={arXiv},\n      primaryClass={cs.CL}\n}",
  "Contact": {
    "Author": [
      "Shitao Xiao",
      "Zheng Liu",
      "Peitian Zhang",
      "Niklas Muennighoff"
    ],
    "Email": "Not provided",
    "Community": [
      "https://github.com/FlagOpen/FlagEmbedding"
    ]
  },
  "Technical_Requirements": {
    "Software": [
      "FlagEmbedding",
      "sentence-transformers",
      "transformers"
    ],
    "Hardware": {
      "CPU": "Not provided",
      "GPU": "Not provided",
      "RAM": "Not provided",
      "Storage": "Not provided"
    }
  },
  "Access_and_Distribution": {
    "Download_Link": "https://huggingface.co/BAAI/bge-small-en",
    "Model_Variants": [
      {
        "Name": "BAAI/bge-small-en-v1.5",
        "Link": "https://huggingface.co/BAAI/bge-small-en-v1.5",
        "Type": "embedding model",
        "Size": "Not provided",
        "Notes": "version 1.5 with more reasonable similarity distribution"
      },
      {
        "Name": "BAAI/bge-base-en-v1.5",
        "Link": "https://huggingface.co/BAAI/bge-base-en-v1.5",
        "Type": "embedding model",
        "Size": "Not provided",
        "Notes": "version 1.5 with more reasonable similarity distribution"
      },
      {
        "Name": "BAAI/bge-large-en-v1.5",
        "Link": "https://huggingface.co/BAAI/bge-large-en-v1.5",
        "Type": "embedding model",
        "Size": "Not provided",
        "Notes": "version 1.5 with more reasonable similarity distribution"
      },
      {
        "Name": "BAAI/bge-base-en",
        "Link": "https://huggingface.co/BAAI/bge-base-en",
        "Type": "embedding model",
        "Size": "Not provided",
        "Notes": "a base-scale model but with similar ability to `bge-large-en`"
      },
      {
        "Name": "BAAI/bge-large-en",
        "Link": "https://huggingface.co/BAAI/bge-large-en",
        "Type": "embedding model",
        "Size": "Not provided",
        "Notes": "rank 1st in MTEB leaderboard"
      }
    ]
  },
  "Dataset": {
    "Name": [
      "MTEB",
      "C-MTEB",
      "BAAI-MTP"
    ],
    "Sources": [
      "https://huggingface.co/spaces/mteb/leaderboard",
      "https://github.com/FlagOpen/FlagEmbedding/blob/master/C_MTEB",
      "https://data.baai.ac.cn/details/BAAI-MTP"
    ],
    "Description": "MTEB (Massive Text Embedding Benchmark) and C-MTEB (Chinese Massive Text Embedding Benchmark) are benchmarks used for evaluation. BAAI-MTP is the massive training data used for BGE models."
  },
  "Model_Architecture": {
    "Architecture_Type": "Bi-encoder Transformer",
    "Base_Architecture": "BAAI General Embedding",
    "Number_Parameters": "Not provided",
    "Parameters": {
      "Dimension": 384,
      "Sequence Length": 512
    },
    "Input_Type": "Text",
    "Output_Type": "Embedding"
  },
  "Training_Details": {
    "Training_Data": "BAAI-MTP",
    "Preprocessing": "Models are pre-trained using retromae and fine-tuned on large-scale pairs data using contrastive learning. Preprocessing includes mining hard negatives and adding instructions to queries during fine-tuning.",
    "Hyperparameters": {
      "temperature": 0.01
    }
  },
  "Evaluation": {
    "Evaluation_Data": "MTEB",
    "Performance_Metrics": {
      "Average (56)": 62.11,
      "Retrieval (15)": 51.82,
      "Clustering (11)": 44.31,
      "Pair Classification (3)": 83.78,
      "Reranking (4)": 57.97,
      "STS (10)": 80.72,
      "Summarization (1)": 30.53,
      "Classification (12)": 74.37
    },
    "Source": "https://huggingface.co/spaces/mteb/leaderboard"
  },
  "Intended_Use": {
    "Task": [
      "Dense Retrieval",
      "passage retrieval",
      "semantic similarity"
    ]
  },
  "Bias_Risks_and_Limitations": {
    "Limitations": "The similarity distribution of the current BGE model is approximately in the interval [0.6, 1], meaning a similarity score greater than 0.5 does not necessarily indicate similarity. Users should select an appropriate similarity threshold based on their specific data and task."
  },
  "License": "MIT"
}