{
  "Model_Description": {
    "Name": "BAAI/bge-base-zh",
    "Description": "FlagEmbedding can map any text to a low-dimensional dense vector which can be used for tasks like retrieval, classification, clustering, or semantic search. It can also be used in vector databases for LLMs."
  },
  "Model_Sources": {
    "Repository": "https://github.com/FlagOpen/FlagEmbedding",
    "Paper": "https://arxiv.org/pdf/2309.07597.pdf",
    "Demo": "Not provided"
  },
  "Citation": "@misc{bge_embedding,\n      title={C-Pack: Packaged Resources To Advance General Chinese Embedding}, \n      author={Shitao Xiao and Zheng Liu and Peitian Zhang and Niklas Muennighoff},\n      year={2023},\n      eprint={2309.07597},\n      archivePrefix={arXiv},\n      primaryClass={cs.CL}\n}",
  "Contact": {
    "Author": [
      "Shitao Xiao",
      "Zheng Liu",
      "Peitian Zhang",
      "Niklas Muennighoff"
    ],
    "Email": [
      "stxiao@baai.ac.cn",
      "liuzheng@baai.ac.cn"
    ],
    "Community": "Not provided"
  },
  "Technical_Requirements": {
    "Software": [
      "FlagEmbedding",
      "sentence-transformers",
      "transformers",
      "torch"
    ],
    "Hardware": {
      "CPU": "Not provided",
      "GPU": "Not provided",
      "RAM": "Not provided",
      "Storage": "Not provided"
    }
  },
  "Access_and_Distribution": {
    "Download_Link": "https://huggingface.co/BAAI/bge-base-zh",
    "Model_Variants": []
  },
  "Dataset": {
    "Name": "BAAI-MTP",
    "Sources": "https://data.baai.ac.cn/details/BAAI-MTP",
    "Description": "Masive training data of BGE."
  },
  "Model_Architecture": {
    "Architecture_Type": "Bi-encoder",
    "Base_Architecture": "RetroMAE",
    "Number_Parameters": "Not provided",
    "Parameters": {
      "Embedding dimension": 768
    },
    "Input_Type": "Text",
    "Output_Type": "Dense Vector"
  },
  "Training_Details": {
    "Training_Data": "BAAI-MTP",
    "Preprocessing": "Pre-training for text reconstruction; fine-tuning with contrastive learning; mining hard negatives; adding instruction during fine-tuning.",
    "Hyperparameters": {
      "temperature": 0.01
    }
  },
  "Evaluation": {
    "Evaluation_Data": [
      "MTEB",
      "C-MTEB"
    ],
    "Performance_Metrics": {
      "Avg": 62.96,
      "Retrieval": 69.53,
      "STS": 54.12,
      "PairClassification": 77.5,
      "Classification": 67.07,
      "Reranking": 64.91,
      "Clustering": 47.63
    },
    "Source": [
      "https://huggingface.co/spaces/mteb/leaderboard",
      "https://github.com/FlagOpen/FlagEmbedding/blob/master/C_MTEB"
    ]
  },
  "Intended_Use": {
    "Task": [
      "retrieval",
      "classification",
      "clustering"
    ]
  },
  "Bias_Risks_and_Limitations": {
    "Limitations": "The similarity score between two dissimilar sentences is higher than 0.5 due to contrastive learning, with a similarity distribution in the interval [0.6, 1]. Users need to select an appropriate similarity threshold based on their data."
  },
  "License": "MIT"
}