{
  "Model_Description": {
    "Name": "BAAI/bge-large-en-v1.5",
    "Description": "BAAI General Embedding (BGE) is an English embedding model, version 1.5, designed to alleviate issues with similarity distribution and enhance retrieval ability. It is part of the FlagEmbedding project, which focuses on retrieval-augmented LLMs."
  },
  "Model_Sources": {
    "Repository": "https://github.com/FlagOpen/FlagEmbedding",
    "Paper": "https://arxiv.org/pdf/2309.07597.pdf",
    "Demo": "Not provided"
  },
  "Citation": "@misc{bge_embedding,\n      title={C-Pack: Packaged Resources To Advance General Chinese Embedding}, \n      author={Shitao Xiao and Zheng Liu and Peitian Zhang and Niklas Muennighoff},\n      year={2023},\n      eprint={2309.07597},\n      archivePrefix={arXiv},\n      primaryClass={cs.CL}\n}",
  "Contact": {
    "Author": [
      "Shitao Xiao",
      "Zheng Liu",
      "Peitian Zhang",
      "Niklas Muennighoff"
    ],
    "Email": [
      "stxiao@baai.ac.cn",
      "liuzheng@baai.ac.cn"
    ],
    "Community": "Not provided"
  },
  "Technical_Requirements": {
    "Software": [
      "FlagEmbedding",
      "sentence-transformers",
      "transformers",
      "torch",
      "optimum.onnxruntime",
      "Python"
    ],
    "Hardware": {
      "CPU": "Not provided",
      "GPU": "NVIDIA (CUDA)",
      "RAM": "Not provided",
      "Storage": "Not provided"
    }
  },
  "Access_and_Distribution": {
    "Download_Link": "https://huggingface.co/BAAI/bge-large-en-v1.5",
    "Model_Variants": [
      {
        "Name": "BAAI/bge-m3",
        "Link": "https://huggingface.co/BAAI/bge-m3",
        "Type": "Not provided",
        "Size": "Not provided",
        "Notes": "Multi-Functionality (dense retrieval, sparse retrieval, multi-vector/colbert), Multi-Linguality, and Multi-Granularity (8192 tokens)"
      },
      {
        "Name": "BAAI/llm-embedder",
        "Link": "https://huggingface.co/BAAI/llm-embedder",
        "Type": "Not provided",
        "Size": "Not provided",
        "Notes": "a unified embedding model to support diverse retrieval augmentation needs for LLMs"
      },
      {
        "Name": "BAAI/bge-reranker-large",
        "Link": "https://huggingface.co/BAAI/bge-reranker-large",
        "Type": "cross-encoder",
        "Size": "Not provided",
        "Notes": "a cross-encoder model which is more accurate but less efficient"
      },
      {
        "Name": "BAAI/bge-reranker-base",
        "Link": "https://huggingface.co/BAAI/bge-reranker-base",
        "Type": "cross-encoder",
        "Size": "Not provided",
        "Notes": "a cross-encoder model which is more accurate but less efficient"
      },
      {
        "Name": "BAAI/bge-base-en-v1.5",
        "Link": "https://huggingface.co/BAAI/bge-base-en-v1.5",
        "Type": "Not provided",
        "Size": "Not provided",
        "Notes": "version 1.5 with more reasonable similarity distribution"
      },
      {
        "Name": "BAAI/bge-small-en-v1.5",
        "Link": "https://huggingface.co/BAAI/bge-small-en-v1.5",
        "Type": "Not provided",
        "Size": "Not provided",
        "Notes": "version 1.5 with more reasonable similarity distribution"
      },
      {
        "Name": "BAAI/bge-large-zh-v1.5",
        "Link": "https://huggingface.co/BAAI/bge-large-zh-v1.5",
        "Type": "Not provided",
        "Size": "Not provided",
        "Notes": "version 1.5 with more reasonable similarity distribution"
      },
      {
        "Name": "BAAI/bge-base-zh-v1.5",
        "Link": "https://huggingface.co/BAAI/bge-base-zh-v1.5",
        "Type": "Not provided",
        "Size": "Not provided",
        "Notes": "version 1.5 with more reasonable similarity distribution"
      },
      {
        "Name": "BAAI/bge-small-zh-v1.5",
        "Link": "https://huggingface.co/BAAI/bge-small-zh-v1.5",
        "Type": "Not provided",
        "Size": "Not provided",
        "Notes": "version 1.5 with more reasonable similarity distribution"
      },
      {
        "Name": "BAAI/bge-large-en",
        "Link": "https://huggingface.co/BAAI/bge-large-en",
        "Type": "Not provided",
        "Size": "Not provided",
        "Notes": "rank 1st in MTEB leaderboard"
      },
      {
        "Name": "BAAI/bge-base-en",
        "Link": "https://huggingface.co/BAAI/bge-base-en",
        "Type": "Not provided",
        "Size": "Not provided",
        "Notes": "a base-scale model but with similar ability to bge-large-en"
      },
      {
        "Name": "BAAI/bge-small-en",
        "Link": "https://huggingface.co/BAAI/bge-small-en",
        "Type": "Not provided",
        "Size": "Not provided",
        "Notes": "a small-scale model but with competitive performance"
      },
      {
        "Name": "BAAI/bge-large-zh",
        "Link": "https://huggingface.co/BAAI/bge-large-zh",
        "Type": "Not provided",
        "Size": "Not provided",
        "Notes": "rank 1st in C-MTEB benchmark"
      },
      {
        "Name": "BAAI/bge-base-zh",
        "Link": "https://huggingface.co/BAAI/bge-base-zh",
        "Type": "Not provided",
        "Size": "Not provided",
        "Notes": "a base-scale model but with similar ability to bge-large-zh"
      },
      {
        "Name": "BAAI/bge-small-zh",
        "Link": "https://huggingface.co/BAAI/bge-small-zh",
        "Type": "Not provided",
        "Size": "Not provided",
        "Notes": "a small-scale model but with competitive performance"
      }
    ]
  },
  "Dataset": {
    "Name": [
      "MTEB",
      "C-MTEB"
    ],
    "Sources": [
      "https://huggingface.co/spaces/mteb/leaderboard",
      "https://github.com/FlagOpen/FlagEmbedding/blob/master/C_MTEB",
      "https://data.baai.ac.cn/details/BAAI-MTP"
    ],
    "Description": "The model was trained on large-scale pairs data and evaluated on the MTEB (Massive Text Embedding Benchmark) for English and C-MTEB (Chinese Massive Text Embedding Benchmark) for Chinese, which consist of various datasets across different tasks."
  },
  "Model_Architecture": {
    "Architecture_Type": "Transformer",
    "Base_Architecture": "BAAI General Embedding (BGE)",
    "Number_Parameters": "Not provided",
    "Parameters": {
      "Dimension": 1024,
      "Sequence Length": 512
    },
    "Input_Type": "Text",
    "Output_Type": "Embeddings"
  },
  "Training_Details": {
    "Training_Data": "large-scale pairs data, massive training data",
    "Preprocessing": "Models are pre-trained using retromae and fine-tuned with contrastive learning. Hard negatives are mined to improve retrieval performance. Instruction can be added during fine-tuning.",
    "Hyperparameters": {
      "temperature": 0.01
    }
  },
  "Evaluation": {
    "Evaluation_Data": [
      "MTEB",
      "C-MTEB"
    ],
    "Performance_Metrics": {
      "MTEB Average": 64.23,
      "Retrieval (15)": 54.29,
      "Clustering (11)": 46.08,
      "Pair Classification (3)": 87.12,
      "Reranking (4)": 60.03,
      "STS (10)": 83.11,
      "Summarization (1)": 31.61,
      "Classification (12)": 75.97
    },
    "Source": [
      "https://github.com/FlagOpen/FlagEmbedding/blob/master/C_MTEB",
      "https://huggingface.co/spaces/mteb/leaderboard"
    ]
  },
  "Intended_Use": {
    "Task": [
      "feature-extraction",
      "sentence-similarity",
      "retrieval"
    ]
  },
  "Bias_Risks_and_Limitations": {
    "Limitations": "The model's similarity distribution is approximately in the interval [0.6, 1] due to contrastive learning with a temperature of 0.01, meaning a score greater than 0.5 does not necessarily indicate similarity. For filtering, an appropriate similarity threshold (e.g., 0.8, 0.85, or 0.9) should be selected based on specific data."
  },
  "License": "MIT"
}