{
  "Model_Description": {
    "Name": "BAAI/bge-large-zh",
    "Description": "FlagEmbedding can map any text to a low-dimensional dense vector which can be used for tasks like retrieval, classification, clustering, or semantic search. It can also be used in vector databases for LLMs."
  },
  "Model_Sources": {
    "Repository": "https://github.com/FlagOpen/FlagEmbedding",
    "Paper": "https://arxiv.org/pdf/2309.07597.pdf",
    "Demo": "Not provided"
  },
  "Citation": "@misc{bge_embedding,\n      title={C-Pack: Packaged Resources To Advance General Chinese Embedding}, \n      author={Shitao Xiao and Zheng Liu and Peitian Zhang and Niklas Muennighoff},\n      year={2023},\n      eprint={2309.07597},\n      archivePrefix={arXiv},\n      primaryClass={cs.CL}\n}",
  "Contact": {
    "Author": [
      "Shitao Xiao",
      "Zheng Liu"
    ],
    "Email": [
      "stxiao@baai.ac.cn",
      "liuzheng@baai.ac.cn"
    ],
    "Community": "Not provided"
  },
  "Technical_Requirements": {
    "Software": [
      "FlagEmbedding",
      "sentence-transformers",
      "transformers",
      "torch"
    ],
    "Hardware": {
      "CPU": "Not provided",
      "GPU": "Not provided",
      "RAM": "Not provided",
      "Storage": "Not provided"
    }
  },
  "Access_and_Distribution": {
    "Download_Link": "https://huggingface.co/BAAI/bge-large-zh",
    "Model_Variants": [
      {
        "Name": "BAAI/llm-embedder",
        "Link": "https://huggingface.co/BAAI/llm-embedder",
        "Type": "Not provided",
        "Size": "Not provided",
        "Notes": "a unified embedding model to support diverse retrieval augmentation needs for LLMs"
      },
      {
        "Name": "BAAI/bge-reranker-large",
        "Link": "https://huggingface.co/BAAI/bge-reranker-large",
        "Type": "cross-encoder",
        "Size": "Not provided",
        "Notes": "a cross-encoder model which is more accurate but less efficient"
      },
      {
        "Name": "BAAI/bge-reranker-base",
        "Link": "https://huggingface.co/BAAI/bge-reranker-base",
        "Type": "cross-encoder",
        "Size": "Not provided",
        "Notes": "a cross-encoder model which is more accurate but less efficient"
      },
      {
        "Name": "BAAI/bge-large-en-v1.5",
        "Link": "https://huggingface.co/BAAI/bge-large-en-v1.5",
        "Type": "v1.5",
        "Size": "Not provided",
        "Notes": "version 1.5 with more reasonable similarity distribution"
      },
      {
        "Name": "BAAI/bge-base-en-v1.5",
        "Link": "https://huggingface.co/BAAI/bge-base-en-v1.5",
        "Type": "v1.5",
        "Size": "Not provided",
        "Notes": "version 1.5 with more reasonable similarity distribution"
      },
      {
        "Name": "BAAI/bge-small-en-v1.5",
        "Link": "https://huggingface.co/BAAI/bge-small-en-v1.5",
        "Type": "v1.5",
        "Size": "Not provided",
        "Notes": "version 1.5 with more reasonable similarity distribution"
      },
      {
        "Name": "BAAI/bge-large-zh-v1.5",
        "Link": "https://huggingface.co/BAAI/bge-large-zh-v1.5",
        "Type": "v1.5",
        "Size": "Not provided",
        "Notes": "version 1.5 with more reasonable similarity distribution"
      },
      {
        "Name": "BAAI/bge-base-zh-v1.5",
        "Link": "https://huggingface.co/BAAI/bge-base-zh-v1.5",
        "Type": "v1.5",
        "Size": "Not provided",
        "Notes": "version 1.5 with more reasonable similarity distribution"
      },
      {
        "Name": "BAAI/bge-small-zh-v1.5",
        "Link": "https://huggingface.co/BAAI/bge-small-zh-v1.5",
        "Type": "v1.5",
        "Size": "Not provided",
        "Notes": "version 1.5 with more reasonable similarity distribution"
      },
      {
        "Name": "BAAI/bge-large-en",
        "Link": "https://huggingface.co/BAAI/bge-large-en",
        "Type": "Not provided",
        "Size": "Not provided",
        "Notes": ":trophy: rank **1st** in MTEB leaderboard"
      },
      {
        "Name": "BAAI/bge-base-en",
        "Link": "https://huggingface.co/BAAI/bge-base-en",
        "Type": "base-scale",
        "Size": "Not provided",
        "Notes": "a base-scale model but with similar ability to `bge-large-en`"
      },
      {
        "Name": "BAAI/bge-small-en",
        "Link": "https://huggingface.co/BAAI/bge-small-en",
        "Type": "small-scale",
        "Size": "Not provided",
        "Notes": "a small-scale model but with competitive performance"
      },
      {
        "Name": "BAAI/bge-base-zh",
        "Link": "https://huggingface.co/BAAI/bge-base-zh",
        "Type": "base-scale",
        "Size": "Not provided",
        "Notes": "a base-scale model but with similar ability to `bge-large-zh`"
      },
      {
        "Name": "BAAI/bge-small-zh",
        "Link": "https://huggingface.co/BAAI/bge-small-zh",
        "Type": "small-scale",
        "Size": "Not provided",
        "Notes": "a small-scale model but with competitive performance"
      },
      {
        "Name": "bge-large-zh-noinstruct",
        "Link": "https://huggingface.co/BAAI/bge-large-zh-noinstruct",
        "Type": "noinstruct",
        "Size": "Not provided",
        "Notes": "Not provided"
      }
    ]
  },
  "Dataset": {
    "Name": "BAAI-MTP",
    "Sources": "https://data.baai.ac.cn/details/BAAI-MTP",
    "Description": "Massive training data, large-scale pairs data."
  },
  "Model_Architecture": {
    "Architecture_Type": "embedding model",
    "Base_Architecture": "retromae",
    "Number_Parameters": "Not provided",
    "Parameters": {
      "Embedding dimension": 1024
    },
    "Input_Type": "Text",
    "Output_Type": "low-dimensional dense vector"
  },
  "Training_Details": {
    "Training_Data": "BAAI-MTP",
    "Preprocessing": "Pre-training using retromae, training on large-scale pairs data with contrastive learning, mining hard negatives, supporting instruction during fine-tuning.",
    "Hyperparameters": {
      "temperature": 0.01
    }
  },
  "Evaluation": {
    "Evaluation_Data": [
      "MTEB",
      "C-MTEB"
    ],
    "Performance_Metrics": {
      "Avg": 64.2,
      "Retrieval": 71.53,
      "STS": 54.98,
      "PairClassification": 78.94,
      "Classification": 68.32,
      "Reranking": 65.11,
      "Clustering": 48.39
    },
    "Source": "https://github.com/FlagOpen/FlagEmbedding/blob/master/C_MTEB/README.md"
  },
  "Intended_Use": {
    "Task": [
      "retrieval",
      "classification",
      "clustering"
    ]
  },
  "Bias_Risks_and_Limitations": {
    "Limitations": "The similarity distribution of the current BGE model is approximately in the interval [0.6, 1], meaning a score greater than 0.5 does not necessarily indicate similarity. Users should select an appropriate similarity threshold based on their specific data."
  },
  "License": "MIT"
}