{
  "Model_Description": {
    "Name": "BAAI/bge-large-zh-v1.5",
    "Description": "A Chinese embedding model, part of the FlagEmbedding project, designed to generate representations for sentences to be used in retrieval tasks. This v1.5 model aims to provide a more reasonable similarity distribution and enhanced retrieval ability."
  },
  "Model_Sources": {
    "Repository": "https://github.com/FlagOpen/FlagEmbedding",
    "Paper": "https://arxiv.org/pdf/2309.07597.pdf",
    "Demo": "Not provided"
  },
  "Citation": "@misc{bge_embedding,\n      title={C-Pack: Packaged Resources To Advance General Chinese Embedding}, \n      author={Shitao Xiao and Zheng Liu and Peitian Zhang and Niklas Muennighoff},\n      year={2023},\n      eprint={2309.07597},\n      archivePrefix={arXiv},\n      primaryClass={cs.CL}\n}",
  "Contact": {
    "Author": [
      "Shitao Xiao",
      "Zheng Liu",
      "Peitian Zhang",
      "Niklas Muennighoff"
    ],
    "Email": [
      "stxiao@baai.ac.cn",
      "liuzheng@baai.ac.cn"
    ],
    "Community": "Not provided"
  },
  "Technical_Requirements": {
    "Software": [
      "FlagEmbedding",
      "sentence-transformers",
      "transformers",
      "torch"
    ],
    "Hardware": {
      "CPU": "Not provided",
      "GPU": "Not provided",
      "RAM": "Not provided",
      "Storage": "Not provided"
    }
  },
  "Access_and_Distribution": {
    "Download_Link": "https://huggingface.co/BAAI/bge-large-zh-v1.5",
    "Model_Variants": [
      {
        "Name": "BAAI/bge-m3",
        "Link": "https://huggingface.co/BAAI/bge-m3",
        "Type": "embedding",
        "Size": "Not provided",
        "Notes": "Multi-Functionality(dense retrieval, sparse retrieval, multi-vector(colbert)), Multi-Linguality, and Multi-Granularity(8192 tokens)"
      },
      {
        "Name": "BAAI/llm-embedder",
        "Link": "https://huggingface.co/BAAI/llm-embedder",
        "Type": "embedding",
        "Size": "Not provided",
        "Notes": "a unified embedding model to support diverse retrieval augmentation needs for LLMs"
      },
      {
        "Name": "BAAI/bge-reranker-large",
        "Link": "https://huggingface.co/BAAI/bge-reranker-large",
        "Type": "cross-encoder reranker",
        "Size": "Not provided",
        "Notes": "a cross-encoder model which is more accurate but less efficient"
      },
      {
        "Name": "BAAI/bge-reranker-base",
        "Link": "https://huggingface.co/BAAI/bge-reranker-base",
        "Type": "cross-encoder reranker",
        "Size": "Not provided",
        "Notes": "a cross-encoder model which is more accurate but less efficient"
      },
      {
        "Name": "BAAI/bge-large-en-v1.5",
        "Link": "https://huggingface.co/BAAI/bge-large-en-v1.5",
        "Type": "embedding",
        "Size": "Not provided",
        "Notes": "version 1.5 with more reasonable similarity distribution"
      },
      {
        "Name": "BAAI/bge-base-en-v1.5",
        "Link": "https://huggingface.co/BAAI/bge-base-en-v1.5",
        "Type": "embedding",
        "Size": "Not provided",
        "Notes": "version 1.5 with more reasonable similarity distribution"
      },
      {
        "Name": "BAAI/bge-small-en-v1.5",
        "Link": "https://huggingface.co/BAAI/bge-small-en-v1.5",
        "Type": "embedding",
        "Size": "Not provided",
        "Notes": "version 1.5 with more reasonable similarity distribution"
      },
      {
        "Name": "BAAI/bge-base-zh-v1.5",
        "Link": "https://huggingface.co/BAAI/bge-base-zh-v1.5",
        "Type": "embedding",
        "Size": "Not provided",
        "Notes": "version 1.5 with more reasonable similarity distribution"
      },
      {
        "Name": "BAAI/bge-small-zh-v1.5",
        "Link": "https://huggingface.co/BAAI/bge-small-zh-v1.5",
        "Type": "embedding",
        "Size": "Not provided",
        "Notes": "version 1.5 with more reasonable similarity distribution"
      },
      {
        "Name": "BAAI/bge-large-en",
        "Link": "https://huggingface.co/BAAI/bge-large-en",
        "Type": "embedding",
        "Size": "Not provided",
        "Notes": "rank 1st in MTEB leaderboard"
      },
      {
        "Name": "BAAI/bge-base-en",
        "Link": "https://huggingface.co/BAAI/bge-base-en",
        "Type": "embedding",
        "Size": "Not provided",
        "Notes": "a base-scale model but with similar ability to `bge-large-en`"
      },
      {
        "Name": "BAAI/bge-small-en",
        "Link": "https://huggingface.co/BAAI/bge-small-en",
        "Type": "embedding",
        "Size": "Not provided",
        "Notes": "a small-scale model but with competitive performance"
      },
      {
        "Name": "BAAI/bge-large-zh",
        "Link": "https://huggingface.co/BAAI/bge-large-zh",
        "Type": "embedding",
        "Size": "Not provided",
        "Notes": "rank 1st in C-MTEB benchmark"
      },
      {
        "Name": "BAAI/bge-base-zh",
        "Link": "https://huggingface.co/BAAI/bge-base-zh",
        "Type": "embedding",
        "Size": "Not provided",
        "Notes": "a base-scale model but with similar ability to `bge-large-zh`"
      },
      {
        "Name": "BAAI/bge-small-zh",
        "Link": "https://huggingface.co/BAAI/bge-small-zh",
        "Type": "embedding",
        "Size": "Not provided",
        "Notes": "a small-scale model but with competitive performance"
      }
    ]
  },
  "Dataset": {
    "Name": [
      "BAAI-MTP",
      "MTEB",
      "C-MTEB"
    ],
    "Sources": [
      "https://data.baai.ac.cn/details/BAAI-MTP",
      "https://huggingface.co/spaces/mteb/leaderboard",
      "https://github.com/FlagOpen/FlagEmbedding/blob/master/C_MTEB"
    ],
    "Description": "BAAI-MTP is a massive training data resource. MTEB and C-MTEB are benchmarks for text embedding evaluation, with C-MTEB specifically for Chinese text embedding, consisting of 31 datasets from 6 tasks."
  },
  "Model_Architecture": {
    "Architecture_Type": "Bi-encoder Transformer",
    "Base_Architecture": "Not provided",
    "Number_Parameters": "Not provided",
    "Parameters": {
      "Embedding dimension": 1024
    },
    "Input_Type": "Text",
    "Output_Type": "Embeddings"
  },
  "Training_Details": {
    "Training_Data": [
      "BAAI-MTP",
      "large-scale pairs data"
    ],
    "Preprocessing": "Pre-trained using retromae for text reconstruction, fine-tuned with contrastive learning. Supports mining hard negatives and adding instruction during fine-tuning.",
    "Hyperparameters": {
      "temperature": 0.01
    }
  },
  "Evaluation": {
    "Evaluation_Data": [
      "C-MTEB"
    ],
    "Performance_Metrics": {
      "Avg": 64.53,
      "Retrieval": 70.46,
      "STS": 56.25,
      "PairClassification": 81.6,
      "Classification": 69.13,
      "Reranking": 65.84,
      "Clustering": 48.99
    },
    "Source": "https://github.com/FlagOpen/FlagEmbedding/blob/master/C_MTEB/README.md"
  },
  "Intended_Use": {
    "Task": [
      "Sentence embedding",
      "Feature extraction",
      "Sentence similarity",
      "Dense retrieval"
    ]
  },
  "Bias_Risks_and_Limitations": {
    "Limitations": "The model's similarity score distribution is approximately in the interval [0.6, 1], meaning a score greater than 0.5 does not necessarily indicate similarity. While instruction is recommended for short queries in retrieval tasks, using no instruction results in only a slight performance degradation."
  },
  "License": "MIT"
}