{
  "Model_Description": {
    "Name": "BAAI/bge-small-zh",
    "Description": "FlagEmbedding can map any text to a low-dimensional dense vector which can be used for tasks like retrieval, classification, clustering, or semantic search. It can also be used in vector databases for LLMs."
  },
  "Model_Sources": {
    "Repository": "https://github.com/FlagOpen/FlagEmbedding",
    "Paper": "https://arxiv.org/pdf/2309.07597.pdf",
    "Demo": "Not provided"
  },
  "Citation": "@misc{bge_embedding,\n      title={C-Pack: Packaged Resources To Advance General Chinese Embedding}, \n      author={Shitao Xiao and Zheng Liu and Peitian Zhang and Niklas Muennighoff},\n      year={2023},\n      eprint={2309.07597},\n      archivePrefix={arXiv},\n      primaryClass={cs.CL}\n}",
  "Contact": {
    "Author": [
      "Shitao Xiao",
      "Zheng Liu"
    ],
    "Email": [
      "stxiao@baai.ac.cn",
      "liuzheng@baai.ac.cn"
    ],
    "Community": [
      "https://huggingface.co/spaces/mteb/leaderboard"
    ]
  },
  "Technical_Requirements": {
    "Software": [
      "FlagEmbedding",
      "sentence-transformers",
      "transformers",
      "torch"
    ],
    "Hardware": {
      "CPU": "Not provided",
      "GPU": "CUDA compatible GPU",
      "RAM": "Not provided",
      "Storage": "Not provided"
    }
  },
  "Access_and_Distribution": {
    "Download_Link": "https://huggingface.co/BAAI/bge-small-zh",
    "Model_Variants": [
      {
        "Name": "BAAI/llm-embedder",
        "Link": "https://huggingface.co/BAAI/llm-embedder",
        "Type": "embedding model",
        "Size": "Not provided",
        "Notes": "a unified embedding model to support diverse retrieval augmentation needs for LLMs"
      },
      {
        "Name": "BAAI/bge-reranker-large",
        "Link": "https://huggingface.co/BAAI/bge-reranker-large",
        "Type": "cross-encoder",
        "Size": "Not provided",
        "Notes": "a cross-encoder model which is more accurate but less efficient"
      },
      {
        "Name": "BAAI/bge-reranker-base",
        "Link": "https://huggingface.co/BAAI/bge-reranker-base",
        "Type": "cross-encoder",
        "Size": "Not provided",
        "Notes": "a cross-encoder model which is more accurate but less efficient"
      },
      {
        "Name": "BAAI/bge-large-en-v1.5",
        "Link": "https://huggingface.co/BAAI/bge-large-en-v1.5",
        "Type": "v1.5",
        "Size": "Not provided",
        "Notes": "version 1.5 with more reasonable similarity distribution"
      },
      {
        "Name": "BAAI/bge-base-en-v1.5",
        "Link": "https://huggingface.co/BAAI/bge-base-en-v1.5",
        "Type": "v1.5",
        "Size": "Not provided",
        "Notes": "version 1.5 with more reasonable similarity distribution"
      },
      {
        "Name": "BAAI/bge-small-en-v1.5",
        "Link": "https://huggingface.co/BAAI/bge-small-en-v1.5",
        "Type": "v1.5",
        "Size": "Not provided",
        "Notes": "version 1.5 with more reasonable similarity distribution"
      },
      {
        "Name": "BAAI/bge-large-zh-v1.5",
        "Link": "https://huggingface.co/BAAI/bge-large-zh-v1.5",
        "Type": "v1.5",
        "Size": "Not provided",
        "Notes": "version 1.5 with more reasonable similarity distribution"
      },
      {
        "Name": "BAAI/bge-base-zh-v1.5",
        "Link": "https://huggingface.co/BAAI/bge-base-zh-v1.5",
        "Type": "v1.5",
        "Size": "Not provided",
        "Notes": "version 1.5 with more reasonable similarity distribution"
      },
      {
        "Name": "BAAI/bge-small-zh-v1.5",
        "Link": "https://huggingface.co/BAAI/bge-small-zh-v1.5",
        "Type": "v1.5",
        "Size": "Not provided",
        "Notes": "version 1.5 with more reasonable similarity distribution"
      },
      {
        "Name": "BAAI/bge-large-en",
        "Link": "https://huggingface.co/BAAI/bge-large-en",
        "Type": "embedding model",
        "Size": "Not provided",
        "Notes": "rank 1st in MTEB leaderboard"
      },
      {
        "Name": "BAAI/bge-base-en",
        "Link": "https://huggingface.co/BAAI/bge-base-en",
        "Type": "embedding model",
        "Size": "Not provided",
        "Notes": "a base-scale model but with similar ability to `bge-large-en`"
      },
      {
        "Name": "BAAI/bge-small-en",
        "Link": "https://huggingface.co/BAAI/bge-small-en",
        "Type": "embedding model",
        "Size": "Not provided",
        "Notes": "a small-scale model but with competitive performance"
      },
      {
        "Name": "BAAI/bge-large-zh",
        "Link": "https://huggingface.co/BAAI/bge-large-zh",
        "Type": "embedding model",
        "Size": "Not provided",
        "Notes": "rank 1st in C-MTEB benchmark"
      },
      {
        "Name": "BAAI/bge-base-zh",
        "Link": "https://huggingface.co/BAAI/bge-base-zh",
        "Type": "embedding model",
        "Size": "Not provided",
        "Notes": "a base-scale model but with similar ability to `bge-large-zh`"
      }
    ]
  },
  "Dataset": {
    "Name": [
      "BAAI-MTP",
      "MTEB",
      "C-MTEB"
    ],
    "Sources": [
      "https://data.baai.ac.cn/details/BAAI-MTP",
      "https://huggingface.co/spaces/mteb/leaderboard",
      "https://github.com/FlagOpen/FlagEmbedding/blob/master/C_MTEB"
    ],
    "Description": "BAAI-MTP is massive training data. C-MTEB is the Chinese Massive Text Embedding Benchmark, consisting of 31 test datasets."
  },
  "Model_Architecture": {
    "Architecture_Type": "Encoder-only Transformer",
    "Base_Architecture": "BAAI General Embedding (BGE)",
    "Number_Parameters": "Not provided",
    "Parameters": {
      "embedding_dimension": 512,
      "sequence_length": 512
    },
    "Input_Type": "Text",
    "Output_Type": "Vector"
  },
  "Training_Details": {
    "Training_Data": [
      "BAAI-MTP",
      "large-scale pairs data"
    ],
    "Preprocessing": "Models are pre-trained using retromae and trained on large-scale pairs data using contrastive learning. Pre-training aims to reconstruct text. Fine-tuning can involve mining hard negatives and adding instruction.",
    "Hyperparameters": {
      "temperature": 0.01
    }
  },
  "Evaluation": {
    "Evaluation_Data": [
      "MTEB",
      "C-MTEB"
    ],
    "Performance_Metrics": {
      "Avg": 58.27,
      "Retrieval": 63.07,
      "STS": 49.45,
      "PairClassification": 70.35,
      "Classification": 63.64,
      "Reranking": 61.48,
      "Clustering": 45.09
    },
    "Source": [
      "https://github.com/FlagOpen/FlagEmbedding/blob/master/C_MTEB/README.md",
      "https://huggingface.co/spaces/mteb/leaderboard"
    ]
  },
  "Intended_Use": {
    "Task": [
      "retrieval",
      "classification",
      "clustering"
    ]
  },
  "Bias_Risks_and_Limitations": {
    "Limitations": "The similarity distribution of the current BGE model is approximately in the interval [0.6, 1], meaning a similarity score greater than 0.5 does not necessarily indicate similarity."
  },
  "License": "MIT"
}