{
  "Model_Description": {
    "Name": "BAAI/bge-reranker-v2-m3",
    "Description": "This reranker model takes a question and a document as input and directly outputs a similarity score, rather than an embedding. The relevance score can be mapped to a float value in [0,1] using a sigmoid function."
  },
  "Model_Sources": {
    "Repository": "https://github.com/FlagOpen/FlagEmbedding/tree/master",
    "Paper": [
      "https://arxiv.org/abs/2312.15503",
      "https://arxiv.org/abs/2402.03216"
    ],
    "Demo": "Not provided"
  },
  "Citation": [
    "@misc{li2023making,\n      title={Making Large Language Models A Better Foundation For Dense Retrieval}, \n      author={Chaofan Li and Zheng Liu and Shitao Xiao and Yingxia Shao},\n      year={2023},\n      eprint={2312.15503},\n      archivePrefix={arXiv},\n      primaryClass={cs.CL}\n}",
    "@misc{chen2024bge,\n      title={BGE M3-Embedding: Multi-Lingual, Multi-Functionality, Multi-Granularity Text Embeddings Through Self-Knowledge Distillation}, \n      author={Jianlv Chen and Shitao Xiao and Peitian Zhang and Kun Luo and Defu Lian and Zheng Liu},\n      year={2024},\n      eprint={2402.03216},\n      archivePrefix={arXiv},\n      primaryClass={cs.CL}\n}"
  ],
  "Contact": {
    "Author": [
      "Chaofan Li",
      "Zheng Liu",
      "Shitao Xiao",
      "Yingxia Shao",
      "Jianlv Chen",
      "Peitian Zhang",
      "Kun Luo",
      "Defu Lian"
    ],
    "Email": "Not provided",
    "Community": "Not provided"
  },
  "Technical_Requirements": {
    "Software": [
      "FlagEmbedding",
      "torch",
      "transformers",
      "Python"
    ],
    "Hardware": {
      "CPU": "Not provided",
      "GPU": "NVIDIA (implied by CUDA, fp16/bf16 usage)",
      "RAM": "Not provided",
      "Storage": "Not provided"
    }
  },
  "Access_and_Distribution": {
    "Download_Link": "Not provided",
    "Model_Variants": [
      {
        "Name": "BAAI/bge-reranker-base",
        "Link": "https://huggingface.co/BAAI/bge-reranker-base",
        "Type": "Not provided",
        "Size": "Not provided",
        "Notes": "Lightweight reranker model, easy to deploy, with fast inference."
      },
      {
        "Name": "BAAI/bge-reranker-large",
        "Link": "https://huggingface.co/BAAI/bge-reranker-large",
        "Type": "Not provided",
        "Size": "Not provided",
        "Notes": "Lightweight reranker model, easy to deploy, with fast inference."
      },
      {
        "Name": "BAAI/bge-reranker-v2-m3",
        "Link": "https://huggingface.co/BAAI/bge-reranker-v2-m3",
        "Type": "Not provided",
        "Size": "Not provided",
        "Notes": "Lightweight reranker model, possesses strong multilingual capabilities, easy to deploy, with fast inference."
      },
      {
        "Name": "BAAI/bge-reranker-v2-gemma",
        "Link": "https://huggingface.co/BAAI/bge-reranker-v2-gemma",
        "Type": "Not provided",
        "Size": "Not provided",
        "Notes": "Suitable for multilingual contexts, performs well in both English proficiency and multilingual capabilities."
      },
      {
        "Name": "BAAI/bge-reranker-v2-minicpm-layerwise",
        "Link": "https://huggingface.co/BAAI/bge-reranker-v2-minicpm-layerwise",
        "Type": "8-40",
        "Size": "Not provided",
        "Notes": "Suitable for multilingual contexts, performs well in both English and Chinese proficiency, allows freedom to select layers for output, facilitating accelerated inference."
      }
    ]
  },
  "Dataset": {
    "Name": [
      "bge-m3-data",
      "quora train data",
      "fever train data"
    ],
    "Sources": [
      "https://huggingface.co/datasets/Shitao/bge-m3-data",
      "https://huggingface.co/datasets/quora",
      "https://fever.ai/dataset/fever.html"
    ],
    "Description": "Not provided"
  },
  "Model_Architecture": {
    "Architecture_Type": "Transformer",
    "Base_Architecture": "bge-m3",
    "Number_Parameters": "Not provided",
    "Parameters": {
      "max_length": "512 (for normal reranker tokenizer), 1024 (for LLM-based reranker tokenizer)",
      "cutoff_layers": "[28]",
      "query_max_len": 512,
      "passage_max_len": 512,
      "lora_rank": 32,
      "lora_alpha": 64,
      "start_layer": 8
    },
    "Input_Type": "Text",
    "Output_Type": "Score"
  },
  "Training_Details": {
    "Training_Data": [
      "bge-m3-data",
      "quora train data",
      "fever train data"
    ],
    "Preprocessing": "Train data is a JSON file where each line is a dictionary with 'query' (string), 'pos' (list of positive texts), 'neg' (list of negative texts), and 'prompt' (string). Negative texts can be randomly sampled from the corpus if not available.",
    "Hyperparameters": {
      "learning_rate": "2e-4",
      "num_train_epochs": 1,
      "per_device_train_batch_size": 1,
      "gradient_accumulation_steps": 16,
      "dataloader_drop_last": "True",
      "query_max_len": 512,
      "passage_max_len": 512,
      "train_group_size": 16,
      "logging_steps": 1,
      "save_steps": 2000,
      "save_total_limit": 50,
      "ddp_find_unused_parameters": "False",
      "gradient_checkpointing": "True",
      "deepspeed": "stage1.json",
      "warmup_ratio": 0.1,
      "bf16": "True",
      "use_lora": "True",
      "lora_rank": 32,
      "lora_alpha": 64,
      "use_flash_attn": "True",
      "target_modules": "q_proj k_proj v_proj o_proj",
      "start_layer": 8,
      "head_multi": "True",
      "head_type": "simple",
      "lora_extra_parameters": "linear_head"
    }
  },
  "Evaluation": {
    "Evaluation_Data": [
      "llama-index",
      "BEIR",
      "CMTEB-retrieval",
      "miracl"
    ],
    "Performance_Metrics": "Not provided",
    "Source": "Not provided"
  },
  "Intended_Use": {
    "Task": [
      "text-classification",
      "reranking"
    ]
  },
  "Bias_Risks_and_Limitations": {
    "Limitations": "Not provided"
  },
  "License": "apache-2.0"
}