{
  "Model_Description": {
    "Name": "BAAI/bge-base-en",
    "Description": "FlagEmbedding maps text to low-dimensional dense vectors for tasks like retrieval, classification, clustering, or semantic search, and can be used in vector databases for LLMs."
  },
  "Model_Sources": {
    "Repository": "https://github.com/FlagOpen/FlagEmbedding",
    "Paper": "https://arxiv.org/pdf/2309.07597.pdf",
    "Demo": "Not provided"
  },
  "Citation": "@misc{bge_embedding,\n      title={C-Pack: Packaged Resources To Advance General Chinese Embedding}, \n      author={Shitao Xiao and Zheng Liu and Peitian Zhang and Niklas Muennighoff},\n      year={2023},\n      eprint={2309.07597},\n      archivePrefix={arXiv},\n      primaryClass={cs.CL}\n}",
  "Contact": {
    "Author": [
      "Shitao Xiao",
      "Zheng Liu",
      "Peitian Zhang",
      "Niklas Muennighoff"
    ],
    "Email": [
      "stxiao@baai.ac.cn",
      "liuzheng@baai.ac.cn"
    ],
    "Community": [
      "https://github.com/FlagOpen/FlagEmbedding",
      "https://huggingface.co/BAAI"
    ]
  },
  "Technical_Requirements": {
    "Software": [
      "FlagEmbedding",
      "sentence-transformers",
      "transformers",
      "torch"
    ],
    "Hardware": {
      "CPU": "Not provided",
      "GPU": "Not provided",
      "RAM": "Not provided",
      "Storage": "Not provided"
    }
  },
  "Access_and_Distribution": {
    "Download_Link": "https://huggingface.co/BAAI/bge-base-en",
    "Model_Variants": [
      {
        "Name": "BAAI/llm-embedder",
        "Link": "https://huggingface.co/BAAI/llm-embedder",
        "Type": "Not provided",
        "Size": "Not provided",
        "Notes": "a unified embedding model to support diverse retrieval augmentation needs for LLMs"
      },
      {
        "Name": "BAAI/bge-reranker-large",
        "Link": "https://huggingface.co/BAAI/bge-reranker-large",
        "Type": "cross-encoder",
        "Size": "Not provided",
        "Notes": "a cross-encoder model which is more accurate but less efficient"
      },
      {
        "Name": "BAAI/bge-reranker-base",
        "Link": "https://huggingface.co/BAAI/bge-reranker-base",
        "Type": "cross-encoder",
        "Size": "Not provided",
        "Notes": "a cross-encoder model which is more accurate but less efficient"
      },
      {
        "Name": "BAAI/bge-large-en-v1.5",
        "Link": "https://huggingface.co/BAAI/bge-large-en-v1.5",
        "Type": "Not provided",
        "Size": "Not provided",
        "Notes": "version 1.5 with more reasonable similarity distribution"
      },
      {
        "Name": "BAAI/bge-base-en-v1.5",
        "Link": "https://huggingface.co/BAAI/bge-base-en-v1.5",
        "Type": "Not provided",
        "Size": "Not provided",
        "Notes": "version 1.5 with more reasonable similarity distribution"
      },
      {
        "Name": "BAAI/bge-small-en-v1.5",
        "Link": "https://huggingface.co/BAAI/bge-small-en-v1.5",
        "Type": "Not provided",
        "Size": "Not provided",
        "Notes": "version 1.5 with more reasonable similarity distribution"
      },
      {
        "Name": "BAAI/bge-large-zh-v1.5",
        "Link": "https://huggingface.co/BAAI/bge-large-zh-v1.5",
        "Type": "Not provided",
        "Size": "Not provided",
        "Notes": "version 1.5 with more reasonable similarity distribution"
      },
      {
        "Name": "BAAI/bge-base-zh-v1.5",
        "Link": "https://huggingface.co/BAAI/bge-base-zh-v1.5",
        "Type": "Not provided",
        "Size": "Not provided",
        "Notes": "version 1.5 with more reasonable similarity distribution"
      },
      {
        "Name": "BAAI/bge-small-zh-v1.5",
        "Link": "https://huggingface.co/BAAI/bge-small-zh-v1.5",
        "Type": "Not provided",
        "Size": "Not provided",
        "Notes": "version 1.5 with more reasonable similarity distribution"
      },
      {
        "Name": "BAAI/bge-large-en",
        "Link": "https://huggingface.co/BAAI/bge-large-en",
        "Type": "Not provided",
        "Size": "Not provided",
        "Notes": ":trophy: rank **1st** in [MTEB](https://huggingface.co/spaces/mteb/leaderboard) leaderboard"
      },
      {
        "Name": "BAAI/bge-small-en",
        "Link": "https://huggingface.co/BAAI/bge-small-en",
        "Type": "Not provided",
        "Size": "Not provided",
        "Notes": "a small-scale model but with competitive performance"
      },
      {
        "Name": "BAAI/bge-large-zh",
        "Link": "https://huggingface.co/BAAI/bge-large-zh",
        "Type": "Not provided",
        "Size": "Not provided",
        "Notes": ":trophy: rank **1st** in [C-MTEB](https://github.com/FlagOpen/FlagEmbedding/tree/master/C_MTEB) benchmark"
      },
      {
        "Name": "BAAI/bge-base-zh",
        "Link": "https://huggingface.co/BAAI/bge-base-zh",
        "Type": "Not provided",
        "Size": "Not provided",
        "Notes": "a base-scale model but with similar ability to `bge-large-zh`"
      },
      {
        "Name": "BAAI/bge-small-zh",
        "Link": "https://huggingface.co/BAAI/bge-small-zh",
        "Type": "Not provided",
        "Size": "Not provided",
        "Notes": "a small-scale model but with competitive performance"
      }
    ]
  },
  "Dataset": {
    "Name": "BAAI-MTP",
    "Sources": "https://data.baai.ac.cn/details/BAAI-MTP",
    "Description": "Not provided"
  },
  "Model_Architecture": {
    "Architecture_Type": "embedding model",
    "Base_Architecture": "retromae",
    "Number_Parameters": "Not provided",
    "Parameters": {
      "Dimension": 768,
      "Sequence Length": 512
    },
    "Input_Type": "Text",
    "Output_Type": "low-dimensional dense vector"
  },
  "Training_Details": {
    "Training_Data": "BAAI-MTP",
    "Preprocessing": "Pre-trained using retromae. Fine-tuned on large-scale pairs data using contrastive learning. Hard negatives mining is suggested. Support adding instruction during fine-tuning.",
    "Hyperparameters": {
      "temperature": 0.01
    }
  },
  "Evaluation": {
    "Evaluation_Data": [
      "MTEB AmazonCounterfactualClassification (en)",
      "MTEB AmazonPolarityClassification",
      "MTEB AmazonReviewsClassification (en)",
      "MTEB ArguAna",
      "MTEB ArxivClusteringP2P",
      "MTEB ArxivClusteringS2S",
      "MTEB AskUbuntuDupQuestions",
      "MTEB BIOSSES",
      "MTEB Banking77Classification",
      "MTEB BiorxivClusteringP2P",
      "MTEB BiorxivClusteringS2S",
      "MTEB CQADupstackAndroidRetrieval",
      "MTEB ClimateFEVER",
      "MTEB DBPedia",
      "MTEB EmotionClassification",
      "MTEB FEVER",
      "MTEB FiQA2018",
      "MTEB HotpotQA",
      "MTEB ImdbClassification",
      "MTEB MSMARCO",
      "MTEB MTOPDomainClassification (en)",
      "MTEB MTOPIntentClassification (en)",
      "MTEB MassiveIntentClassification (en)",
      "MTEB MassiveScenarioClassification (en)",
      "MTEB MedrxivClusteringP2P",
      "MTEB MedrxivClusteringS2S",
      "MTEB MindSmallReranking",
      "MTEB NFCorpus",
      "MTEB NQ",
      "MTEB QuoraRetrieval",
      "MTEB RedditClustering",
      "MTEB RedditClusteringP2P",
      "MTEB SCIDOCS",
      "MTEB SICK-R",
      "MTEB STS12",
      "MTEB STS13",
      "MTEB STS14",
      "MTEB STS15",
      "MTEB STS16",
      "MTEB STS17 (en-en)",
      "MTEB STS22 (en)",
      "MTEB STSBenchmark",
      "MTEB SciDocsRR",
      "MTEB SciFact",
      "MTEB SprintDuplicateQuestions",
      "MTEB StackExchangeClustering",
      "MTEB StackExchangeClusteringP2P",
      "MTEB StackOverflowDupQuestions",
      "MTEB SummEval",
      "MTEB TRECCOVID",
      "MTEB Touche2020",
      "MTEB ToxicConversationsClassification",
      "MTEB TweetSentimentExtractionClassification",
      "MTEB TwentyNewsgroupsClustering",
      "MTEB TwitterSemEval2015",
      "MTEB TwitterURLCorpus"
    ],
    "Performance_Metrics": {
      "Average (56)": 63.36,
      "Retrieval (15)": 53.0,
      "Clustering (11)": 46.32,
      "Pair Classification (3)": 85.86,
      "Reranking (4)": 58.7,
      "STS (10)": 81.84,
      "Summarization (1)": 29.27,
      "Classification (12)": 75.27
    },
    "Source": [
      "https://huggingface.co/spaces/mteb/leaderboard",
      "https://github.com/FlagOpen/FlagEmbedding/blob/master/C_MTEB/README.md"
    ]
  },
  "Intended_Use": {
    "Task": [
      "retrieval",
      "classification",
      "clustering"
    ]
  },
  "Bias_Risks_and_Limitations": {
    "Limitations": "The similarity distribution of the current BGE model is about in the interval [0.6, 1]. So a similarity score greater than 0.5 does not indicate that the two sentences are similar."
  },
  "License": "MIT"
}