{
  "Model_Description": {
    "Name": "BAAI/bge-base-en-v1.5",
    "Description": "BAAI/bge-base-en-v1.5 is an English base-scale embedding model, part of the FlagEmbedding series, designed for retrieval-augmented LLMs. It is an updated version (v1.5) that addresses similarity distribution issues and enhances retrieval ability without explicit instruction."
  },
  "Model_Sources": {
    "Repository": "https://github.com/FlagOpen/FlagEmbedding",
    "Paper": "https://arxiv.org/pdf/2309.07597.pdf",
    "Demo": "Not provided"
  },
  "Citation": "@misc{bge_embedding,\n      title={C-Pack: Packaged Resources To Advance General Chinese Embedding}, \n      author={Shitao Xiao and Zheng Liu and Peitian Zhang and Niklas Muennighoff},\n      year={2023},\n      eprint={2309.07597},\n      archivePrefix={arXiv},\n      primaryClass={cs.CL}\n}",
  "Contact": {
    "Author": [
      "Shitao Xiao",
      "Zheng Liu",
      "Peitian Zhang",
      "Niklas Muennighoff"
    ],
    "Email": [
      "stxiao@baai.ac.cn",
      "liuzheng@baai.ac.cn"
    ],
    "Community": "Not provided"
  },
  "Technical_Requirements": {
    "Software": [
      "FlagEmbedding",
      "sentence-transformers",
      "transformers",
      "torch",
      "optimum.onnxruntime",
      "infinity_emb"
    ],
    "Hardware": {
      "CPU": "Not provided",
      "GPU": "Not provided",
      "RAM": "Not provided",
      "Storage": "Not provided"
    }
  },
  "Access_and_Distribution": {
    "Download_Link": "https://huggingface.co/BAAI/bge-base-en-v1.5",
    "Model_Variants": [
      {
        "Name": "BAAI/bge-m3",
        "Link": "https://huggingface.co/BAAI/bge-m3",
        "Type": "Not provided",
        "Size": "Not provided",
        "Notes": "Multi-Functionality(dense retrieval, sparse retrieval, multi-vector(colbert)), Multi-Linguality, and Multi-Granularity(8192 tokens)"
      },
      {
        "Name": "BAAI/llm-embedder",
        "Link": "https://huggingface.co/BAAI/llm-embedder",
        "Type": "Not provided",
        "Size": "Not provided",
        "Notes": "a unified embedding model to support diverse retrieval augmentation needs for LLMs"
      },
      {
        "Name": "BAAI/bge-reranker-large",
        "Link": "https://huggingface.co/BAAI/bge-reranker-large",
        "Type": "Not provided",
        "Size": "Not provided",
        "Notes": "a cross-encoder model which is more accurate but less efficient"
      },
      {
        "Name": "BAAI/bge-reranker-base",
        "Link": "https://huggingface.co/BAAI/bge-reranker-base",
        "Type": "Not provided",
        "Size": "Not provided",
        "Notes": "a cross-encoder model which is more accurate but less efficient"
      },
      {
        "Name": "BAAI/bge-large-en-v1.5",
        "Link": "https://huggingface.co/BAAI/bge-large-en-v1.5",
        "Type": "Not provided",
        "Size": "Not provided",
        "Notes": "version 1.5 with more reasonable similarity distribution"
      },
      {
        "Name": "BAAI/bge-small-en-v1.5",
        "Link": "https://huggingface.co/BAAI/bge-small-en-v1.5",
        "Type": "Not provided",
        "Size": "Not provided",
        "Notes": "version 1.5 with more reasonable similarity distribution"
      },
      {
        "Name": "BAAI/bge-large-zh-v1.5",
        "Link": "https://huggingface.co/BAAI/bge-large-zh-v1.5",
        "Type": "Not provided",
        "Size": "Not provided",
        "Notes": "version 1.5 with more reasonable similarity distribution"
      },
      {
        "Name": "BAAI/bge-base-zh-v1.5",
        "Link": "https://huggingface.co/BAAI/bge-base-zh-v1.5",
        "Type": "Not provided",
        "Size": "Not provided",
        "Notes": "version 1.5 with more reasonable similarity distribution"
      },
      {
        "Name": "BAAI/bge-small-zh-v1.5",
        "Link": "https://huggingface.co/BAAI/bge-small-zh-v1.5",
        "Type": "Not provided",
        "Size": "Not provided",
        "Notes": "version 1.5 with more reasonable similarity distribution"
      },
      {
        "Name": "BAAI/bge-large-en",
        "Link": "https://huggingface.co/BAAI/bge-large-en",
        "Type": "Not provided",
        "Size": "Not provided",
        "Notes": ":trophy: rank **1st** in MTEB leaderboard"
      },
      {
        "Name": "BAAI/bge-base-en",
        "Link": "https://huggingface.co/BAAI/bge-base-en",
        "Type": "Not provided",
        "Size": "Not provided",
        "Notes": "a base-scale model but with similar ability to `bge-large-en`"
      },
      {
        "Name": "BAAI/bge-small-en",
        "Link": "https://huggingface.co/BAAI/bge-small-en",
        "Type": "Not provided",
        "Size": "Not provided",
        "Notes": "a small-scale model but with competitive performance"
      },
      {
        "Name": "BAAI/bge-large-zh",
        "Link": "https://huggingface.co/BAAI/bge-large-zh",
        "Type": "Not provided",
        "Size": "Not provided",
        "Notes": ":trophy: rank **1st** in C-MTEB benchmark"
      },
      {
        "Name": "BAAI/bge-base-zh",
        "Link": "https://huggingface.co/BAAI/bge-base-zh",
        "Type": "Not provided",
        "Size": "Not provided",
        "Notes": "a base-scale model but with similar ability to `bge-large-zh`"
      },
      {
        "Name": "BAAI/bge-small-zh",
        "Link": "https://huggingface.co/BAAI/bge-small-zh",
        "Type": "Not provided",
        "Size": "Not provided",
        "Notes": "a small-scale model but with competitive performance"
      }
    ]
  },
  "Dataset": {
    "Name": [
      "BAAI-MTP",
      "MTEB AmazonCounterfactualClassification (en)",
      "MTEB AmazonPolarityClassification",
      "MTEB AmazonReviewsClassification (en)",
      "MTEB ArguAna"
    ],
    "Sources": [
      "https://data.baai.ac.cn/details/BAAI-MTP",
      "https://huggingface.co/datasets/mteb/amazon_counterfactual",
      "https://huggingface.co/datasets/mteb/amazon_polarity",
      "https://huggingface.co/datasets/mteb/amazon_reviews_multi",
      "https://huggingface.co/datasets/arguana"
    ],
    "Description": "Massive text embedding pairs data for training; MTEB datasets for various tasks like classification, retrieval, clustering, STS, reranking, and summarization."
  },
  "Model_Architecture": {
    "Architecture_Type": "Transformer",
    "Base_Architecture": "RetroMAE",
    "Number_Parameters": "Not provided",
    "Parameters": {
      "Dimension": 768,
      "Sequence Length": 512
    },
    "Input_Type": "Text",
    "Output_Type": "Vector Embeddings"
  },
  "Training_Details": {
    "Training_Data": [
      "BAAI-MTP"
    ],
    "Preprocessing": [
      "Pre-trained using RetroMAE",
      "Fine-tuned with contrastive learning on large-scale pairs data",
      "Hard negative mining used",
      "Supports adding instruction during fine-tuning"
    ],
    "Hyperparameters": {
      "temperature": 0.01
    }
  },
  "Evaluation": {
    "Evaluation_Data": [
      "MTEB AmazonCounterfactualClassification (en)",
      "MTEB AmazonPolarityClassification",
      "MTEB AmazonReviewsClassification (en)",
      "MTEB ArguAna",
      "MTEB ArxivClusteringP2P",
      "MTEB ArxivClusteringS2S",
      "MTEB AskUbuntuDupQuestions",
      "MTEB BIOSSES",
      "MTEB Banking77Classification",
      "MTEB BiorxivClusteringP2P",
      "MTEB BiorxivClusteringS2S",
      "MTEB CQADupstackAndroidRetrieval",
      "MTEB ClimateFEVER",
      "MTEB DBPedia",
      "MTEB EmotionClassification",
      "MTEB FEVER",
      "MTEB FiQA2018",
      "MTEB HotpotQA",
      "MTEB ImdbClassification",
      "MTEB MSMARCO",
      "MTEB MTOPDomainClassification (en)",
      "MTEB MTOPIntentClassification (en)",
      "MTEB MassiveIntentClassification (en)",
      "MTEB MassiveScenarioClassification (en)",
      "MTEB MedrxivClusteringP2P",
      "MTEB MedrxivClusteringS2S",
      "MTEB MindSmallReranking",
      "MTEB NFCorpus",
      "MTEB NQ",
      "MTEB QuoraRetrieval",
      "MTEB RedditClustering",
      "MTEB RedditClusteringP2P",
      "MTEB SCIDOCS",
      "MTEB SICK-R",
      "MTEB STS12",
      "MTEB STS13",
      "MTEB STS14",
      "MTEB STS15",
      "MTEB STS16",
      "MTEB STS17 (en-en)",
      "MTEB STS22 (en)",
      "MTEB STSBenchmark",
      "MTEB SciDocsRR",
      "MTEB SciFact",
      "MTEB SprintDuplicateQuestions",
      "MTEB StackExchangeClustering",
      "MTEB StackExchangeClusteringP2P",
      "MTEB StackOverflowDupQuestions",
      "MTEB SummEval",
      "MTEB TRECCOVID",
      "MTEB Touche2020",
      "MTEB ToxicConversationsClassification",
      "MTEB TweetSentimentExtractionClassification",
      "MTEB TwentyNewsgroupsClustering",
      "MTEB TwitterSemEval2015",
      "MTEB TwitterURLCorpus"
    ],
    "Performance_Metrics": {
      "Average (56)": 63.55,
      "Retrieval (15)": 53.25,
      "Clustering (11)": 45.77,
      "Pair Classification (3)": 86.55,
      "Reranking (4)": 58.86,
      "STS (10)": 82.4,
      "Summarization (1)": 31.07,
      "Classification (12)": 75.53
    },
    "Source": [
      "https://github.com/FlagOpen/FlagEmbedding/blob/master/C_MTEB/README.md",
      "https://huggingface.co/spaces/mteb/leaderboard"
    ]
  },
  "Intended_Use": {
    "Task": [
      "feature-extraction",
      "sentence-similarity",
      "retrieval-augmented LLMs"
    ]
  },
  "Bias_Risks_and_Limitations": {
    "Limitations": "The model's similarity scores for dissimilar sentences can be high (in the range [0.6, 1]), meaning absolute values are not indicative of similarity, only relative order. Using query instructions can slightly improve retrieval performance."
  },
  "License": "MIT"
}