{
  "Model_Description": {
    "Name": "BAAI/bge-large-en",
    "Description": "FlagEmbedding can map any text to a low-dimensional dense vector which can be used for tasks like retrieval, classification, clustering, or semantic search. It can also be used in vector databases for LLMs."
  },
  "Model_Sources": {
    "Repository": "https://github.com/FlagOpen/FlagEmbedding",
    "Paper": "https://arxiv.org/pdf/2309.07597.pdf",
    "Demo": "Not provided"
  },
  "Citation": "@misc{bge_embedding,\n      title={C-Pack: Packaged Resources To Advance General Chinese Embedding}, \n      author={Shitao Xiao and Zheng Liu and Peitian Zhang and Niklas Muennighoff},\n      year={2023},\n      eprint={2309.07597},\n      archivePrefix={arXiv},\n      primaryClass={cs.CL}\n}",
  "Contact": {
    "Author": [
      "Shitao Xiao",
      "Zheng Liu",
      "Peitian Zhang",
      "Niklas Muennighoff"
    ],
    "Email": [
      "stxiao@baai.ac.cn",
      "liuzheng@baai.ac.cn"
    ],
    "Community": [
      "https://github.com/FlagOpen/FlagEmbedding/issues",
      "https://github.com/FlagOpen/FlagEmbedding/pulls"
    ]
  },
  "Technical_Requirements": {
    "Software": [
      "FlagEmbedding",
      "sentence-transformers",
      "transformers",
      "torch"
    ],
    "Hardware": {
      "CPU": "Not provided",
      "GPU": "Not provided",
      "RAM": "Not provided",
      "Storage": "Not provided"
    }
  },
  "Access_and_Distribution": {
    "Download_Link": "Not provided",
    "Model_Variants": [
      {
        "Name": "BAAI/llm-embedder",
        "Link": "https://huggingface.co/BAAI/llm-embedder",
        "Type": "unified embedding model",
        "Size": "Not provided",
        "Notes": "to support diverse retrieval augmentation needs for LLMs"
      },
      {
        "Name": "BAAI/bge-reranker-large",
        "Link": "https://huggingface.co/BAAI/bge-reranker-large",
        "Type": "cross-encoder reranker model",
        "Size": "Not provided",
        "Notes": "more accurate but less efficient"
      },
      {
        "Name": "BAAI/bge-reranker-base",
        "Link": "https://huggingface.co/BAAI/bge-reranker-base",
        "Type": "cross-encoder reranker model",
        "Size": "Not provided",
        "Notes": "more accurate but less efficient"
      },
      {
        "Name": "BAAI/bge-large-en-v1.5",
        "Link": "https://huggingface.co/BAAI/bge-large-en-v1.5",
        "Type": "large-scale embedding model v1.5",
        "Size": "Not provided",
        "Notes": "version 1.5 with more reasonable similarity distribution"
      },
      {
        "Name": "BAAI/bge-base-en-v1.5",
        "Link": "https://huggingface.co/BAAI/bge-base-en-v1.5",
        "Type": "base-scale embedding model v1.5",
        "Size": "Not provided",
        "Notes": "version 1.5 with more reasonable similarity distribution"
      },
      {
        "Name": "BAAI/bge-small-en-v1.5",
        "Link": "https://huggingface.co/BAAI/bge-small-en-v1.5",
        "Type": "small-scale embedding model v1.5",
        "Size": "Not provided",
        "Notes": "version 1.5 with more reasonable similarity distribution"
      },
      {
        "Name": "BAAI/bge-large-zh-v1.5",
        "Link": "https://huggingface.co/BAAI/bge-large-zh-v1.5",
        "Type": "large-scale embedding model v1.5",
        "Size": "Not provided",
        "Notes": "version 1.5 with more reasonable similarity distribution"
      },
      {
        "Name": "BAAI/bge-base-zh-v1.5",
        "Link": "https://huggingface.co/BAAI/bge-base-zh-v1.5",
        "Type": "base-scale embedding model v1.5",
        "Size": "Not provided",
        "Notes": "version 1.5 with more reasonable similarity distribution"
      },
      {
        "Name": "BAAI/bge-small-zh-v1.5",
        "Link": "https://huggingface.co/BAAI/bge-small-zh-v1.5",
        "Type": "small-scale embedding model v1.5",
        "Size": "Not provided",
        "Notes": "version 1.5 with more reasonable similarity distribution"
      },
      {
        "Name": "BAAI/bge-large-en",
        "Link": "https://huggingface.co/BAAI/bge-large-en",
        "Type": "large-scale embedding model",
        "Size": "Not provided",
        "Notes": ":trophy: rank **1st** in MTEB leaderboard"
      },
      {
        "Name": "BAAI/bge-base-en",
        "Link": "https://huggingface.co/BAAI/bge-base-en",
        "Type": "base-scale embedding model",
        "Size": "Not provided",
        "Notes": "a base-scale model but with similar ability to `bge-large-en`"
      },
      {
        "Name": "BAAI/bge-small-en",
        "Link": "https://huggingface.co/BAAI/bge-small-en",
        "Type": "small-scale embedding model",
        "Size": "Not provided",
        "Notes": "a small-scale model but with competitive performance"
      },
      {
        "Name": "BAAI/bge-large-zh",
        "Link": "https://huggingface.co/BAAI/bge-large-zh",
        "Type": "large-scale embedding model",
        "Size": "Not provided",
        "Notes": ":trophy: rank **1st** in C-MTEB benchmark"
      },
      {
        "Name": "BAAI/bge-base-zh",
        "Link": "https://huggingface.co/BAAI/bge-base-zh",
        "Type": "base-scale embedding model",
        "Size": "Not provided",
        "Notes": "a base-scale model but with similar ability to `bge-large-zh`"
      },
      {
        "Name": "BAAI/bge-small-zh",
        "Link": "https://huggingface.co/BAAI/bge-small-zh",
        "Type": "small-scale embedding model",
        "Size": "Not provided",
        "Notes": "a small-scale model but with competitive performance"
      }
    ]
  },
  "Dataset": {
    "Name": [
      "BAAI-MTP",
      "MTEB",
      "C-MTEB"
    ],
    "Sources": [
      "https://data.baai.ac.cn/details/BAAI-MTP",
      "https://huggingface.co/spaces/mteb/leaderboard",
      "https://github.com/FlagOpen/FlagEmbedding/blob/master/C_MTEB"
    ],
    "Description": "Not provided"
  },
  "Model_Architecture": {
    "Architecture_Type": "Bi-encoder Transformer",
    "Base_Architecture": "RetroMAE",
    "Number_Parameters": "Not provided",
    "Parameters": {
      "Dimension": 1024,
      "Sequence Length": 512
    },
    "Input_Type": "Text",
    "Output_Type": "Dense vector"
  },
  "Training_Details": {
    "Training_Data": "BAAI-MTP",
    "Preprocessing": "Pre-trained using RetroMAE; fine-tuned on large-scale pairs data using contrastive learning; hard negatives mining; instruction adding during fine-tuning; tokenization with padding and truncation.",
    "Hyperparameters": {
      "temperature": 0.01
    }
  },
  "Evaluation": {
    "Evaluation_Data": [
      "MTEB",
      "C-MTEB"
    ],
    "Performance_Metrics": {
      "Average (56)": 63.98,
      "Retrieval (15)": 53.9,
      "Clustering (11)": 46.98,
      "Pair Classification (3)": 85.8,
      "Reranking (4)": 59.48,
      "STS (10)": 81.56,
      "Summarization (1)": 32.06,
      "Classification (12)": 76.21
    },
    "Source": [
      "https://github.com/FlagOpen/FlagEmbedding/blob/master/C_MTEB/README.md",
      "https://huggingface.co/spaces/mteb/leaderboard"
    ]
  },
  "Intended_Use": {
    "Task": [
      "retrieval",
      "classification",
      "clustering",
      "semantic search",
      "vector databases for LLMs",
      "re-ranking documents"
    ]
  },
  "Bias_Risks_and_Limitations": {
    "Limitations": "The similarity distribution of the BGE model is approximately in the interval [0.6, 1], meaning a score greater than 0.5 does not necessarily indicate similarity. For tasks requiring a similarity threshold, an appropriate threshold (e.g., 0.8, 0.85, or 0.9) should be selected based on the specific data. Newer versions (v1.5) alleviate this issue."
  },
  "License": "MIT"
}