{
  "error": "output_parser_failed",
  "raw_output": "```json\n{\n  \"Model_Description\": {\n    \"Name\": \"BAAI/bge-multilingual-gemma2\",\n    \"Description\": \"BGE-Multilingual-Gemma2 is a LLM-based multilingual embedding model. It is trained on a diverse range of languages and tasks based on google/gemma-2-9b.\"\n  },\n  \"Model_Sources\": {\n    \"Repository\": \"https://github.com/FlagOpen/FlagEmbedding\",\n    \"Paper\": [\n      \"https://arxiv.org/abs/2402.03216\",\n      \"https://arxiv.org/abs/2309.07597\"\n    ],\n    \"Demo\": \"Not provided\"\n  },\n  \"Citation\": [\n    \"@misc{bge-m3,\\n      title={BGE M3-Embedding: Multi-Lingual, Multi-Functionality, Multi-Granularity Text Embeddings Through Self-Knowledge Distillation}, \\n      author={Jianlv Chen and Shitao Xiao and Peitian Zhang and Kun Luo and Defu Lian and Zheng Liu},\\n      year={2024},\\n      eprint={2402.03216},\\n      archivePrefix={arXiv},\\n      primaryClass={cs.CL}\\n}\",\n    \"@misc{bge_embedding,\\n      title={C-Pack: Packaged Resources To Advance General Chinese Embedding}, \\n      author={Shitao Xiao and Zheng Liu and Peitian Zhang and Niklas Muennighoff},\\n      year={2023},\\n      eprint={2309.07597},\\n      archivePrefix={arXiv},\\n      primaryClass={cs.CL}\\n}\"\n  ],\n  \"Contact\": {\n    \"Author\": \"Not provided\",\n    \"Email\": \"Not provided\",\n    \"Community\": [\n      \"https://github.com/FlagOpen/FlagEmbedding\"\n    ]\n  },\n  \"Technical_Requirements\": {\n    \"Software\": [\n      \"Python\",\n      \"FlagEmbedding\",\n      \"sentence_transformers\",\n      \"torch\",\n      \"transformers\"\n    ],\n    \"Hardware\": {\n      \"CPU\": \"Not provided\",\n      \"GPU\": \"Not provided\",\n      \"RAM\": \"Not provided\",\n      \"Storage\": \"Not provided\"\n    }\n  },\n  \"Access_and_Distribution\": {\n    \"Download_Link\": \"Not provided\",\n    \"Model_Variants\": []\n  },\n  \"Dataset\": {\n    \"Name\": [\n      \"MTEB NFCorpus\",\n      \"MTEB MSMARCO\",\n      \"MTEB FiQA2018\",\n      \"MTEB SCIDOCS\",\n      \"MTEB FEVER\",\n      \"MTEB ArguAna\",\n      \"MTEB SciFact\",\n      \"MTEB TRECCOVID\",\n      \"MTEB ClimateFEVER\",\n      \"MTEB HotpotQA\",\n      \"MTEB NQ\",\n      \"MTEB QuoraRetrieval\",\n      \"MTEB Touche2020\",\n      \"MTEB DBPedia\",\n      \"MTEB CQADupstackRetrieval\",\n      \"MTEB AmazonCounterfactualClassification (en)\",\n      \"MTEB AmazonPolarityClassification\",\n      \"MTEB AmazonReviewsClassification (en)\",\n      \"MTEB ArxivClusteringP2P\",\n      \"MTEB ArxivClusteringS2S\",\n      \"MTEB AskUbuntuDupQuestions\",\n      \"MTEB BIOSSES\",\n      \"MTEB Banking77Classification\",\n      \"MTEB BiorxivClusteringP2P\",\n      \"MTEB BiorxivClusteringS2S\",\n      \"MTEB EmotionClassification\",\n      \"MTEB ImdbClassification\",\n      \"MTEB MTOPDomainClassification (en)\",\n      \"MTEB MTOPIntentClassification (en)\",\n      \"MTEB MassiveIntentClassification (en)\",\n      \"MTEB MassiveScenarioClassification (en)\",\n      \"MTEB MedrxivClusteringP2P\",\n      \"MTEB MedrxivClusteringS2S\",\n      \"MTEB MindSmallReranking\",\n      \"MTEB RedditClustering\",\n      \"MTEB RedditClusteringP2P\",\n      \"MTEB SICK-R\",\n      \"MTEB STS12\",\n      \"MTEB STS13\",\n      \"MTEB STS14\",\n      \"MTEB STS15\",\n      \"MTEB STS16\",\n      \"MTEB STS17 (en-en)\",\n      \"MTEB STS22 (en)\",\n      \"MTEB STSBenchmark\",\n      \"MTEB SciDocsRR\",\n      \"MTEB SprintDuplicateQuestions\",\n      \"MTEB StackExchangeClustering\",\n      \"MTEB StackExchangeClusteringP2P\",\n      \"MTEB StackOverflowDupQuestions\",\n      \"MTEB SummEval\",\n      \"MTEB ToxicConversationsClassification\",\n      \"MTEB TweetSentimentExtractionClassification\",\n      \"MTEB TwentyNewsgroupsClustering\",\n      \"MTEB TwitterSemEval2015\",\n      \"MTEB TwitterURLCorpus\",\n      \"MTEB AFQMC\",\n      \"MTEB ATEC\",\n      \"MTEB AmazonReviewsClassification (zh)\",\n      \"MTEB BQ\",\n      \"MTEB CLSClusteringP2P\",\n      \"MTEB CLSClusteringS2S\",\n      \"MTEB CMedQAv1\",\n      \"MTEB CMedQAv2\",\n      \"MTEB CmedqaRetrieval\",\n      \"MTEB Cmnli\",\n      \"MTEB CovidRetrieval\",\n      \"MTEB DuRetrieval\",\n      \"MTEB EcomRetrieval\",\n      \"MTEB IFlyTek\",\n      \"MTEB JDReview\",\n      \"MTEB LCQMC\",\n      \"MTEB MMarcoReranking\",\n      \"MTEB MMarcoRetrieval\",\n      \"MTEB MassiveIntentClassification (zh-CN)\",\n      \"MTEB MassiveScenarioClassification (zh-CN)\",\n      \"MTEB MedicalRetrieval\",\n      \"MTEB MultilingualSentiment\",\n      \"MTEB Ocnli\",\n      \"MTEB OnlineShopping\",\n      \"MTEB PAWSX\",\n      \"MTEB QBQTC\",\n      \"MTEB STS22 (zh)\",\n      \"MTEB STSB\",\n      \"MTEB T2Reranking\",\n      \"MTEB T2Retrieval\",\n      \"MTEB TNews\",\n      \"MTEB ThuNewsClusteringP2P\",\n      \"MTEB ThuNewsClusteringS2S\",\n      \"MTEB VideoRetrieval\",\n      \"MTEB Waimai\",\n      \"MTEB AlloProfClusteringP2P\",\n      \"MTEB AlloprofReranking\",\n      \"MTEB AlloprofRetrieval\",\n      \"MTEB AmazonReviewsClassification (fr)\",\n      \"MTEB BSARDRetrieval\",\n      \"MTEB HALClusteringS2S\",\n      \"MTEB MLSUMClusteringP2P (fr)\",\n      \"MTEB MTOPDomainClassification (fr)\",\n      \"MTEB MTOPIntentClassification (fr)\",\n      \"MTEB MasakhaNEWSClassification (fra)\",\n      \"MTEB MasakhaNEWSClusteringP2P (fra)\",\n      \"MTEB MassiveIntentClassification (fr)\",\n      \"MTEB MassiveScenarioClassification (fr)\",\n      \"MTEB MintakaRetrieval (fr)\",\n      \"MTEB OpusparcusPC (fr)\",\n      \"MTEB PawsXPairClassification (fr)\",\n      \"MTEB SICKFr\",\n      \"MTEB STS22 (fr)\",\n      \"MTEB STSBenchmarkMultilingualSTS (fr)\",\n      \"MTEB SummEvalFr\",\n      \"MTEB SyntecReranking\",\n      \"MTEB SyntecRetrieval\",\n      \"MTEB XPQARetrieval (fr)\",\n      \"MTEB AllegroReviews\",\n      \"MTEB ArguAna-PL\",\n      \"MTEB CBD\",\n      \"MTEB CDSC-E\",\n      \"MTEB CDSC-R\",\n      \"MTEB DBPedia-PL\",\n      \"MTEB 8TagsClustering\",\n      \"MTEB FiQA-PL\",\n      \"MTEB HotpotQA-PL\",\n      \"MTEB MSMARCO-PL\",\n      \"MTEB MassiveIntentClassification (pl)\",\n      \"MTEB MassiveScenarioClassification (pl)\",\n      \"MTEB NFCorpus-PL\",\n      \"MTEB NQ-PL\",\n      \"MTEB PAC\",\n      \"MTEB PSC\",\n      \"MTEB PolEmo2.0-IN\",\n      \"MTEB PolEmo2.0-OUT\",\n      \"MTEB PPC\",\n      \"MTEB Quora-PL\",\n      \"MTEB SCIDOCS-PL\",\n      \"MTEB SICK-E-PL\",\n      \"MTEB SICK-R-PL\",\n      \"MTEB STS22 (pl)\",\n      \"MTEB SciFact-PL\",\n      \"MTEB TRECCOVID-PL\"\n    ],\n    \"Sources\": [\n      \"https://huggingface.co/datasets/mteb/nfcorpus\",\n      \"https://huggingface.co/datasets/mteb/msmarco\",\n      \"https://huggingface.co/datasets/mteb/fiqa\",\n      \"https://huggingface.co/datasets/mteb/scidocs\",\n      \"https://huggingface.co/datasets/mteb/fever\",\n      \"https://huggingface.co/datasets/mteb/arguana\",\n      \"https://huggingface.co/datasets/mteb/scifact\",\n      \"https://huggingface.co/datasets/mteb/trec-covid\",\n      \"https://huggingface.co/datasets/mteb/climate-fever\",\n      \"https://huggingface.co/datasets/mteb/hotpotqa\",\n      \"https://huggingface.co/datasets/mteb/nq\",\n      \"https://huggingface.co/datasets/mteb/quora\",\n      \"https://huggingface.co/datasets/mteb/webis-touche2020\",\n      \"https://huggingface.co/datasets/mteb/dbpedia\",\n      \"https://huggingface.co/datasets/BeIR/cqadupstack\",\n      \"https://huggingface.co/datasets/mteb/amazon_counterfactual\",\n      \"https://huggingface.co/datasets/mteb/amazon_polarity\",\n      \"https://huggingface.co/datasets/mteb/amazon_reviews_multi\",\n      \"https://huggingface.co/datasets/mteb/arxiv-clustering-p2p\",\n      \"https://hugging"
}