{
  "Model_Description": {
    "Name": "BAAI/bge-reranker-large",
    "Description": "A cross-encoder model designed for reranking documents, supporting Chinese and English. It is more accurate than embedding models and is recommended for re-ranking top-k documents retrieved by embedding models."
  },
  "Model_Sources": {
    "Repository": "https://github.com/FlagOpen/FlagEmbedding",
    "Paper": "https://arxiv.org/pdf/2309.07597.pdf",
    "Demo": "Not provided"
  },
  "Citation": "@misc{bge_embedding,\n      title={C-Pack: Packaged Resources To Advance General Chinese Embedding}, \n      author={Shitao Xiao and Zheng Liu and Peitian Zhang and Niklas Muennighoff},\n      year={2023},\n      eprint={2309.07597},\n      archivePrefix={arXiv},\n      primaryClass={cs.CL}\n}",
  "Contact": {
    "Author": [
      "Shitao Xiao",
      "Zheng Liu",
      "Peitian Zhang",
      "Niklas Muennighoff"
    ],
    "Email": "Not provided",
    "Community": [
      "https://github.com/FlagOpen/FlagEmbedding"
    ]
  },
  "Technical_Requirements": {
    "Software": [
      "FlagEmbedding",
      "sentence-transformers",
      "transformers",
      "torch",
      "optimum.onnxruntime",
      "infinity_emb"
    ],
    "Hardware": {
      "CPU": "Not provided",
      "GPU": "Not provided",
      "RAM": "Not provided",
      "Storage": "Not provided"
    }
  },
  "Access_and_Distribution": {
    "Download_Link": "Not provided",
    "Model_Variants": [
      {
        "Name": "BAAI/bge-reranker-large",
        "Link": "https://huggingface.co/BAAI/bge-reranker-large",
        "Type": "cross-encoder",
        "Size": "Not provided",
        "Notes": "more accurate but less efficient"
      },
      {
        "Name": "BAAI/bge-reranker-base",
        "Link": "https://huggingface.co/BAAI/bge-reranker-base",
        "Type": "cross-encoder",
        "Size": "Not provided",
        "Notes": "more accurate but less efficient"
      }
    ]
  },
  "Dataset": {
    "Name": [
      "MTEB CMedQAv1",
      "MTEB CMedQAv2",
      "MTEB MMarcoReranking",
      "MTEB T2Reranking",
      "C-MTEB"
    ],
    "Sources": [
      "C-MTEB/CMedQAv1-reranking",
      "C-MTEB/CMedQAv2-reranking",
      "C-MTEB/Mmarco-reranking",
      "C-MTEB/T2Reranking",
      "https://github.com/FlagOpen/FlagEmbedding/blob/master/C_MTEB"
    ],
    "Description": "Not provided"
  },
  "Model_Architecture": {
    "Architecture_Type": "cross-encoder",
    "Base_Architecture": "Not provided",
    "Number_Parameters": "Not provided",
    "Parameters": {
      "context_length": 512
    },
    "Input_Type": "Text",
    "Output_Type": "Similarity Score"
  },
  "Training_Details": {
    "Training_Data": "large-scale pairs data",
    "Preprocessing": "pre-train models using retromae; mine hard negatives; fine-tuned with contrastive learning; data format is the same as embedding model",
    "Hyperparameters": {
      "temperature": 0.01
    }
  },
  "Evaluation": {
    "Evaluation_Data": [
      "MTEB CMedQAv1",
      "MTEB CMedQAv2",
      "MTEB MMarcoReranking",
      "MTEB T2Reranking",
      "T2RerankingZh2En",
      "T2RerankingEn2Zh"
    ],
    "Performance_Metrics": {
      "BAAI/bge-reranker-large - T2Reranking": 67.6,
      "BAAI/bge-reranker-large - T2RerankingZh2En": 64.03,
      "BAAI/bge-reranker-large - T2RerankingEn2Zh": 61.44,
      "BAAI/bge-reranker-large - MMarcoReranking": 37.16,
      "BAAI/bge-reranker-large - CMedQAv1": 82.15,
      "BAAI/bge-reranker-large - CMedQAv2": 84.18,
      "BAAI/bge-reranker-large - Avg": 66.09,
      "BAAI/bge-reranker-base - map (CMedQAv1)": 81.27206722525007,
      "BAAI/bge-reranker-base - mrr (CMedQAv1)": 84.14238095238095,
      "BAAI/bge-reranker-base - map (CMedQAv2)": 84.10369934291236,
      "BAAI/bge-reranker-base - mrr (CMedQAv2)": 86.79376984126984,
      "BAAI/bge-reranker-base - map (MMarcoReranking)": 35.4600511272538,
      "BAAI/bge-reranker-base - mrr (MMarcoReranking)": 34.60238095238095,
      "BAAI/bge-reranker-base - map (T2Reranking)": 67.27728847727172,
      "BAAI/bge-reranker-base - mrr (T2Reranking)": 77.1315192743764,
      "BAAI/bge-reranker-base - T2Reranking": 67.28,
      "BAAI/bge-reranker-base - T2RerankingZh2En": 63.95,
      "BAAI/bge-reranker-base - T2RerankingEn2Zh": 60.45,
      "BAAI/bge-reranker-base - MMarcoReranking": 35.46,
      "BAAI/bge-reranker-base - CMedQAv1": 81.26,
      "BAAI/bge-reranker-base - CMedQAv2": 84.1,
      "BAAI/bge-reranker-base - Avg": 65.42
    },
    "Source": "https://github.com/FlagOpen/FlagEmbedding/blob/master/C_MTEB/README.md"
  },
  "Intended_Use": {
    "Task": [
      "Reranking",
      "feature-extraction"
    ]
  },
  "Bias_Risks_and_Limitations": {
    "Limitations": "The similarity distribution of the current BGE model is about in the interval [0.6, 1], so a similarity score greater than 0.5 does not indicate that two sentences are similar; relative order of scores matters more than absolute value."
  },
  "License": "MIT"
}