{
  "Model_Description": {
    "Name": "BAAI/bge-base-zh-v1.5",
    "Description": "FlagEmbedding can map any text to a low-dimensional dense vector which can be used for tasks like retrieval, classification, clustering, or semantic search. It can also be used in vector databases for LLMs."
  },
  "Model_Sources": {
    "Repository": "https://github.com/FlagOpen/FlagEmbedding",
    "Paper": [
      "https://arxiv.org/pdf/2310.07554.pdf",
      "https://arxiv.org/pdf/2309.07597.pdf"
    ],
    "Demo": "Not provided"
  },
  "Citation": "@misc{bge_embedding,\n      title={C-Pack: Packaged Resources To Advance General Chinese Embedding}, \n      author={Shitao Xiao and Zheng Liu and Peitian Zhang and Niklas Muennighoff},\n      year={2023},\n      eprint={2309.07597},\n      archivePrefix={arXiv},\n      primaryClass={cs.CL}\n}",
  "Contact": {
    "Author": [
      "Shitao Xiao",
      "Zheng Liu"
    ],
    "Email": [
      "stxiao@baai.ac.cn",
      "liuzheng@baai.ac.cn"
    ],
    "Community": "Not provided"
  },
  "Technical_Requirements": {
    "Software": [
      "FlagEmbedding",
      "sentence-transformers",
      "transformers",
      "torch"
    ],
    "Hardware": {
      "CPU": "Not provided",
      "GPU": "Not provided",
      "RAM": "Not provided",
      "Storage": "Not provided"
    }
  },
  "Access_and_Distribution": {
    "Download_Link": "https://huggingface.co/BAAI/bge-base-zh-v1.5",
    "Model_Variants": [
      {
        "Name": "BAAI/llm-embedder",
        "Link": "https://huggingface.co/BAAI/llm-embedder",
        "Type": "Not provided",
        "Size": "Not provided",
        "Notes": "a unified embedding model to support diverse retrieval augmentation needs for LLMs"
      },
      {
        "Name": "BAAI/bge-reranker-large",
        "Link": "https://huggingface.co/BAAI/bge-reranker-large",
        "Type": "Not provided",
        "Size": "Not provided",
        "Notes": "a cross-encoder model which is more accurate but less efficient [2]"
      },
      {
        "Name": "BAAI/bge-reranker-base",
        "Link": "https://huggingface.co/BAAI/bge-reranker-base",
        "Type": "Not provided",
        "Size": "Not provided",
        "Notes": "a cross-encoder model which is more accurate but less efficient [2]"
      },
      {
        "Name": "BAAI/bge-large-en-v1.5",
        "Link": "https://huggingface.co/BAAI/bge-large-en-v1.5",
        "Type": "Not provided",
        "Size": "Not provided",
        "Notes": "version 1.5 with more reasonable similarity distribution"
      },
      {
        "Name": "BAAI/bge-base-en-v1.5",
        "Link": "https://huggingface.co/BAAI/bge-base-en-v1.5",
        "Type": "Not provided",
        "Size": "Not provided",
        "Notes": "version 1.5 with more reasonable similarity distribution"
      },
      {
        "Name": "BAAI/bge-small-en-v1.5",
        "Link": "https://huggingface.co/BAAI/bge-small-en-v1.5",
        "Type": "Not provided",
        "Size": "Not provided",
        "Notes": "version 1.5 with more reasonable similarity distribution"
      },
      {
        "Name": "BAAI/bge-large-zh-v1.5",
        "Link": "https://huggingface.co/BAAI/bge-large-zh-v1.5",
        "Type": "Not provided",
        "Size": "Not provided",
        "Notes": "version 1.5 with more reasonable similarity distribution"
      },
      {
        "Name": "BAAI/bge-base-zh-v1.5",
        "Link": "https://huggingface.co/BAAI/bge-base-zh-v1.5",
        "Type": "Not provided",
        "Size": "Not provided",
        "Notes": "version 1.5 with more reasonable similarity distribution"
      },
      {
        "Name": "BAAI/bge-small-zh-v1.5",
        "Link": "https://huggingface.co/BAAI/bge-small-zh-v1.5",
        "Type": "Not provided",
        "Size": "Not provided",
        "Notes": "version 1.5 with more reasonable similarity distribution"
      },
      {
        "Name": "BAAI/bge-large-en",
        "Link": "https://huggingface.co/BAAI/bge-large-en",
        "Type": "Not provided",
        "Size": "Not provided",
        "Notes": ":trophy: rank **1st** in [MTEB](https://huggingface.co/spaces/mteb/leaderboard) leaderboard"
      },
      {
        "Name": "BAAI/bge-base-en",
        "Link": "https://huggingface.co/BAAI/bge-base-en",
        "Type": "Not provided",
        "Size": "Not provided",
        "Notes": "a base-scale model but with similar ability to `bge-large-en`"
      },
      {
        "Name": "BAAI/bge-small-en",
        "Link": "https://huggingface.co/BAAI/bge-small-en",
        "Type": "Not provided",
        "Size": "Not provided",
        "Notes": "a small-scale model but with competitive performance"
      },
      {
        "Name": "BAAI/bge-large-zh",
        "Link": "https://huggingface.co/BAAI/bge-large-zh",
        "Type": "Not provided",
        "Size": "Not provided",
        "Notes": ":trophy: rank **1st** in [C-MTEB](https://github.com/FlagOpen/FlagEmbedding/tree/master/C_MTEB) benchmark"
      },
      {
        "Name": "BAAI/bge-base-zh",
        "Link": "https://huggingface.co/BAAI/bge-base-zh",
        "Type": "Not provided",
        "Size": "Not provided",
        "Notes": "a base-scale model but with similar ability to `bge-large-zh`"
      },
      {
        "Name": "BAAI/bge-small-zh",
        "Link": "https://huggingface.co/BAAI/bge-small-zh",
        "Type": "Not provided",
        "Size": "Not provided",
        "Notes": "a small-scale model but with competitive performance"
      }
    ]
  },
  "Dataset": {
    "Name": [
      "BAAI-MTP",
      "MTEB",
      "C-MTEB"
    ],
    "Sources": [
      "https://data.baai.ac.cn/details/BAAI-MTP",
      "https://huggingface.co/spaces/mteb/leaderboard",
      "https://github.com/FlagOpen/FlagEmbedding/blob/master/C_MTEB"
    ],
    "Description": [
      "Massive training data of BGE",
      "Benchmark for text embedding",
      "Benchmark for Chinese text embedding which consists of 31 datasets from 6 tasks"
    ]
  },
  "Model_Architecture": {
    "Architecture_Type": "Embedding model",
    "Base_Architecture": "Not provided",
    "Number_Parameters": "Not provided",
    "Parameters": {
      "Embedding dimension": 768,
      "Sequence Length": 512
    },
    "Input_Type": "Text",
    "Output_Type": "Vector"
  },
  "Training_Details": {
    "Training_Data": [
      "BAAI-MTP"
    ],
    "Preprocessing": "Tokenization with padding and truncation; instruction added to queries for retrieval tasks; embeddings normalized.",
    "Hyperparameters": {
      "temperature": 0.01,
      "use_fp16": true
    }
  },
  "Evaluation": {
    "Evaluation_Data": [
      "MTEB",
      "C-MTEB"
    ],
    "Performance_Metrics": {
      "Avg": 63.13,
      "Retrieval": 69.49,
      "STS": 53.72,
      "PairClassification": 79.75,
      "Classification": 68.07,
      "Reranking": 65.39,
      "Clustering": 47.53
    },
    "Source": [
      "https://huggingface.co/spaces/mteb/leaderboard",
      "https://github.com/FlagOpen/FlagEmbedding/blob/master/C_MTEB"
    ]
  },
  "Intended_Use": {
    "Task": [
      "retrieval",
      "classification",
      "clustering",
      "semantic search"
    ]
  },
  "Bias_Risks_and_Limitations": {
    "Limitations": "The similarity score between two dissimilar sentences may be higher than 0.5, requiring careful threshold selection. Pre-trained models cannot be directly used for similarity calculation and require fine-tuning with contrastive learning. If fine-tuned model accuracy is low, using a cross-encoder reranker is recommended."
  },
  "License": "MIT"
}