{
  "Model_Description": {
    "Name": "BAAI/bge-reranker-base",
    "Description": "BAAI/bge-reranker-base is a cross-encoder model designed for reranking text. It takes a question and a document as input to directly output a relevance score, offering higher accuracy but lower efficiency compared to embedding models, and is intended for re-ranking top-k documents."
  },
  "Model_Sources": {
    "Repository": "https://github.com/FlagOpen/FlagEmbedding",
    "Paper": "https://arxiv.org/pdf/2309.07597.pdf",
    "Demo": "Not provided"
  },
  "Citation": "@misc{bge_embedding,\n      title={C-Pack: Packaged Resources To Advance General Chinese Embedding}, \n      author={Shitao Xiao and Zheng Liu and Peitian Zhang and Niklas Muennighoff},\n      year={2023},\n      eprint={2309.07597},\n      archivePrefix={arXiv},\n      primaryClass={cs.CL}\n}",
  "Contact": {
    "Author": [
      "Shitao Xiao",
      "Zheng Liu",
      "Peitian Zhang",
      "Niklas Muennighoff"
    ],
    "Email": "Not provided",
    "Community": [
      "https://github.com/FlagOpen/FlagEmbedding"
    ]
  },
  "Technical_Requirements": {
    "Software": [
      "FlagEmbedding",
      "sentence-transformers",
      "transformers",
      "torch",
      "optimum.onnxruntime",
      "infinity_emb"
    ],
    "Hardware": {
      "CPU": "Not provided",
      "GPU": "Not provided",
      "RAM": "Not provided",
      "Storage": "Not provided"
    }
  },
  "Access_and_Distribution": {
    "Download_Link": "https://huggingface.co/BAAI/bge-reranker-base",
    "Model_Variants": [
      {
        "Name": "bge-reranker-large",
        "Link": "https://huggingface.co/BAAI/bge-reranker-large",
        "Type": "cross-encoder",
        "Size": "Not provided",
        "Notes": "a cross-encoder model which is more accurate but less efficient"
      }
    ]
  },
  "Dataset": {
    "Name": [
      "MTEB CMedQAv1",
      "MTEB CMedQAv2",
      "MTEB MMarcoReranking",
      "MTEB T2Reranking"
    ],
    "Sources": [
      "C-MTEB/CMedQAv1-reranking",
      "C-MTEB/CMedQAv2-reranking",
      "C-MTEB/Mmarco-reranking",
      "C-MTEB/T2Reranking",
      "https://github.com/FlagOpen/FlagEmbedding/blob/master/C_MTEB"
    ],
    "Description": "Datasets used for reranking tasks, including Chinese and English text, as part of the MTEB and C-MTEB benchmarks."
  },
  "Model_Architecture": {
    "Architecture_Type": "cross-encoder model",
    "Base_Architecture": "Not provided",
    "Number_Parameters": "Not provided",
    "Parameters": {
      "max_length": 512
    },
    "Input_Type": "Text",
    "Output_Type": "Numeric Score"
  },
  "Training_Details": {
    "Training_Data": "large-scale pairs data",
    "Preprocessing": "Mine hard negatives",
    "Hyperparameters": "Not provided"
  },
  "Evaluation": {
    "Evaluation_Data": [
      "MTEB CMedQAv1",
      "MTEB CMedQAv2",
      "MTEB MMarcoReranking",
      "MTEB T2Reranking",
      "T2RerankingZh2En",
      "T2RerankingEn2Zh"
    ],
    "Performance_Metrics": {
      "MTEB CMedQAv1_map": 81.27206722525007,
      "MTEB CMedQAv1_mrr": 84.14238095238095,
      "MTEB CMedQAv2_map": 84.10369934291236,
      "MTEB CMedQAv2_mrr": 86.79376984126984,
      "MTEB MMarcoReranking_map": 35.4600511272538,
      "MTEB MMarcoReranking_mrr": 34.60238095238095,
      "MTEB T2Reranking_map": 67.27728847727172,
      "MTEB T2Reranking_mrr": 77.1315192743764,
      "T2Reranking": 67.28,
      "T2RerankingZh2En": 63.95,
      "T2RerankingEn2Zh": 60.45,
      "MMarcoReranking": 35.46,
      "CMedQAv1": 81.26,
      "CMedQAv2": 84.1,
      "Avg": 65.42
    },
    "Source": "https://github.com/FlagOpen/FlagEmbedding/blob/master/C_MTEB/"
  },
  "Intended_Use": {
    "Task": [
      "Reranking",
      "re-rank top-k documents"
    ]
  },
  "Bias_Risks_and_Limitations": {
    "Limitations": "The reranker uses question and document as input to directly output a relevance score, which is not bounded to a specific range as it's optimized based on cross-entropy loss. It is more accurate but less efficient than embedding models, and is typically used to re-rank top-k documents retrieved by other simpler models."
  },
  "License": "MIT"
}