{
  "Model_Description": {
    "Name": "BAAI/bge-m3",
    "Description": "BGE-M3 is an embedding model distinguished for its versatility in Multi-Functionality, Multi-Linguality, and Multi-Granularity. It supports dense, multi-vector, and sparse retrieval, over 100 languages, and processes documents up to 8192 tokens."
  },
  "Model_Sources": {
    "Repository": "https://github.com/FlagOpen/FlagEmbedding",
    "Paper": "https://arxiv.org/pdf/2402.03216.pdf",
    "Demo": "Not provided"
  },
  "Citation": "@misc{bge-m3,\n      title={BGE M3-Embedding: Multi-Lingual, Multi-Functionality, Multi-Granularity Text Embeddings Through Self-Knowledge Distillation}, \n      author={Jianlv Chen and Shitao Xiao and Peitian Zhang and Kun Luo and Defu Lian and Zheng Liu},\n      year={2024},\n      eprint={2402.03216},\n      archivePrefix={arXiv},\n      primaryClass={cs.CL}\n}",
  "Contact": {
    "Author": [
      "Jianlv Chen",
      "Shitao Xiao",
      "Peitian Zhang",
      "Kun Luo",
      "Defu Lian",
      "Zheng Liu"
    ],
    "Email": "Not provided",
    "Community": "Not provided"
  },
  "Technical_Requirements": {
    "Software": [
      "FlagEmbedding",
      "Python"
    ],
    "Hardware": {
      "CPU": "Not provided",
      "GPU": "Not provided",
      "RAM": "Not provided",
      "Storage": "Not provided"
    }
  },
  "Access_and_Distribution": {
    "Download_Link": "Not provided",
    "Model_Variants": [
      {
        "Name": "BAAI/bge-m3",
        "Link": "https://huggingface.co/BAAI/bge-m3",
        "Type": "Not provided",
        "Size": "Not provided",
        "Notes": "multilingual; unified fine-tuning (dense, sparse, and colbert) from bge-m3-unsupervised"
      },
      {
        "Name": "BAAI/bge-m3-unsupervised",
        "Link": "https://huggingface.co/BAAI/bge-m3-unsupervised",
        "Type": "Not provided",
        "Size": "Not provided",
        "Notes": "multilingual; contrastive learning from bge-m3-retromae"
      },
      {
        "Name": "BAAI/bge-m3-retromae",
        "Link": "https://huggingface.co/BAAI/bge-m3-retromae",
        "Type": "Not provided",
        "Size": "Not provided",
        "Notes": "multilingual; extend the max_length of xlm-roberta to 8192 and further pretrained via retromae"
      },
      {
        "Name": "BAAI/bge-large-en-v1.5",
        "Link": "https://huggingface.co/BAAI/bge-large-en-v1.5",
        "Type": "Not provided",
        "Size": "Not provided",
        "Notes": "English model"
      },
      {
        "Name": "BAAI/bge-base-en-v1.5",
        "Link": "https://huggingface.co/BAAI/bge-base-en-v1.5",
        "Type": "Not provided",
        "Size": "Not provided",
        "Notes": "English model"
      },
      {
        "Name": "BAAI/bge-small-en-v1.5",
        "Link": "https://huggingface.co/BAAI/bge-small-en-v1.5",
        "Type": "Not provided",
        "Size": "Not provided",
        "Notes": "English model"
      }
    ]
  },
  "Dataset": {
    "Name": [
      "MLDR",
      "bge-m3-data"
    ],
    "Sources": [
      "https://huggingface.co/datasets/Shitao/MLDR",
      "https://huggingface.co/datasets/Shitao/bge-m3-data"
    ],
    "Description": [
      "Docuemtn Retrieval Dataset, covering 13 languages",
      "Fine-tuning data used by bge-m3"
    ]
  },
  "Model_Architecture": {
    "Architecture_Type": "Encoder-only Transformer",
    "Base_Architecture": "xlm-roberta",
    "Number_Parameters": "Not provided",
    "Parameters": {
      "Dimension": 1024,
      "Sequence Length": 8192
    },
    "Input_Type": "Text",
    "Output_Type": "Embeddings"
  },
  "Training_Details": {
    "Training_Data": [
      "MLDR",
      "bge-m3-data"
    ],
    "Preprocessing": "Not provided",
    "Hyperparameters": "Not provided"
  },
  "Evaluation": {
    "Evaluation_Data": [
      "MIRACL",
      "MKQA",
      "MLDR",
      "NarritiveQA"
    ],
    "Performance_Metrics": "Not provided",
    "Source": [
      "https://github.com/FlagOpen/FlagEmbedding/tree/master/C_MTEB/MKQA",
      "https://github.com/FlagOpen/FlagEmbedding/tree/master/C_MTEB/MLDR",
      "https://huggingface.co/datasets/hanhainebula/bge-m3_miracl_2cr",
      "https://github.com/FlagOpen/FlagEmbedding/tree/master/C_MTEB/MLDR#bm25-baseline"
    ]
  },
  "Intended_Use": {
    "Task": [
      "Sentence Similarity",
      "Text Retrieval",
      "Feature Extraction"
    ]
  },
  "Bias_Risks_and_Limitations": {
    "Limitations": "Not provided"
  },
  "License": "MIT"
}