{
  "Model_Description": {
    "Name": "BAAI/Emu3-Chat-hf",
    "Description": "Emu3 is an open-source multimodal model trained with next-token prediction task. By tokenizing images and text into a discrete space, Emu3 is trained as a single transformer from scratch on a mixture of multimodal sequences."
  },
  "Model_Sources": {
    "Repository": "https://github.com/baaivision/Emu3",
    "Paper": "https://arxiv.org/abs/2409.18869",
    "Demo": "Not provided"
  },
  "Citation": "@misc{wang2024emu3nexttokenpredictionneed,\n      title={Emu3: Next-Token Prediction is All You Need}, \n      author={Xinlong Wang and Xiaosong Zhang and Zhengxiong Luo and Quan Sun and Yufeng Cui and Jinsheng Wang and Fan Zhang and Yueze Wang and Zhen Li and Qiying Yu and Yingli Zhao and Yulong Ao and Xuebin Min and Tao Li and Boya Wu and Bo Zhao and Bowen Zhang and Liangdong Wang and Guang Liu and Zheqi He and Xi Yang and Jingjing Liu and Yonghua Lin and Tiejun Huang and Zhongyuan Wang},\n      year={2024},\n      eprint={2409.18869},\n      archivePrefix={arXiv},\n      primaryClass={cs.CV},\n      url={https://arxiv.org/abs/2409.18869}, \n}",
  "Contact": {
    "Author": [
      "Xinlong Wang",
      "Xiaosong Zhang",
      "Zhengxiong Luo",
      "Quan Sun",
      "Yufeng Cui",
      "Jinsheng Wang",
      "Fan Zhang",
      "Yueze Wang",
      "Zhen Li",
      "Qiying Yu",
      "Yingli Zhao",
      "Yulong Ao",
      "Xuebin Min",
      "Tao Li",
      "Boya Wu",
      "Bo Zhao",
      "Bowen Zhang",
      "Liangdong Wang",
      "Guang Liu",
      "Zheqi He",
      "Xi Yang",
      "Jingjing Liu",
      "Yonghua Lin",
      "Tiejun Huang",
      "Zhongyuan Wang"
    ],
    "Email": "Not provided",
    "Community": "Not provided"
  },
  "Technical_Requirements": {
    "Software": [
      "transformers >= 4.48.0",
      "flash-attn"
    ],
    "Hardware": {
      "CPU": "Not provided",
      "GPU": "Not provided",
      "RAM": "Not provided",
      "Storage": "Not provided"
    }
  },
  "Access_and_Distribution": {
    "Download_Link": "Not provided",
    "Model_Variants": []
  },
  "Dataset": {
    "Name": "Not provided",
    "Sources": "Not provided",
    "Description": "Not provided"
  },
  "Model_Architecture": {
    "Architecture_Type": "Decoder-only Transformer",
    "Base_Architecture": "Emu3",
    "Number_Parameters": "Not provided",
    "Parameters": "Not provided",
    "Input_Type": "Image-Text",
    "Output_Type": [
      "Text",
      "Image",
      "Video"
    ]
  },
  "Training_Details": {
    "Training_Data": "Not provided",
    "Preprocessing": "Not provided",
    "Hyperparameters": "Not provided"
  },
  "Evaluation": {
    "Evaluation_Data": "Not provided",
    "Performance_Metrics": "Not provided",
    "Source": "Not provided"
  },
  "Intended_Use": {
    "Task": [
      "image generation",
      "vision-language understanding",
      "video generation"
    ]
  },
  "Bias_Risks_and_Limitations": {
    "Limitations": "Not provided"
  },
  "License": "Apache-2.0"
}