{
  "Model_Description": {
    "Name": "BAAI/Emu3-Gen",
    "Description": "Emu3 is a new suite of state-of-the-art multimodal models trained solely with next-token prediction, tokenizing images, text, and videos into a discrete space. It excels in both generation and perception tasks, outperforming several task-specific models."
  },
  "Model_Sources": {
    "Repository": "https://github.com/baaivision/Emu3",
    "Paper": "https://huggingface.co/papers/2409.18869",
    "Demo": "https://huggingface.co/spaces/BAAI/Emu3"
  },
  "Citation": "Not provided",
  "Contact": {
    "Author": "Emu3 Team, BAAI",
    "Email": "Not provided",
    "Community": "Not provided"
  },
  "Technical_Requirements": {
    "Software": [
      "PIL",
      "transformers",
      "torch"
    ],
    "Hardware": {
      "CPU": "Not provided",
      "GPU": "Not provided",
      "RAM": "Not provided",
      "Storage": "Not provided"
    }
  },
  "Access_and_Distribution": {
    "Download_Link": "Not provided",
    "Model_Variants": []
  },
  "Dataset": {
    "Name": "Not provided",
    "Sources": "Not provided",
    "Description": "Not provided"
  },
  "Model_Architecture": {
    "Architecture_Type": "Transformer",
    "Base_Architecture": "Not provided",
    "Number_Parameters": "Not provided",
    "Parameters": "Not provided",
    "Input_Type": [
      "Text",
      "Image",
      "Video"
    ],
    "Output_Type": [
      "Text",
      "Image",
      "Video"
    ]
  },
  "Training_Details": {
    "Training_Data": "mixture of multimodal sequences",
    "Preprocessing": "Tokenizing images, text, and videos into a discrete space.",
    "Hyperparameters": "Not provided"
  },
  "Evaluation": {
    "Evaluation_Data": "Not provided",
    "Performance_Metrics": "Not provided",
    "Source": "Not provided"
  },
  "Intended_Use": {
    "Task": [
      "Image Generation",
      "Video Generation",
      "Vision-Language Understanding"
    ]
  },
  "Bias_Risks_and_Limitations": {
    "Limitations": "Not provided"
  },
  "License": "Apache-2.0"
}