{
  "Model_Description": {
    "Name": "BAAI/OpenSeek-Small-v1-SFT",
    "Description": "This model adopts the Octothinker approach, trained in two phases on a mathematical corpus, and then fine-tuned on the Infinity-Instruct dataset to achieve superior instruction-following capabilities. It is open-sourced as a baseline for future experiments."
  },
  "Model_Sources": {
    "Repository": "https://huggingface.co/BAAI/OpenSeek-Small-v1-SFT",
    "Paper": "Not provided",
    "Demo": "Not provided"
  },
  "Citation": "Not provided",
  "Contact": {
    "Author": "Not provided",
    "Email": "Not provided",
    "Community": "Not provided"
  },
  "Technical_Requirements": {
    "Software": "Not provided",
    "Hardware": {
      "CPU": "Not provided",
      "GPU": "Not provided",
      "RAM": "Not provided",
      "Storage": "Not provided"
    }
  },
  "Access_and_Distribution": {
    "Download_Link": "Not provided",
    "Model_Variants": []
  },
  "Dataset": {
    "Name": [
      "mathematical corpus",
      "Infinity-Instruct"
    ],
    "Sources": [
      "https://huggingface.co/datasets/BAAI/Infinity-Instruct/tree/main/7M_core"
    ],
    "Description": "A mathematical corpus was used for mid-training, and the Infinity-Instruct dataset was used for fine-tuning to achieve instruction-following capabilities."
  },
  "Model_Architecture": {
    "Architecture_Type": "Not provided",
    "Base_Architecture": "OpenSeek-Small-v1",
    "Number_Parameters": "Not provided",
    "Parameters": "Not provided",
    "Input_Type": "Not provided",
    "Output_Type": "Not provided"
  },
  "Training_Details": {
    "Training_Data": [
      "mathematical corpus",
      "Infinity-Instruct"
    ],
    "Preprocessing": "Not provided",
    "Hyperparameters": "Not provided"
  },
  "Evaluation": {
    "Evaluation_Data": [
      "GSM8K",
      "MATH-500",
      "Minerva Math",
      "OlympiadBench"
    ],
    "Performance_Metrics": {
      "GSM8K Pass@1": 20.698,
      "GSM8K Pass@4": 41.768,
      "GSM8K Pass@8": 51.838,
      "MATH-500 Pass@1": 13.1,
      "MATH-500 Pass@4": 19.1,
      "MATH-500 Pass@8": 19.599,
      "Minerva Math Pass@1": 3.47,
      "Minerva Math Pass@4": 8.415,
      "Minerva Math Pass@8": 11.68,
      "OlympiadBench Pass@1": 2.741,
      "OlympiadBench Pass@4": 4.997,
      "OlympiadBench Pass@8": 5.185,
      "Avg. Pass@1": 10.002,
      "Avg. Pass@4": 18.57,
      "Avg. Pass@8": 22.075
    },
    "Source": "Not provided"
  },
  "Intended_Use": {
    "Task": [
      "Instruction Following",
      "Reasoning"
    ]
  },
  "Bias_Risks_and_Limitations": {
    "Limitations": "Not provided"
  },
  "License": "OpenMDW 1.0"
}