{
  "Model_Description": {
    "Name": "agufsamudra/indo-sentiment-analysis",
    "Description": "This model is fine-tuned from `indobenchmark/indobert-base-p1` for binary sentiment classification (Positive/Negative) on Indonesian text."
  },
  "Model_Sources": {
    "Repository": "https://huggingface.co/agufsamudra/indo-sentiment-analysis",
    "Paper": "Not provided",
    "Demo": "Not provided"
  },
  "Citation": "Not provided",
  "Contact": {
    "Author": "agufsamudra",
    "Email": "Not provided",
    "Community": "Not provided"
  },
  "Technical_Requirements": {
    "Software": [
      "Python",
      "PyTorch",
      "Transformers library"
    ],
    "Hardware": {
      "CPU": "Not provided",
      "GPU": "Google Collab GPU",
      "RAM": "Not provided",
      "Storage": "Not provided"
    }
  },
  "Access_and_Distribution": {
    "Download_Link": "",
    "Model_Variants": []
  },
  "Dataset": {
    "Name": "Indonesian text reviews from Play Store applications",
    "Sources": "Not provided",
    "Description": "The model was trained on a dataset of Indonesian text reviews from Play Store applications, labeled for binary sentiment analysis (Positive and Negative), containing an equal distribution of positive and negative examples. It was evaluated on a separate test dataset of 20,000 samples (10,000 Positive, 10,000 Negative)."
  },
  "Model_Architecture": {
    "Architecture_Type": "Transformer",
    "Base_Architecture": "IndoBERT",
    "Number_Parameters": "Not provided",
    "Parameters": "Not provided",
    "Input_Type": "Text",
    "Output_Type": "Text"
  },
  "Training_Details": {
    "Training_Data": "Indonesian text reviews from Play Store applications",
    "Preprocessing": "Tokenization with max_length=128, padding, and truncation.",
    "Hyperparameters": {
      "Optimizer": "AdamW",
      "Learning Rate": "3e-6",
      "Epochs": 3,
      "Max Sequence Length": "128 tokens"
    }
  },
  "Evaluation": {
    "Evaluation_Data": "a separate test dataset of 20,000 samples (10,000 Positive, 10,000 Negative)",
    "Performance_Metrics": {
      "Accuracy": 95.56,
      "Precision": 96.0,
      "Recall": 96.0,
      "F1-Score": 96.0
    },
    "Source": "Not provided"
  },
  "Intended_Use": {
    "Task": [
      "sentiment-analysis"
    ]
  },
  "Bias_Risks_and_Limitations": {
    "Limitations": "The model's performance is reliant on the quality and diversity of the training data, and biases in the dataset may influence predictions. It is limited to binary sentiment analysis and may not perform well on ambiguous or mixed-sentiment texts."
  },
  "License": "Apache-2.0"
}