{
  "Model_Description": {
    "Name": "boltuix/bert-emotion",
    "Description": "BERT-Emotion is a lightweight NLP model derived from bert-mini and bert-micro, fine-tuned for short-text emotion detection on edge and IoT devices. It classifies text into 13 rich emotional categories with high accuracy, optimized for low-latency and offline operation."
  },
  "Model_Sources": {
    "Repository": "https://huggingface.co/boltuix/bert-emotion",
    "Paper": "Not provided",
    "Demo": "Not provided"
  },
  "Citation": "Not provided",
  "Contact": {
    "Author": "Boltuix",
    "Email": "boltuix@gmail.com",
    "Community": [
      "https://huggingface.co/boltuix/bert-emotion",
      "https://huggingface.co/docs/transformers"
    ]
  },
  "Technical_Requirements": {
    "Software": [
      "Python 3.6+",
      "transformers",
      "torch"
    ],
    "Hardware": {
      "CPU": "CPUs, mobile NPUs, or microcontrollers (e.g., ESP32-S3, Raspberry Pi 4)",
      "GPU": "Not provided",
      "RAM": "~60MB RAM for inference",
      "Storage": "~20MB for model weights (quantized, Safetensors format)"
    }
  },
  "Access_and_Distribution": {
    "Download_Link": "https://huggingface.co/boltuix/bert-emotion",
    "Model_Variants": [
      {
        "Name": "boltuix/bert-emotion",
        "Link": "https://huggingface.co/boltuix/bert-emotion",
        "Type": "Not provided",
        "Size": "42.89MB",
        "Notes": "Not provided"
      }
    ]
  },
  "Dataset": {
    "Name": "Custom Emotion Dataset, chatgpt-datasets",
    "Sources": "Not provided",
    "Description": "Curated short-text data with 13 labeled emotions (e.g., Happiness, Sadness, Love). Augmented with social media and IoT user feedback to enhance performance in chatbot, social media, and smart device contexts."
  },
  "Model_Architecture": {
    "Architecture_Type": "Lightweight BERT",
    "Base_Architecture": "bert-mini, bert-micro",
    "Number_Parameters": "6M",
    "Parameters": {
      "layers": 4,
      "hidden_size": 128,
      "attention_heads": 4
    },
    "Input_Type": "Text",
    "Output_Type": "Text"
  },
  "Training_Details": {
    "Training_Data": "Custom Emotion Dataset, chatgpt-datasets",
    "Preprocessing": "Tokenization with max_length=64, padding, truncation. Conversion of fields to PyTorch tensors.",
    "Hyperparameters": {
      "num_train_epochs": 5,
      "per_device_train_batch_size": 2,
      "logging_steps": 10,
      "save_steps": 100,
      "eval_strategy": "no",
      "learning_rate": "3e-5"
    }
  },
  "Evaluation": {
    "Evaluation_Data": "13 short-text samples relevant to IoT and social media contexts; custom test dataset containing both short and long sentences per emotion.",
    "Performance_Metrics": {
      "Accuracy": 1.0,
      "F1 Score": 1.0
    },
    "Source": "Not provided"
  },
  "Intended_Use": {
    "Task": [
      "Emotion Detection",
      "Text Classification",
      "Sentiment Analysis"
    ]
  },
  "Bias_Risks_and_Limitations": {
    "Limitations": "Very long sentences failed all the models; improvements needed. Fine-tuning can further improve performance on nuanced emotions like Shame or Sarcasm."
  },
  "License": "Apache-2.0"
}