{
  "Model_Description": {
    "Name": "cmarkea/detr-layout-detection",
    "Description": "This model is a fine-tuned DETR-ResNet-50 model designed for layout detection in document images. It extracts different layouts (Text, Picture, Caption, Footnote, etc.) by jointly predicting masks and bounding boxes for documentary objects."
  },
  "Model_Sources": {
    "Repository": "https://huggingface.co/cmarkea/detr-layout-detection",
    "Paper": "Not provided",
    "Demo": "Not provided"
  },
  "Citation": "@online{DeDetrLay,\n  AUTHOR = {Cyrile Delestre},\n  URL = {https://huggingface.co/cmarkea/detr-layout-detection},\n  YEAR = {2024},\n  KEYWORDS = {Image Processing ; Transformers ; Layout},\n}",
  "Contact": {
    "Author": "Cyrile Delestre",
    "Email": "Not provided",
    "Community": "Not provided"
  },
  "Technical_Requirements": {
    "Software": [
      "transformers",
      "torch",
      "PIL"
    ],
    "Hardware": {
      "CPU": "Not provided",
      "GPU": "Not provided",
      "RAM": "Not provided",
      "Storage": "Not provided"
    }
  },
  "Access_and_Distribution": {
    "Download_Link": "https://huggingface.co/cmarkea/detr-layout-detection",
    "Model_Variants": []
  },
  "Dataset": {
    "Name": "ds4sd/DocLayNet",
    "Sources": "https://huggingface.co/datasets/ds4sd/DocLayNet",
    "Description": "The DocLayNet dataset is used for fine-tuning and evaluating the model, specifically for extracting different layouts from document images."
  },
  "Model_Architecture": {
    "Architecture_Type": "Encoder-Decoder Transformer",
    "Base_Architecture": "detr-resnet-50",
    "Number_Parameters": "Not provided",
    "Parameters": "Not provided",
    "Input_Type": "Image",
    "Output_Type": "Bounding Boxes, Segmentation Masks"
  },
  "Training_Details": {
    "Training_Data": "DocLayNet",
    "Preprocessing": "Image preprocessing using AutoImageProcessor.",
    "Hyperparameters": "Not provided"
  },
  "Evaluation": {
    "Evaluation_Data": "DocLayNet",
    "Performance_Metrics": {
      "f1-score": 0.9127,
      "GIoU": 0.8066,
      "accuracy": 0.9046
    },
    "Source": "Not provided"
  },
  "Intended_Use": {
    "Task": [
      "Layout Analysis",
      "Object Detection",
      "Semantic Segmentation"
    ]
  },
  "Bias_Risks_and_Limitations": {
    "Limitations": "Not provided"
  },
  "License": "Apache-2.0"
}