{
  "Model_Description": {
    "Name": "cmarkea/distilcamembert-base",
    "Description": "DistilCamemBERT is a distilled version of the CamemBERT model, a French RoBERTa model. Its purpose is to drastically reduce model complexity while preserving performance."
  },
  "Model_Sources": {
    "Repository": "https://huggingface.co/cmarkea/distilcamembert-base",
    "Paper": "https://hal.archives-ouvertes.fr/hal-03674695",
    "Demo": "Not provided"
  },
  "Citation": "@inproceedings{delestre:hal-03674695,\n  TITLE = {{DistilCamemBERT : une distillation du mod{\\`e}le fran{\\c c}ais CamemBERT}},\n  AUTHOR = {Delestre, Cyrile and Amar, Abibatou},\n  URL = {https://hal.archives-ouvertes.fr/hal-03674695},\n  BOOKTITLE = {{CAp (Conf{\\'e}rence sur l'Apprentissage automatique)}},\n  ADDRESS = {Vannes, France},\n  YEAR = {2022},\n  MONTH = Jul,\n  KEYWORDS = {NLP ; Transformers ; CamemBERT ; Distillation},\n  PDF = {https://hal.archives-ouvertes.fr/hal-03674695/file/cap2022.pdf},\n  HAL_ID = {hal-03674695},\n  HAL_VERSION = {v1},\n}",
  "Contact": {
    "Author": [
      "Delestre, Cyrile",
      "Amar, Abibatou"
    ],
    "Email": "Not provided",
    "Community": "Not provided"
  },
  "Technical_Requirements": {
    "Software": [
      "transformers"
    ],
    "Hardware": {
      "CPU": "Not provided",
      "GPU": "nVidia Titan RTX",
      "RAM": "Not provided",
      "Storage": "Not provided"
    }
  },
  "Access_and_Distribution": {
    "Download_Link": "https://huggingface.co/cmarkea/distilcamembert-base",
    "Model_Variants": []
  },
  "Dataset": {
    "Name": [
      "OSCAR",
      "FLUE",
      "wikiner_fr"
    ],
    "Sources": [
      "https://huggingface.co/datasets/flue",
      "https://huggingface.co/datasets/Jean-Baptiste/wikiner_fr"
    ],
    "Description": "OSCAR is the dataset used for training, with the French part approximately 140 GB. FLUE and wikiner_fr are used for evaluation."
  },
  "Model_Architecture": {
    "Architecture_Type": "Encoder-only Transformer",
    "Base_Architecture": "CamemBERT",
    "Number_Parameters": "Not provided",
    "Parameters": "Not provided",
    "Input_Type": "Text",
    "Output_Type": "Text"
  },
  "Training_Details": {
    "Training_Data": "OSCAR",
    "Preprocessing": "Not provided",
    "Hyperparameters": {
      "DistilLoss_weight": 0.5,
      "CosineLoss_weight": 0.3,
      "MLMLoss_weight": 0.2
    }
  },
  "Evaluation": {
    "Evaluation_Data": [
      "FLUE",
      "wikiner_fr"
    ],
    "Performance_Metrics": {
      "FLUE CLS f1-score": 83.0,
      "FLUE PAWS-X f1-score": 77.0,
      "FLUE XNLI f1-score": 77.0,
      "wikiner_fr NER f1-score": 98.0
    },
    "Source": "Not provided"
  },
  "Intended_Use": {
    "Task": [
      "Masked Language Modeling",
      "fill-mask"
    ]
  },
  "Bias_Risks_and_Limitations": {
    "Limitations": "Not provided"
  },
  "License": "MIT"
}