{
  "Model_Description": {
    "Name": "cmarkea/distilcamembert-base-ner",
    "Description": "DistilCamemBERT-NER is a DistilCamemBERT model fine-tuned for the Named Entity Recognition (NER) task for the French language. It aims to reduce inference time by half compared to CamemBERT-based models."
  },
  "Model_Sources": {
    "Repository": "https://huggingface.co/cmarkea/distilcamembert-base-ner",
    "Paper": "https://hal.archives-ouvertes.fr/hal-03674695",
    "Demo": "Not provided"
  },
  "Citation": "@inproceedings{delestre:hal-03674695,\n  TITLE = {{DistilCamemBERT : une distillation du mod{\\`e}le fran{\\c c}ais CamemBERT}},\n  AUTHOR = {Delestre, Cyrile and Amar, Abibatou},\n  URL = {https://hal.archives-ouvertes.fr/hal-03674695},\n  BOOKTITLE = {{CAp (Conf{\\'e}rence sur l'Apprentissage automatique)}},\n  ADDRESS = {Vannes, France},\n  YEAR = {2022},\n  MONTH = Jul,\n  KEYWORDS = {NLP ; Transformers ; CamemBERT ; Distillation},\n  PDF = {https://hal.archives-ouvertes.fr/hal-03674695/file/cap2022.pdf},\n  HAL_ID = {hal-03674695},\n  HAL_VERSION = {v1},\n}",
  "Contact": {
    "Author": [
      "Delestre, Cyrile",
      "Amar, Abibatou"
    ],
    "Email": "Not provided",
    "Community": "Not provided"
  },
  "Technical_Requirements": {
    "Software": [
      "transformers",
      "optimum.onnxruntime"
    ],
    "Hardware": {
      "CPU": "AMD Ryzen 5 4500U @ 2.3GHz with 6 cores",
      "GPU": "Not provided",
      "RAM": "Not provided",
      "Storage": "Not provided"
    }
  },
  "Access_and_Distribution": {
    "Download_Link": "Not provided",
    "Model_Variants": []
  },
  "Dataset": {
    "Name": "wikiner_fr",
    "Sources": "https://huggingface.co/datasets/Jean-Baptiste/wikiner_fr",
    "Description": "~170k sentences labeled in 5 categories: PER (personality), LOC (location), ORG (organization), MISC (miscellaneous entities), O (background)."
  },
  "Model_Architecture": {
    "Architecture_Type": "Encoder-only Transformer",
    "Base_Architecture": "DistilCamemBERT",
    "Number_Parameters": "Not provided",
    "Parameters": "Not provided",
    "Input_Type": "Text",
    "Output_Type": "Text"
  },
  "Training_Details": {
    "Training_Data": "wikiner_fr",
    "Preprocessing": "Not provided",
    "Hyperparameters": "Not provided"
  },
  "Evaluation": {
    "Evaluation_Data": "wikiner_fr",
    "Performance_Metrics": {
      "global_precision": 98.17,
      "global_recall": 98.19,
      "global_f1": 98.18,
      "PER_precision": 96.78,
      "PER_recall": 96.87,
      "PER_f1": 96.82,
      "LOC_precision": 94.05,
      "LOC_recall": 93.59,
      "LOC_f1": 93.82,
      "ORG_precision": 86.05,
      "ORG_recall": 85.92,
      "ORG_f1": 85.98,
      "MISC_precision": 88.78,
      "MISC_recall": 84.69,
      "MISC_f1": 86.69,
      "O_precision": 99.26,
      "O_recall": 99.47,
      "O_f1": 99.37
    },
    "Source": "Not provided"
  },
  "Intended_Use": {
    "Task": [
      "Named Entity Recognition"
    ]
  },
  "Bias_Risks_and_Limitations": {
    "Limitations": "Not provided"
  },
  "License": "MIT"
}