{
  "Model_Description": {
    "Name": "Ateeqq/nsfw-image-detection",
    "Description": "This model is fine-tuned for NSFW image classification. It classifies content into three safety-critical categories, making it useful for moderation, safety filtering, and compliant content handling systems."
  },
  "Model_Sources": {
    "Repository": "https://huggingface.co/Ateeqq/nsfw-image-detection",
    "Paper": "https://exnrt.com/blog/ai/fine-tuning-siglip2/",
    "Demo": "Not provided"
  },
  "Citation": "Not provided",
  "Contact": {
    "Author": "Not provided",
    "Email": "Not provided",
    "Community": "Not provided"
  },
  "Technical_Requirements": {
    "Software": [
      "Python",
      "PyTorch",
      "transformers",
      "Pillow"
    ],
    "Hardware": {
      "CPU": "Not provided",
      "GPU": "Not provided",
      "RAM": "Not provided",
      "Storage": "Not provided"
    }
  },
  "Access_and_Distribution": {
    "Download_Link": "https://huggingface.co/Ateeqq/nsfw-image-detection",
    "Model_Variants": []
  },
  "Dataset": {
    "Name": "Custom dataset",
    "Sources": "Not provided",
    "Description": "Custom dataset with 3 content categories"
  },
  "Model_Architecture": {
    "Architecture_Type": "Encoder-only Transformer",
    "Base_Architecture": "google/siglip2-base-patch16-224",
    "Number_Parameters": "Not provided",
    "Parameters": "Not provided",
    "Input_Type": "Image",
    "Output_Type": "Text"
  },
  "Training_Details": {
    "Training_Data": "Custom dataset",
    "Preprocessing": "Not provided",
    "Hyperparameters": {
      "batch_size": 64,
      "epochs_trained": 5
    }
  },
  "Evaluation": {
    "Evaluation_Data": "Not provided",
    "Performance_Metrics": {
      "Accuracy": 99.02,
      "Validation Loss": 0.0389
    },
    "Source": "Not provided"
  },
  "Intended_Use": {
    "Task": [
      "NSFW image classification",
      "moderation",
      "safety filtering"
    ]
  },
  "Bias_Risks_and_Limitations": {
    "Limitations": "Not provided"
  },
  "License": "Apache-2.0"
}