{
  "error": "output_parser_failed",
  "raw_output": "```json\n{\n  \"Model_Description\": {\n    \"Name\": \"CAMeL-Lab/bert-base-arabic-camelbert-da-sentiment\",\n    \"Description\": \"CAMeLBERT-DA SA Model is a Sentiment Analysis (SA) model built by fine-tuning the CAMeLBERT Dialectal Arabic (DA) model. It is intended for sentiment analysis tasks in Arabic.\"\n  },\n  \"Model_Sources\": {\n    \"Repository\": \"https://github.com/CAMeL-Lab/CAMeLBERT\",\n    \"Paper\": \"https://arxiv.org/abs/2103.06678\",\n    \"Demo\": \"Not provided\"\n  },\n  \"Citation\": \"@inproceedings{inoue-etal-2021-interplay,\\n    title = \\\"The Interplay of Variant, Size, and Task Type in {A}rabic Pre-trained Language Models\\\",\\n    author = \\\"Inoue, Go  and\\n      Alhafni, Bashar  and\\n      Baimukan, Nurpeiis  and\\n      Bouamor, Houda  and\\n      Habash, Nizar\\\",\\n    booktitle = \\\"Proceedings of the Sixth Arabic Natural Language Processing Workshop\\\",\\n    month = apr,\\n    year = \\\"2021\\\",\\n    address = \\\"Kyiv, Ukraine (Online)\\\",\\n    publisher = \\\"Association for Computational Linguistics\\\",\\n    abstract = \\\"In this paper, we explore the effects of language variants, data sizes, and fine-tuning task types in Arabic pre-trained language models. To do so, we build three pre-trained language models across three variants of Arabic: Modern Standard Arabic (MSA), dialectal Arabic, and classical Arabic, in addition to a fourth language model which is pre-trained on a mix of the three. We also examine the importance of pre-training data size by building additional models that are pre-trained on a scaled-down set of the MSA variant. We compare our different models to each other, as well as to eight publicly available models by fine-tuning them on five NLP tasks spanning 12 datasets. Our results suggest that the variant proximity of pre-training data to fine-tuning data is more important than the pre-training data size. We exploit this insight in defining an optimized system selection model for the studied tasks.\\\",\\n}\"\n  },\n  \"Contact\": {\n    \"Author\": [\n      \"Inoue, Go\",\n      \"Alhafni, Bashar\",\n      \"Baimukan, Nurpeiis\",\n      \"Bouamor, Houda\",\n      \"Habash, Nizar\"\n    ],\n    \"Email\": \"Not provided\",\n    \"Community\": \"Not provided\"\n  },\n  \"Technical_Requirements\": {\n    \"Software\": [\n      \"transformers>=3.5.0\",\n      \"camel_tools\"\n    ],\n    \"Hardware\": {\n      \"CPU\": \"Not provided\",\n      \"GPU\": \"Not provided\",\n      \"RAM\": \"Not provided\",\n      \"Storage\": \"Not provided\"\n    }\n  },\n  \"Access_and_Distribution\": {\n    \"Download_Link\": \"Not provided\",\n    \"Model_Variants\": []\n  },\n  \"Dataset\": {\n    \"Name\": [\n      \"ASTD\",\n      \"ArSAS\",\n      \"SemEval\"\n    ],\n    \"Sources\": [\n      \"https://aclanthology.org/D15-1299.pdf\",\n      \"http://lrec-conf.org/workshops/lrec2018/W30/pdf/22_W30.pdf\",\n      \"https://aclanthology.org/S17-2088.pdf\"\n    ],\n    \"Description\": \"Not provided\"\n  },\n  \"Model_Architecture\": {\n    \"Architecture_Type\": \"Encoder-only Transformer\",\n    \"Base_Architecture\": \"CAMeLBERT Dialectal Arabic (DA)\",\n    \"Number_Parameters\": \"Not provided\",\n    \"Parameters\": \"Not provided\",\n    \"Input_Type\": \"Text\",\n    \"Output_Type\": \"Text\"\n  },\n  \"Training_Details\": {\n    \"Training_Data\": [\n      \"ASTD\",\n      \"ArSAS\",\n      \"SemEval\"\n    ],\n    \"Preprocessing\": \"Not provided\",\n    \"Hyperparameters\": \"Not provided\"\n  },\n  \"Evaluation\": {\n    \"Evaluation_Data\": \"Not provided\",\n    \"Performance_Metrics\": \"Not provided\",\n    \"Source\": \"https://arxiv.org/abs/2103.06678\"\n  },\n  \"Intended_Use\": {\n    \"Task\": [\n      \"Sentiment Analysis\"\n    ]\n  },\n  \"Bias_Risks_and_Limitations\": {\n    \"Limitations\": \"Not provided\"\n  },\n  \"License\": \"apache-2.0\"\n}\n```"
}