{
  "Model_Description": {
    "Name": "CAMeL-Lab/bert-base-arabic-camelbert-mix-ner",
    "Description": "CAMeLBERT-Mix NER Model is a Named Entity Recognition (NER) model built by fine-tuning the CAMeLBERT Mix model on the ANERcorp dataset."
  },
  "Model_Sources": {
    "Repository": "https://github.com/CAMeL-Lab/CAMeLBERT",
    "Paper": "https://arxiv.org/abs/2103.06678",
    "Demo": "Not provided"
  },
  "Citation": "@inproceedings{inoue-etal-2021-interplay,\n    title = \"The Interplay of Variant, Size, and Task Type in {A}rabic Pre-trained Language Models\",\n    author = \"Inoue, Go  and\n      Alhafni, Bashar  and\n      Baimukan, Nurpeiis  and\n      Bouamor, Houda  and\n      Habash, Nizar\",\n    booktitle = \"Proceedings of the Sixth Arabic Natural Language Processing Workshop\",\n    month = apr,\n    year = \"2021\",\n    address = \"Kyiv, Ukraine (Online)\",\n    publisher = \"Association for Computational Linguistics\",\n    abstract = \"In this paper, we explore the effects of language variants, data sizes, and fine-tuning task types in Arabic pre-trained language models. To do so, we build three pre-trained language models across three variants of Arabic: Modern Standard Arabic (MSA), dialectal Arabic, and classical Arabic, in addition to a fourth language model which is pre-trained on a mix of the three. We also examine the importance of pre-training data size by building additional models that are pre-trained on a scaled-down set of the MSA variant. We compare our different models to each other, as well as to eight publicly available models by fine-tuning them on five NLP tasks spanning 12 datasets. Our results suggest that the variant proximity of pre-training data to fine-tuning data is more important than the pre-training data size. We exploit this insight in defining an optimized system selection model for the studied tasks.\",\n}",
  "Contact": {
    "Author": [
      "Inoue, Go",
      "Alhafni, Bashar",
      "Baimukan, Nurpeiis",
      "Bouamor, Houda",
      "Habash, Nizar"
    ],
    "Email": "Not provided",
    "Community": "Not provided"
  },
  "Technical_Requirements": {
    "Software": [
      "transformers>=3.5.0",
      "camel_tools"
    ],
    "Hardware": {
      "CPU": "Not provided",
      "GPU": "Not provided",
      "RAM": "Not provided",
      "Storage": "Not provided"
    }
  },
  "Access_and_Distribution": {
    "Download_Link": "Not provided",
    "Model_Variants": []
  },
  "Dataset": {
    "Name": "ANERcorp",
    "Sources": "https://camel.abudhabi.nyu.edu/anercorp/",
    "Description": "Not provided"
  },
  "Model_Architecture": {
    "Architecture_Type": "Encoder-only Transformer",
    "Base_Architecture": "CAMeLBERT Mix",
    "Number_Parameters": "Not provided",
    "Parameters": "Not provided",
    "Input_Type": "Text",
    "Output_Type": "Text"
  },
  "Training_Details": {
    "Training_Data": "ANERcorp",
    "Preprocessing": "Not provided",
    "Hyperparameters": "Not provided"
  },
  "Evaluation": {
    "Evaluation_Data": "Not provided",
    "Performance_Metrics": "Not provided",
    "Source": "Not provided"
  },
  "Intended_Use": {
    "Task": [
      "Named Entity Recognition"
    ]
  },
  "Bias_Risks_and_Limitations": {
    "Limitations": "Not provided"
  },
  "License": "apache-2.0"
}