{
  "Model_Description": {
    "Name": "BSC-LT/salamandra-7b-instruct",
    "Description": "Salamandra is a highly multilingual model pre-trained from scratch, available in base and instruction-tuned variants. This model card describes the 7B instruction-tuned version, a Transformer-based decoder-only language model pre-trained on 12.875 trillion tokens of highly curated data in 35 European languages and code."
  },
  "Model_Sources": {
    "Repository": "https://github.com/langtech-bsc/salamandra",
    "Paper": "https://huggingface.co/papers/2502.08489",
    "Demo": "Not provided"
  },
  "Citation": "@misc{gonzalezagirre2025salamandratechnicalreport,\n      title={Salamandra Technical Report}, \n      author={Aitor Gonzalez-Agirre and Marc Pàmies and Joan Llop and Irene Baucells and Severino Da Dalt and Daniel Tamayo and José Javier Saiz and Ferran Espuña and Jaume Prats and Javier Aula-Blasco and Mario Mina and Adrián Rubio and Alexander Shvets and Anna Sallés and Iñaki Lacunza and Iñigo Pikabea and Jorge Palomar and Júlia Falcão and Lucía Tormo and Luis Vasquez-Reina and Montserrat Marimon and Valle Ruíz-Fernández and Marta Villegas},\n      year={2025},\n      eprint={2502.08489},\n      archivePrefix={arXiv},\n      primaryClass={cs.CL},\n      url={https://arxiv.org/abs/2502.08489}, \n}",
  "Contact": {
    "Author": "The Language Technologies Unit from Barcelona Supercomputing Center.",
    "Email": "langtech@bsc.es",
    "Community": "Not provided"
  },
  "Technical_Requirements": {
    "Software": [
      "transformers",
      "torch"
    ],
    "Hardware": {
      "CPU": "Not provided",
      "GPU": "Not provided",
      "RAM": "Not provided",
      "Storage": "Not provided"
    }
  },
  "Access_and_Distribution": {
    "Download_Link": "Not provided",
    "Model_Variants": [
      {
        "Name": "BSC-LT/salamandra-2b",
        "Link": "https://huggingface.co/BSC-LT/salamandra-2b",
        "Type": "base",
        "Size": "Not provided",
        "Notes": "Not provided"
      },
      {
        "Name": "BSC-LT/salamandra-2b-instruct",
        "Link": "https://huggingface.co/BSC-LT/salamandra-2b-instruct",
        "Type": "instruct",
        "Size": "Not provided",
        "Notes": "Not provided"
      },
      {
        "Name": "BSC-LT/salamandra-7b",
        "Link": "https://huggingface.co/BSC-LT/salamandra-7b",
        "Type": "base",
        "Size": "Not provided",
        "Notes": "Not provided"
      },
      {
        "Name": "BSC-LT/ALIA-40b",
        "Link": "https://huggingface.co/BSC-LT/ALIA-40b",
        "Type": "base",
        "Size": "Not provided",
        "Notes": "Not provided"
      },
      {
        "Name": "BSC-LT/salamandra-40b-instruct",
        "Link": "WiP",
        "Type": "instruct",
        "Size": "Not provided",
        "Notes": "Not provided"
      }
    ]
  },
  "Dataset": {
    "Name": [
      "oscar-corpus/colossal-oscar-1.0",
      "HuggingFaceFW/fineweb-edu",
      "joelniklaus/eurlex_resources",
      "joelito/legal-mc4",
      "projecte-aina/CATalog",
      "UFRGS/brwac",
      "community-datasets/hrwac",
      "danish-foundation-models/danish-gigaword",
      "HiTZ/euscrawl",
      "PleIAs/French-PD-Newspapers",
      "PleIAs/French-PD-Books",
      "AI-team-UoA/greek_legal_code",
      "HiTZ/latxa-corpus-v1.1",
      "allenai/peS2o",
      "pile-of-law/pile-of-law",
      "PORTULAN/parlamento-pt",
      "hoskinson-center/proof-pile",
      "togethercomputer/RedPajama-Data-1T",
      "bigcode/starcoderdata",
      "bjoernp/tagesschau-2018-2023",
      "EleutherAI/the_pile_deduplicated",
      "Colossal OSCAR 1.0",
      "Aya Dataset (w/o Evaluation Suite)",
      "Wikimedia dumps",
      "OpenSubtitles v2016",
      "EurLEX-Resources",
      "MC4-Legal",
      "Parlamint",
      "MaCoCu",
      "CURLICAT",
      "Norwegian Colossal Corpus (NCC)",
      "Academic Slovene KAS 2.0",
      "BIGPATENT",
      "Biomedical-ES",
      "Brazilian Portuguese Web as Corpus (BrWaC)",
      "Bulgarian National Corpus (BulNC)",
      "CaBeRnet",
      "CATalog 1.0",
      "CorpusNÓS",
      "Croatian Web as Corpus 2.1 (hrWaC)",
      "DaNewsroom",
      "Danish GigaWord",
      "DK-CLARIN Reference Corpus of General Danish",
      "Estonian National Corpus 2021 (ENC)",
      "Estonian Reference Corpus (ERC)",
      "EusCrawl (w/o Wikipedia or NC-licenses)",
      "FineWeb-Edu (350BT subset)",
      "French Public Domain Books (French-PD)",
      "French Public Domain Newspapers (French-PD)",
      "German Web as Corpus (DeWaC)",
      "Greek Legal Code (GLC)",
      "Greek Web Corpus (GWC)",
      "HPLT v1 - Spanish",
      "HPLT v1.1 - Spanish",
      "Irish Universal Dependencies (Ga-UD)",
      "Italian Web as Corpus (ItWaC)",
      "Korpus Malti",
      "Korpus slovenských právnych predpisov v1.9 (SK-Laws)",
      "Latxa Corpus v1.1 (GAITU)",
      "Laws and legal acts of Ukraine (UK-Laws)",
      "Legal-ES",
      "MARCELL Romanian legislative subcorpus v2",
      "Math AMPS",
      "NKPJ National Corpus of Polish v1.2 (NKPJ)",
      "Occitan Corpus (IEA-AALO)",
      "Open Legal Data - German court decisions and laws",
      "ParlamentoPT",
      "peS2o",
      "PG-19",
      "Pile of Law (selected subsets)",
      "Polish Parliamentary Corpus (PPC)",
      "Proof Pile",
      "RedPajama-Data T1 (StackExchange subset)",
      "Scientific-ES",
      "SK Court Decisions v2.0 (OD-Justice)",
      "Slovene Web as Corpus (slWaC)",
      "SoNaR Corpus NC 1.2",
      "Spanish Legal Domain Corpora (Spanish-Legal)",
      "SrpKorSubset: news, legal, academic, conversation, lit- erary (SrpKor)",
      "Starcoder",
      "State-related content from the Latvian Web (State-Latvian-Web)",
      "SYN v9: large corpus of written Czech",
      "Tagesschau Archive Article",
      "The Danish Parliament Corpus 2009 - 2017, v1",
      "The Gaois bilingual corpus of English-Irish legislation (Ga-Legislation)",
      "The Pile (PhilPapers)",
      "The Swedish Culturomics Gigaword Corpus (Swedish- Gigaword)",
      "Welsh-GOV",
      "Yle Finnish News Archive (Yle-News)",
      "alpaca-cleaned",
      "aya-dataset",
      "coqcat",
      "databricks-dolly-15k",
      "dolly-ca",
      "flores-dev",
      "mentor-ca",
      "mentor-es",
      "no-robots",
      "oasst-ca",
      "oasst2",
      "open-orca",
      "rag-multilingual",
      "tower-blocks",
      "xstorycloze_es",
      "wnli_es",
      "xnli_es",
      "paws_es",
      "xquad_es",
      "flores_es",
      "copa_ca",
      "xstorycloze_ca",
      "wnli_ca",
      "xnli_ca",
      "parafraseja",
      "paws_ca",
      "arc_ca_easy",
      "arc_ca_challenge",
      "openbookqa_ca",
      "piqa_ca",
      "siqa_ca",
      "flores_ca",
      "xcopa_eu",
      "xstorycloze_eu",
      "wnli_eu",
      "xnli_eu",
      "eus_exams",
      "eus_proficiency",
      "eus_trivia",
      "eus_reading",
      "flores_eu",
      "parafrases_gl",
      "paws_gl",
      "openbookqa_gl",
      "flores_gl",
      "XStoryCloze",
      "PAWS",
      "Belebele",
      "XLSum",
      "caBreu",
      "summarization_gl",
      "MGSM",
      "FLORES-200",
      "BBQ",
      "Regard",
      "ARC Multiple Choice Question",
      "SST-2"
    ],
    "Sources": [
      "Common Crawl",
      "GitHub",
      "Wikimedia",
      "EurLex",
      "https://dumps.wikimedia.org/",
      "https://huggingface.co/datasets/joelniklaus/eurlex_resources",
      "https://huggingface.co/datasets/joelito/legal-mc4",
      "http://hdl.handle.net/11356/1431",
      "http://old.dcl.bas.bg/dataset/BulNC.7z",
      "https://korpus.dsl.dk/clarin/",
      "https://www.cl.ut.ee/korpused/segakorpus/",
      "https://huggingface.co/datasets/PleIAs/French-PD-Books",
      "https://huggingface.co/datasets/PleIAs/French-PD-Newspapers",
      "https://docs.sslmit.unibo.it/doku.php?id=corpora:dewac",
      "https://universaldependencies.org/ga/index.html",
      "https://docs.sslmit.unibo.it/doku.php?id=corpora:itwac",
      "https://www.juls.savba.sk/data/marcell/legal-sk-20220322-1.9.ver.xz",
      "https://huggingface.co/datasets/HiTZ/latxa-corpus-v1.1",
      "https://lang.org.ua/en/corpora/#anchor7",
      "https://elrc-share.eu/reposMARCELL%20Romanian%20legislative%20subcorpus%20v2itory/browse/marcell-romanian-legislative-subcorpus-v2/2da548428b9d11eb9c1a00155d026706ce94a6b59ffc4b0e9fb5cd9cebe6889e/",
      "https://www.institutestudisaranesi.cat/",
      "http://www.korpus.matf.bg.ac.rs/",
      "https://catalog.elra.info/en-us/repository/browse/ELRA-W0169/",
      "http://hdl.handle.net/11234/1-4635",
      "https://huggingface.co/datasets/bjoernp/tagesschau-2018-2023",
      "http://hdl.handle.net/20.500.12115/8",
      "https://portulanclarin.net/repository/browse/the-gaois-bilingual-corpus-of-english-irish-legislation-processed/daeac17c9e3511ea9b7f02420a000407b83de243dc0b469aab41084386c5b80f/",
      "https://doi.org/10.23695/3WMV-1Z09",
      "https://www.llyw.cymru",
      "http://urn.fi/urn:nbn:fi:lb-2021050401",
      "https://github.com/EleutherAI/lm-evaluation-harness/tree/main/lm_eval/tasks/spanish_bench",
      "https://github.com/EleutherAI/lm-evaluation-harness/tree/main/lm_eval/tasks/catalan_bench",
      "https://github.com/EleutherAI/lm-evaluation-harness/tree/main/lm_eval/tasks/basque_bench",
      "https://github.com/EleutherAI/lm-evaluation-harness/tree/main/lm_eval/tasks/galician_bench",
      "https://huggingface.co/prometheus-eval/prometheus-8x7b-v2.0",
      "https://huggingface.co/datasets/juletxara/mgsm"
    ],
    "Description": "The pre-training corpus contains text in 35 European languages and 92 programming languages, totaling approximately 12.875 trillion tokens, sourced from Common Crawl, GitHub, Wikimedia, EurLex, and other domain-specific repositories. The fine-tuning data consists of 273k instructions, primarily in Catalan, English, and Spanish, with additional Iberian languages."
  },
  "Model_Architecture": {
    "Architecture_Type": "Decoder-only Transformer",
    "Base_Architecture": "Salamandra",
    "Number_Parameters": "7.77B",
    "Parameters": {
      "Total Parameters": "7,768,117,248",
      "Embedding Parameters": "1,048,576,000",
      "Layers": 32,
      "Hidden size": 4096,
      "Attention heads": 32,
      "Context length": 8192,
      "Vocabulary size": 256000,
      "Precision": "bfloat16",
      "Embedding type": "RoPE",
      "Activation Function": "SwiGLU",
      "Layer normalization": "RMS Norm",
      "Flash attention": "True",
      "Grouped Query Attention": "True",
      "Num. query groups": 8
    },
    "Input_Type": "Text",
    "Output_Type": "Text"
  },
  "Training_Details": {
    "Training_Data": [
      "oscar-corpus/colossal-oscar-1.0",
      "HuggingFaceFW/fineweb-edu",
      "joelniklaus/eurlex_resources",
      "joelito/legal-mc4",
      "projecte-aina/CATalog",
      "UFRGS/brwac",
      "community-datasets/hrwac",
      "danish-foundation-models/danish-gigaword",
      "HiTZ/euscrawl",
      "PleIAs/French-PD-Newspapers",
      "PleIAs/French-PD-Books",
      "AI-team-UoA/greek_legal_code",
      "HiTZ/latxa-corpus-v1.1",
      "allenai/peS2o",
      "pile-of-law/pile-of-law",
      "PORTULAN/parlamento-pt",
      "hoskinson-center/proof-pile",
      "togethercomputer/RedPajama-Data-1T",
      "bigcode/starcoderdata",
      "bjoernp/tagesschau-2018-2023",
      "EleutherAI/the_pile_deduplicated",
      "Colossal OSCAR 1.0",
      "Aya Dataset (w/o Evaluation Suite)",
      "Wikimedia dumps",
      "OpenSubtitles v2016",
      "EurLEX-Resources",
      "MC4-Legal",
      "Parlamint",
      "MaCoCu",
      "CURLICAT",
      "Norwegian Colossal Corpus (NCC)",
      "Academic Slovene KAS 2.0",
      "BIGPATENT",
      "Biomedical-ES",
      "Brazilian Portuguese Web as Corpus (BrWaC)",
      "Bulgarian National Corpus (BulNC)",
      "CaBeRnet",
      "CATalog 1.0",
      "CorpusNÓS",
      "Croatian Web as Corpus 2.1 (hrWaC)",
      "DaNewsroom",
      "Danish GigaWord",
      "DK-CLARIN Reference Corpus of General Danish",
      "Estonian National Corpus 2021 (ENC)",
      "Estonian Reference Corpus (ERC)",
      "EusCrawl (w/o Wikipedia or NC-licenses)",
      "FineWeb-Edu (350BT subset)",
      "French Public Domain Books (French-PD)",
      "French Public Domain Newspapers (French-PD)",
      "German Web as Corpus (DeWaC)",
      "Greek Legal Code (GLC)",
      "Greek Web Corpus (GWC)",
      "HPLT v1 - Spanish",
      "HPLT v1.1 - Spanish",
      "Irish Universal Dependencies (Ga-UD)",
      "Italian Web as Corpus (ItWaC)",
      "Korpus Malti",
      "Korpus slovenských právnych predpisov v1.9 (SK-Laws)",
      "Latxa Corpus v1.1 (GAITU)",
      "Laws and legal acts of Ukraine (UK-Laws)",
      "Legal-ES",
      "MARCELL Romanian legislative subcorpus v2",
      "Math AMPS",
      "NKPJ National Corpus of Polish v1.2 (NKPJ)",
      "Occitan Corpus (IEA-AALO)",
      "Open Legal Data - German court decisions and laws",
      "ParlamentoPT",
      "peS2o",
      "PG-19",
      "Pile of Law (selected subsets)",
      "Polish Parliamentary Corpus (PPC)",
      "Proof Pile",
      "RedPajama-Data T1 (StackExchange subset)",
      "Scientific-ES",
      "SK Court Decisions v2.0 (OD-Justice)",
      "Slovene Web as Corpus (slWaC)",
      "SoNaR Corpus NC 1.2",
      "Spanish Legal Domain Corpora (Spanish-Legal)",
      "SrpKorSubset: news, legal, academic, conversation, lit- erary (SrpKor)",
      "Starcoder",
      "State-related content from the Latvian Web (State-Latvian-Web)",
      "SYN v9: large corpus of written Czech",
      "Tagesschau Archive Article",
      "The Danish Parliament Corpus 2009 - 2017, v1",
      "The Gaois bilingual corpus of English-Irish legislation (Ga-Legislation)",
      "The Pile (PhilPapers)",
      "The Swedish Culturomics Gigaword Corpus (Swedish- Gigaword)",
      "Welsh-GOV",
      "Yle Finnish News Archive (Yle-News)",
      "alpaca-cleaned",
      "aya-dataset",
      "coqcat",
      "databricks-dolly-15k",
      "dolly-ca",
      "flores-dev",
      "mentor-ca",
      "mentor-es",
      "no-robots",
      "oasst-ca",
      "oasst2",
      "open-orca",
      "rag-multilingual",
      "tower-blocks"
    ],
    "Preprocessing": "Web-sourced documents underwent quality filtering (score below 0.8 excluded) and harmful/adult content filtering using Ungoliant pipeline's 'harmful_pp' score. No changes were made to individual text document content. Deduplication, language identification, and source-specific filtering were applied. Some documents required OCR. Spanish, Catalan, Galician, and Basque content was upsampled by 2x; programming languages were downsampled by 0.5x.",
    "Hyperparameters": "Not provided"
  },
  "Evaluation": {
    "Evaluation_Data": [
      "xstorycloze_es",
      "wnli_es",
      "xnli_es",
      "paws_es",
      "xquad_es",
      "flores_es",
      "copa_ca",
      "xstorycloze_ca",
      "wnli_ca",
      "xnli_ca",
      "parafraseja",
      "paws_ca",
      "arc_ca_easy",
      "arc_ca_challenge",
      "openbookqa_ca",
      "piqa_ca",
      "siqa_ca",
      "flores_ca",
      "xcopa_eu",
      "xstorycloze_eu",
      "wnli_eu",
      "xnli_eu",
      "eus_exams",
      "eus_proficiency",
      "eus_trivia",
      "eus_reading",
      "flores_eu",
      "parafrases_gl",
      "paws_gl",
      "openbookqa_gl",
      "flores_gl",
      "XStoryCloze",
      "PAWS",
      "Belebele",
      "XLSum",
      "caBreu",
      "summarization_gl",
      "MGSM",
      "FLORES-200",
      "BBQ",
      "Regard",
      "ARC Multiple Choice Question",
      "SST-2"
    ],
    "Performance_Metrics": {
      "xstorycloze_es_acc": 68.17,
      "wnli_es_acc": 56.34,
      "xnli_es_acc": 46.95,
      "paws_es_acc": 64.25,
      "xquad_es_acc": 36.22,
      "flores_es_bleu": 19.29,
      "copa_ca_acc": 82.2,
      "xstorycloze_ca_acc": 70.75,
      "wnli_ca_acc": 60.56,
      "xnli_ca_acc": 57.04,
      "parafraseja_acc": 66.25,
      "paws_ca_acc": 67.55,
      "arc_ca_easy_acc": 68.77,
      "arc_ca_challenge_acc": 42.49,
      "openbookqa_ca_acc": 37.0,
      "piqa_ca_acc": 71.22,
      "siqa_ca_acc": 47.85,
      "flores_ca_bleu": 24.13,
      "xcopa_eu_acc": 62.8,
      "xstorycloze_eu_acc": 62.14,
      "wnli_eu_acc": 50.7,
      "xnli_eu_acc": 49.83,
      "eus_exams_acc": 39.13,
      "eus_proficiency_acc": 38.94,
      "eus_trivia_acc": 47.81,
      "eus_reading_acc": 47.16,
      "flores_eu_bleu": 13.02,
      "parafrases_gl_acc": 56.46,
      "paws_gl_acc": 61.5,
      "openbookqa_gl_acc": 32.4,
      "flores_gl_bleu": 22.35,
      "XStoryCloze_Ending coherence_es": 3.24,
      "XStoryCloze_Ending coherence_ca": 3.12,
      "XStoryCloze_Ending coherence_gl": 2.87,
      "XStoryCloze_Ending coherence_eu": 2.16,
      "XStoryCloze_Ending coherence_en": 3.71,
      "PAWS_Completeness (B)_es": 0.86,
      "PAWS_Completeness (B)_ca": 0.82,
      "PAWS_Completeness (B)_gl": 0.78,
      "PAWS_Completeness (B)_en": 0.92,
      "PAWS_Paraphrase generation_es": 3.81,
      "PAWS_Paraphrase generation_ca": 3.67,
      "PAWS_Paraphrase generation_gl": 3.56,
      "PAWS_Paraphrase generation_en": 3.98,
      "PAWS_Grammatical correctness (B)_es": 0.93,
      "PAWS_Grammatical correctness (B)_ca": 0.92,
      "PAWS_Grammatical correctness (B)_gl": 0.89,
      "PAWS_Grammatical correctness (B)_en": 0.96,
      "Belebele_Passage comprehension_es": 3.43,
      "Belebele_Passage comprehension_ca": 3.28,
      "Belebele_Passage comprehension_gl": 3.02,
      "Belebele_Passage comprehension_eu": 2.61,
      "Belebele_Passage comprehension_en": 3.43,
      "Belebele_Answer relevance (B)_es": 0.86,
      "Belebele_Answer relevance (B)_ca": 0.84,
      "Belebele_Answer relevance (B)_gl": 0.75,
      "Belebele_Answer relevance (B)_eu": 0.65,
      "Belebele_Answer relevance (B)_en": 0.83,
      "XLSum & caBreu & summarization_gl_Informativeness_es": 3.37,
      "XLSum & caBreu & summarization_gl_Informativeness_ca": 3.57,
      "XLSum & caBreu & summarization_gl_Informativeness_gl": 3.4,
      "XLSum & caBreu & summarization_gl_Informativeness_en": 3.32,
      "XLSum & caBreu & summarization_gl_Conciseness_es": 3.06,
      "XLSum & caBreu & summarization_gl_Conciseness_ca": 2.88,
      "XLSum & caBreu & summarization_gl_Conciseness_gl": 3.09,
      "XLSum & caBreu & summarization_gl_Conciseness_en": 3.32,
      "MGSM_Reasoning capability_es": 3.29,
      "MGSM_Reasoning capability_ca": 3.16,
      "MGSM_Reasoning capability_gl": 3.33,
      "MGSM_Reasoning capability_eu": 2.56,
      "MGSM_Reasoning capability_en": 3.35,
      "MGSM_Mathematical correctness (B)_es": 0.68,
      "MGSM_Mathematical correctness (B)_ca": 0.65,
      "MGSM_Mathematical correctness (B)_gl": 0.73,
      "MGSM_Mathematical correctness (B)_eu": 0.59,
      "MGSM_Mathematical correctness (B)_en": 0.67,
      "FLORES-200_Fluency (Translation from Language)_es": 3.95,
      "FLORES-200_Fluency (Translation from Language)_ca": 3.88,
      "FLORES-200_Fluency (Translation from Language)_en": 3.92,
      "FLORES-200_Accuracy (Translation from Language)_es": 4.22,
      "FLORES-200_Accuracy (Translation from Language)_ca": 4.25,
      "FLORES-200_Accuracy (Translation from Language)_en": 4.25,
      "FLORES-200_Fluency (Translation to Language)_es": 3.92,
      "FLORES-200_Fluency (Translation to Language)_ca": 3.84,
      "FLORES-200_Fluency (Translation to Language)_en": 4.19,
      "FLORES-200_Accuracy (Translation to Language)_es": 4.31,
      "FLORES-200_Accuracy (Translation to Language)_ca": 4.18,
      "FLORES-200_Accuracy (Translation to Language)_en": 4.63
    },
    "Source": [
      "Language Model Evaluation Harness (Gao et al., 2024)",
      "https://github.com/EleutherAI/lm-evaluation-harness/tree/main/lm_eval/tasks/spanish_bench",
      "https://github.com/EleutherAI/lm-evaluation-harness/tree/main/lm_eval/tasks/catalan_bench",
      "https://github.com/EleutherAI/lm-evaluation-harness/tree/main/lm_eval/tasks/basque_bench",
      "https://github.com/EleutherAI/lm-evaluation-harness/tree/main/lm_eval/tasks/galician_bench",
      "https://huggingface.co/prometheus-eval/prometheus-8x7b-v2.0",
      "https://huggingface.co/datasets/juletxara/mgsm"
    ]
  },
  "Intended_Use": {
    "Task": [
      "language generation",
      "fine-tuning for specific use-cases",
      "general-purpose assistants"
    ]
  },
  "Bias_Risks_and_Limitations": {
    "Limitations": "This model is a first proof-of-concept and has not been aligned through RLHF to filter or avoid sensitive topics, thus it may generate harmful or inappropriate content. It exhibits societal biases in ambiguous settings (BBQ dataset) and weak primacy effects for positional bias (ARC dataset), and small majority class effects in few-shot settings (SST-2). Analyses of these biases are not exhaustive due to resource scarcity. Irresponsible usage in production environments without proper risk assessment and mitigation is discouraged."
  },
  "License": "Apache-2.0"
}