{
  "Model_Description": {
    "Name": "briaai/RMBG-1.4",
    "Description": "RMBG v1.4 is a state-of-the-art background removal model designed to effectively separate foreground from background in a range of categories and image types. It is a saliency segmentation model trained exclusively on a professional-grade dataset."
  },
  "Model_Sources": {
    "Repository": "https://huggingface.co/briaai/RMBG-1.4",
    "Paper": "Not provided",
    "Demo": "https://huggingface.co/spaces/briaai/BRIA-RMBG-1.4"
  },
  "Citation": "Not provided",
  "Contact": {
    "Author": "BRIA AI",
    "Email": "Not provided",
    "Community": [
      "https://discord.gg/Nxe9YW9zHS"
    ]
  },
  "Technical_Requirements": {
    "Software": [
      "transformers",
      "Pillow",
      "scikit-image",
      "torch",
      "numpy"
    ],
    "Hardware": {
      "CPU": "Not provided",
      "GPU": "Not provided",
      "RAM": "Not provided",
      "Storage": "Not provided"
    }
  },
  "Access_and_Distribution": {
    "Download_Link": "Not provided",
    "Model_Variants": []
  },
  "Dataset": {
    "Name": "Not provided",
    "Sources": "Not provided",
    "Description": "Over 12,000 high-quality, high-resolution, manually labeled (pixel-wise accuracy), fully licensed images, including general stock images, e-commerce, gaming, and advertising content. The benchmark included balanced gender, balanced ethnicity, and people with different types of disabilities."
  },
  "Model_Architecture": {
    "Architecture_Type": "Saliency Segmentation",
    "Base_Architecture": "IS-Net",
    "Number_Parameters": "Not provided",
    "Parameters": "Not provided",
    "Input_Type": "Image",
    "Output_Type": "Image"
  },
  "Training_Details": {
    "Training_Data": "Not provided",
    "Preprocessing": "Image converted to tensor, interpolated to `[1024, 1024]`, divided by 255.0, normalized with mean `[0.5, 0.5, 0.5]` and std `[1.0, 1.0, 1.0]`.",
    "Hyperparameters": "Not provided"
  },
  "Evaluation": {
    "Evaluation_Data": "Not provided",
    "Performance_Metrics": "Not provided",
    "Source": "Not provided"
  },
  "Intended_Use": {
    "Task": [
      "Image Segmentation",
      "Background Removal"
    ]
  },
  "Bias_Risks_and_Limitations": {
    "Limitations": "Not provided"
  },
  "License": "bria-rmbg-1.4"
}