{
  "Model_Description": {
    "Name": "briaai/RMBG-2.0",
    "Description": "BRIA RMBG-2.0 is a state-of-the-art dichotomous image segmentation model designed for background removal. It effectively separates foreground from background in various image types, producing a single-channel 8-bit grayscale alpha matte for flexible foreground-background separation."
  },
  "Model_Sources": {
    "Repository": "https://github.com/Bria-AI/RMBG-2.0",
    "Paper": "Not provided",
    "Demo": "https://huggingface.co/spaces/briaai/BRIA-RMBG-2.0"
  },
  "Citation": "@article{BiRefNet,\n  title={Bilateral Reference for High-Resolution Dichotomous Image Segmentation},\n  author={Zheng, Peng and Gao, Dehong and Fan, Deng-Ping and Liu, Li and Laaksonen, Jorma and Ouyang, Wanli and Sebe, Nicu},\n  journal={CAAI Artificial Intelligence Research},\n  year={2024}\n}",
  "Contact": {
    "Author": "BRIA AI",
    "Email": "Not provided",
    "Community": [
      "https://discord.gg/Nxe9YW9zHS"
    ]
  },
  "Technical_Requirements": {
    "Software": [
      "torch",
      "torchvision",
      "pillow",
      "kornia",
      "transformers"
    ],
    "Hardware": {
      "CPU": "Not provided",
      "GPU": "Not provided",
      "RAM": "Not provided",
      "Storage": "Not provided"
    }
  },
  "Access_and_Distribution": {
    "Download_Link": "Not provided",
    "Model_Variants": []
  },
  "Dataset": {
    "Name": "Not provided",
    "Sources": "Not provided",
    "Description": "A carefully selected dataset, which includes: general stock images, e-commerce, gaming, and advertising content. It consists of over 15,000 high-quality, high-resolution, manually labeled (pixel-wise accuracy), fully licensed images, with balanced gender, ethnicity, and people with different types of disabilities."
  },
  "Model_Architecture": {
    "Architecture_Type": "Image Segmentation Model",
    "Base_Architecture": "BiRefNet",
    "Number_Parameters": "Not provided",
    "Parameters": "Not provided",
    "Input_Type": "Image",
    "Output_Type": "Image"
  },
  "Training_Details": {
    "Training_Data": "Not provided",
    "Preprocessing": "Resize(image_size), ToTensor(), Normalize([0.485, 0.456, 0.406], [0.229, 0.224, 0.225])",
    "Hyperparameters": "Not provided"
  },
  "Evaluation": {
    "Evaluation_Data": "Not provided",
    "Performance_Metrics": "Not provided",
    "Source": "Not provided"
  },
  "Intended_Use": {
    "Task": [
      "image-segmentation",
      "Background Removal"
    ]
  },
  "Bias_Risks_and_Limitations": {
    "Limitations": "Not provided"
  },
  "License": "CC BY-NC 4.0"
}