{
  "Model_Description": {
    "Name": "Azure99/blossom-v5.1-34b",
    "Description": "Blossom is a conversational large language model, fine-tuned on a mixed dataset based on the Yi-1.5-34B pre-trained model. It possesses robust general capabilities and context comprehension."
  },
  "Model_Sources": {
    "Repository": "https://github.com/Azure99/BlossomLM",
    "Paper": "Not provided",
    "Demo": "https://blossom-chat.com/"
  },
  "Citation": "Not provided",
  "Contact": {
    "Author": "Not provided",
    "Email": "Not provided",
    "Community": "Not provided"
  },
  "Technical_Requirements": {
    "Software": "Not provided",
    "Hardware": {
      "CPU": "Not provided",
      "GPU": "Not provided",
      "RAM": "Not provided",
      "Storage": "Not provided"
    }
  },
  "Access_and_Distribution": {
    "Download_Link": "Not provided",
    "Model_Variants": []
  },
  "Dataset": {
    "Name": [
      "Azure99/blossom-chat-v3",
      "Azure99/blossom-math-v4",
      "Azure99/blossom-wizard-v3",
      "Azure99/blossom-orca-v3"
    ],
    "Sources": [
      "Azure99/blossom-chat-v3",
      "Azure99/blossom-math-v4",
      "Azure99/blossom-wizard-v3",
      "Azure99/blossom-orca-v3"
    ],
    "Description": "Mixed dataset containing Orca, Wizard, Chat, and Math data, used for fine-tuning a conversational large language model. The datasets are high-quality Chinese and English."
  },
  "Model_Architecture": {
    "Architecture_Type": "Not provided",
    "Base_Architecture": "Yi-1.5-34B",
    "Number_Parameters": "34B",
    "Parameters": "Not provided",
    "Input_Type": "Text",
    "Output_Type": "Text"
  },
  "Training_Details": {
    "Training_Data": [
      "Blossom Orca/Wizard/Chat/Math mixed dataset",
      "40K Wizard single-turn instruction datasets",
      "40K Orca single-turn instruction datasets",
      "10K Math single-turn instruction datasets",
      "10K Blossom chat multi-turn dialogue dataset"
    ],
    "Preprocessing": "Not provided",
    "Hyperparameters": {
      "epochs_stage1": "1",
      "epochs_stage2": "3"
    }
  },
  "Evaluation": {
    "Evaluation_Data": "Not provided",
    "Performance_Metrics": "Not provided",
    "Source": "Not provided"
  },
  "Intended_Use": {
    "Task": [
      "Conversational AI",
      "Dialogue Generation"
    ]
  },
  "Bias_Risks_and_Limitations": {
    "Limitations": "Not provided"
  },
  "License": "apache-2.0"
}