{
  "error": "output_parser_failed",
  "raw_output": "```json\n{\n  \"Model_Description\": {\n    \"Name\": \"bertin-project/bertin-roberta-base-spanish\",\n    \"Description\": \"BERTIN is a series of BERT-based models for Spanish. The current model hub points to the best of all RoBERTa-base models trained from scratch on the Spanish portion of mC4 using Flax.\"\n  },\n  \"Model_Sources\": {\n    \"Repository\": \"https://huggingface.co/bertin-project/bertin-roberta-base-spanish\",\n    \"Paper\": \"https://arxiv.org/abs/2207.06814\",\n    \"Demo\": \"Not provided\"\n  },\n  \"Citation\": \"@article{BERTIN,\\n\\tauthor = {Javier De la Rosa y Eduardo G. Ponferrada y Manu Romero y Paulo Villegas y Pablo González de Prado Salas y María Grandury},\\n\\ttitle = {BERTIN: Efficient Pre-Training of a Spanish Language Model using Perplexity Sampling},\\n\\tjournal = {Procesamiento del Lenguaje Natural},\\n\\tvolume = {68},\\n\\tnumber = {0},\\n\\tyear = {2022},\\n\\tkeywords = {},\\n\\tabstract = {The pre-training of large language models usually requires massive amounts of resources, both in terms of computation and data. Frequently used web sources such as Common Crawl might contain enough noise to make this pretraining sub-optimal. In this work, we experiment with different sampling methods from the Spanish version of mC4, and present a novel data-centric technique which we name perplexity sampling that enables the pre-training of language models in roughly half the amount of steps and using one fifth of the data. The resulting models are comparable to the current state-of-the-art, and even achieve better results for certain tasks. Our work is proof of the versatility of Transformers, and paves the way for small teams to train their models on a limited budget.},\\n\\tissn = {1989-7553},\\n\\turl = {http://journal.sepln.org/sepln/ojs/ojs/index.php/pln/article/view/6403},\\n\\tpages = {13--23}\\n}\"\n  },\n  \"Contact\": {\n    \"Author\": [\n      \"Javier de la Rosa\",\n      \"Eduardo González\",\n      \"Paulo Villegas\",\n      \"Pablo González de Prado\",\n      \"Manu Romero\",\n      \"María Grandury\"\n    ],\n    \"Email\": \"Not provided\",\n    \"Community\": [\n      \"https://discord.com/channels/858019234139602994/859113060068229190\"\n    ]\n  },\n  \"Technical_Requirements\": {\n    \"Software\": [\n      \"Flax\",\n      \"JAX\",\n      \"KenLM library\"\n    ],\n    \"Hardware\": {\n      \"CPU\": \"Not provided\",\n      \"GPU\": \"Not provided\",\n      \"RAM\": \"Not provided\",\n      \"Storage\": \"Not provided\"\n    }\n  },\n  \"Access_and_Distribution\": {\n    \"Download_Link\": \"https://huggingface.co/bertin-project/bertin-roberta-base-spanish\",\n    \"Model_Variants\": [\n      {\n        \"Name\": \"Version v2\",\n        \"Link\": \"https://huggingface.co/bertin-project/bertin-roberta-base-spanish/tree/v2\",\n        \"Type\": \"Not provided\",\n        \"Size\": \"Not provided\",\n        \"Notes\": \"Not provided\"\n      },\n      {\n        \"Name\": \"Version v1\",\n        \"Link\": \"https://huggingface.co/bertin-project/bertin-roberta-base-spanish/tree/v1\",\n        \"Type\": \"Not provided\",\n        \"Size\": \"Not provided\",\n        \"Notes\": \"Not provided\"\n      },\n      {\n        \"Name\": \"Version v1-512\",\n        \"Link\": \"https://huggingface.co/bertin-project/bertin-roberta-base-spanish/tree/v1-512\",\n        \"Type\": \"Not provided\",\n        \"Size\": \"Not provided\",\n        \"Notes\": \"Not provided\"\n      },\n      {\n        \"Name\": \"Version beta\",\n        \"Link\": \"https://huggingface.co/bertin-project/bertin-roberta-base-spanish/tree/beta\",\n        \"Type\": \"Not provided\",\n        \"Size\": \"Not provided\",\n        \"Notes\": \"Not provided\"\n      }\n    ]\n  },\n  \"Dataset\": {\n    \"Name\": [\n      \"bertin-project/mc4-es-sampled\",\n      \"mC4\"\n    ],\n    \"Sources\": \"https://huggingface.co/datasets/bertin-project/mc4-es-sampled\",\n    \"Description\": \"The Spanish portion of mC4 (mC4-es) is a multilingual variant of the C4, the Colossal, Cleaned version of Common Crawl's web crawl corpus. It contains about 416 million samples and 235 billion words in approximately 1TB of uncompressed data.\"\n  },\n  \"Model_Architecture\": {\n    \"Architecture_Type\": \"Transformer\",\n    \"Base_Architecture\": \"RoBERTa-base\",\n    \"Number_Parameters\": \"Not provided\",\n    \"Parameters\": {\n      \"sequence_length\": [\n        \"128\",\n        \"512\"\n      ]\n    },\n    \"Input_Type\": \"Text\",\n    \"Output_Type\": \"Text\"\n  },\n  \"Training_Details\": {\n    \"Training_Data\": \"bertin-project/mc4-es-sampled\",\n    \"Preprocessing\": \"Perplexity sampling (Stepwise and Gaussian functions to oversample central quartiles, biasing against too small/long samples); random sampling for comparison; reduced data from 1TB to ~200GB; used Kneser-Ney models for perplexity calculation.\",\n    \"Hyperparameters\": {\n      \"training_steps\": \"250k (for 128 sequence length), ~50k (for 512 sequence length)\",\n      \"sequence_length\": [\n        \"128\",\n        \"512\"\n      ],\n      \"batch_size\": \"2048 (for 128 sequence length), 384 (for 512 sequence length)\",\n      \"warmup_steps\": \"500 (for 512 sequence length)\",\n      \"learning_rate\": \"no change (when switching sequence length)\",\n      \"optimizer\": \"new optimizer (for Gaussian sampling when switching sequence length)\"\n    }\n  },\n  \"Evaluation\": {\n    \"Evaluation_Data\": [\n      \"bertin-project/mc4-es-sampled\",\n      \"UD-POS\",\n      \"Conll-NER\",\n      \"Capitel-POS\",\n      \"Capitel-NER\",\n      \"STS\",\n      \"MLDoc\",\n      \"PAWS-X\",\n      \"XNLI\",\n      \"SQUAD\"\n    ],\n    \"Performance_Metrics\": {\n      \"MLM Accuracy (Gaussian-512)\": 0.6873,\n      \"MLM Accuracy (Gaussian)\": 0.6608,\n      \"POS F1 (Gaussian, max_len 128/256)\": 0.9662,\n      \"POS Accuracy (Gaussian-512, max_len 128/256)\": 0.9714,\n      \"NER F1 (Gaussian, max_len 128/256)\": 0.8792,\n      \"NER Accuracy (Gaussian, max_len 128/256)\": 0.9816,\n      \"XNLI-256 Accuracy (Gaussian, max_len 128/256)\": 0.7942,\n      \"PAWS-X Accuracy (Gaussian-512, max_len 512)\": 0.8965,\n      \"XNLI Accuracy (Gaussian-512, max_len 512)\": 0.7843,\n      \"SQUAD Exact Match (beta, max_len 128)\": 50.96,\n      \"SQUAD F1 (beta, max_len 128)\": 68.74\n    },\n    \"Source\": \"Not provided\"\n  },\n  \"Intended_Use\": {\n    \"Task\": [\n      \"fill-mask\",\n      \"Part-of-Speech tagging\",\n      \"Named Entity Recognition\"\n    ]\n  },\n  \"Bias_Risks_and_Limitations\": {\n    \"Limitations\": \"The models may have bias and/or other undesirable distortions, including geographical bias. Users are responsible for mitigating risks and complying with regulations, as the owner is not liable for results from third-party use.\"\n  },\n  \"License\": \"CC BY-NC 4.0\"\n}\n```"
}