{
  "Model_Description": {
    "Name": "bertin-project/bertin-base-ner-conll2002-es",
    "Description": "This checkpoint has been trained for the NER task using the CoNLL2002-es dataset. It is a NER checkpoint created from Bertin Gaussian 512, a RoBERTa-base model trained from scratch in Spanish."
  },
  "Model_Sources": {
    "Repository": "https://huggingface.co/bertin-project/bertin-base-ner-conll2002-es",
    "Paper": "Not provided",
    "Demo": "Not provided"
  },
  "Citation": "Not provided",
  "Contact": {
    "Author": [
      "Eduardo González",
      "Javier de la Rosa",
      "Manu Romero",
      "María Grandury",
      "Pablo González de Prado",
      "Paulo Villegas"
    ],
    "Email": "Not provided",
    "Community": [
      "https://discuss.huggingface.co/t/open-to-the-community-community-week-using-jax-flax-for-nlp-cv/7104"
    ]
  },
  "Technical_Requirements": {
    "Software": "Not provided",
    "Hardware": {
      "CPU": "Not provided",
      "GPU": "Not provided",
      "RAM": "Not provided",
      "Storage": "Not provided"
    }
  },
  "Access_and_Distribution": {
    "Download_Link": "https://huggingface.co/bertin-project/bertin-base-ner-conll2002-es",
    "Model_Variants": []
  },
  "Dataset": {
    "Name": "CoNLL2002-es",
    "Sources": "Not provided",
    "Description": "Not provided"
  },
  "Model_Architecture": {
    "Architecture_Type": "Encoder-only Transformer",
    "Base_Architecture": "RoBERTa-base",
    "Number_Parameters": "Not provided",
    "Parameters": {
      "context_length": 512
    },
    "Input_Type": "Text",
    "Output_Type": "Text"
  },
  "Training_Details": {
    "Training_Data": "CoNLL2002-es",
    "Preprocessing": "Not provided",
    "Hyperparameters": "Not provided"
  },
  "Evaluation": {
    "Evaluation_Data": "Not provided",
    "Performance_Metrics": "Not provided",
    "Source": "Not provided"
  },
  "Intended_Use": {
    "Task": [
      "NER"
    ]
  },
  "Bias_Risks_and_Limitations": {
    "Limitations": "Not provided"
  },
  "License": "CC BY-NC 4.0"
}