{
  "Model_Description": {
    "Name": "5CD-AI/Vintern-1B-v3_5",
    "Description": "Vintern-1B-v3.5 is the latest version in the Vintern series, offering significant improvements over v2 across all evaluation benchmarks. This model has been fine-tuned from InternVL2.5-1B to enhance its performance in Vietnamese while maintaining good capabilities on existing English datasets, resulting in a model exceptionally powerful in text recognition, OCR, and understanding Vietnam-specific documents."
  },
  "Model_Sources": {
    "Repository": "https://huggingface.co/5CD-AI/Vintern-1B-v3_5",
    "Paper": "https://arxiv.org/abs/2408.12480",
    "Demo": "https://huggingface.co/spaces/khang119966/Vintern-1B-v3.5-Demo"
  },
  "Citation": "@misc{doan2024vintern1befficientmultimodallarge,\n      title={Vintern-1B: An Efficient Multimodal Large Language Model for Vietnamese}, \n      author={Khang T. Doan and Bao G. Huynh and Dung T. Hoang and Thuc D. Pham and Nhat H. Pham and Quan T. M. Nguyen and Bang Q. Vo and Suong N. Hoang},\n      year={2024},\n      eprint={2408.12480},\n      archivePrefix={arXiv},\n      primaryClass={cs.LG},\n      url={https://arxiv.org/abs/2408.12480}, \n}",
  "Contact": {
    "Author": [
      "Khang T. Doan",
      "Bao G. Huynh",
      "Dung T. Hoang",
      "Thuc D. Pham",
      "Nhat H. Pham",
      "Quan T. M. Nguyen",
      "Bang Q. Vo",
      "Suong N. Hoang"
    ],
    "Email": "Not provided",
    "Community": [
      "https://github.com/ngxson/vintern-realtime-demo"
    ]
  },
  "Technical_Requirements": {
    "Software": [
      "transformers",
      "torch",
      "torchvision",
      "PIL"
    ],
    "Hardware": {
      "CPU": "Not provided",
      "GPU": "NVIDIA T4",
      "RAM": "Not provided",
      "Storage": "Not provided"
    }
  },
  "Access_and_Distribution": {
    "Download_Link": "https://huggingface.co/5CD-AI/Vintern-1B-v3_5",
    "Model_Variants": []
  },
  "Dataset": {
    "Name": "Not provided",
    "Sources": "Not provided",
    "Description": "Not provided"
  },
  "Model_Architecture": {
    "Architecture_Type": "Multimodal Large Language Model",
    "Base_Architecture": "InternVL2.5-1B",
    "Number_Parameters": "1B",
    "Parameters": "Not provided",
    "Input_Type": "Image-Text",
    "Output_Type": "Text"
  },
  "Training_Details": {
    "Training_Data": "Not provided",
    "Preprocessing": "Image conversion to RGB; Resizing to (input_size, input_size) using BICUBIC interpolation; Conversion to Tensor; Normalization using IMAGENET_MEAN and IMAGENET_STD; Dynamic preprocessing including aspect ratio calculation, resizing, and splitting into image blocks.",
    "Hyperparameters": "Not provided"
  },
  "Evaluation": {
    "Evaluation_Data": [
      "vi-MTVQA",
      "DocVQAtest",
      "InfoVQAtest",
      "TextVQAval",
      "ChartQAtest",
      "OCRBench"
    ],
    "Performance_Metrics": {
      "vi-MTVQA": 41.9,
      "DocVQAtest": 78.8,
      "InfoVQAtest": 46.4,
      "TextVQAval": 68.2,
      "ChartQAtest": 65.7,
      "OCRBench": 706
    },
    "Source": "Not provided"
  },
  "Intended_Use": {
    "Task": [
      "image-text-to-text",
      "text recognition",
      "document understanding"
    ]
  },
  "Bias_Risks_and_Limitations": {
    "Limitations": "Not provided"
  },
  "License": "MIT"
}