{
  "Model_Description": {
    "Name": "bert-base-indonesian-1.5G-finetuned-sentiment-analysis-smsa",
    "Description": "This model is a fine-tuned version of cahya/bert-base-indonesian-1.5G on the indonlu dataset. It achieves an accuracy of 0.9373 on the evaluation set."
  },
  "Model_Sources": {
    "Repository": "https://huggingface.co/cahya/bert-base-indonesian-1.5G",
    "Paper": "Not provided",
    "Demo": "Not provided"
  },
  "Citation": "Not provided",
  "Contact": {
    "Author": "Not provided",
    "Email": "Not provided",
    "Community": "Not provided"
  },
  "Technical_Requirements": {
    "Software": [
      "Transformers 4.14.1",
      "Pytorch 1.10.0+cu111",
      "Datasets 1.16.1",
      "Tokenizers 0.10.3"
    ],
    "Hardware": {
      "CPU": "Not provided",
      "GPU": "Not provided",
      "RAM": "Not provided",
      "Storage": "Not provided"
    }
  },
  "Access_and_Distribution": {
    "Download_Link": "Not provided",
    "Model_Variants": []
  },
  "Dataset": {
    "Name": "indonlu",
    "Sources": "Not provided",
    "Description": "Not provided"
  },
  "Model_Architecture": {
    "Architecture_Type": "Transformer",
    "Base_Architecture": "bert-base-indonesian-1.5G",
    "Number_Parameters": "Not provided",
    "Parameters": "Not provided",
    "Input_Type": "Text",
    "Output_Type": "Text"
  },
  "Training_Details": {
    "Training_Data": "indonlu",
    "Preprocessing": "Not provided",
    "Hyperparameters": {
      "learning_rate": "2e-05",
      "train_batch_size": "16",
      "eval_batch_size": "16",
      "seed": "42",
      "optimizer": "Adam with betas=(0.9,0.999) and epsilon=1e-08",
      "lr_scheduler_type": "linear",
      "num_epochs": "10"
    }
  },
  "Evaluation": {
    "Evaluation_Data": "indonlu",
    "Performance_Metrics": {
      "Loss": 0.339,
      "Accuracy": 0.9373
    },
    "Source": "Not provided"
  },
  "Intended_Use": {
    "Task": [
      "text-classification",
      "sentiment-analysis"
    ]
  },
  "Bias_Risks_and_Limitations": {
    "Limitations": "Not provided"
  },
  "License": "mit"
}