{
  "Model_Description": {
    "Name": "StarCoderBase",
    "Description": "StarCoderBase is a 15.5B parameter model trained on 80+ programming languages from The Stack (v1.2). It uses Multi Query Attention, has an 8192-token context window, and was trained with a Fill-in-the-Middle objective on 1 trillion tokens."
  },
  "Model_Sources": {
    "Repository": "https://github.com/bigcode-project/Megatron-LM",
    "Paper": "https://drive.google.com/file/d/1cN-b9GnWtHzQRoE7M7gAEyivY0kl4BYs/view",
    "Demo": "https://huggingface.co/spaces/bigcode/bigcode-playground"
  },
  "Citation": "@article{li2023starcoder,\n      title={StarCoder: may the source be with you!}, \n      author={Raymond Li and Loubna Ben Allal and Yangtian Zi and Niklas Muennighoff and Denis Kocetkov and Chenghao Mou and Marc Marone and Christopher Akiki and Jia Li and Jenny Chim and Qian Liu and Evgenii Zheltonozhskii and Terry Yue Zhuo and Thomas Wang and Olivier Dehaene and Mishig Davaadorj and Joel Lamy-Poirier and João Monteiro and Oleh Shliazhko and Nicolas Gontier and Nicholas Meade and Armel Zebaze and Ming-Ho Yee and Logesh Kumar Umapathi and Jian Zhu and Benjamin Lipkin and Muhtasham Oblokulov and Zhiruo Wang and Rudra Murthy and Jason Stillerman and Siva Sankalp Patel and Dmitry Abulkhanov and Marco Zocca and Manan Dey and Zhihan Zhang and Nour Fahmy and Urvashi Bhattacharyya and Wenhao Yu and Swayam Singh and Sasha Luccioni and Paulo Villegas and Maxim Kunakov and Fedor Zhdanov and Manuel Romero and Tony Lee and Nadav Timor and Jennifer Ding and Claire Schlesinger and Hailey Schoelkopf and Jan Ebert and Tri Dao and Mayank Mishra and Alex Gu and Jennifer Robinson and Carolyn Jane Anderson and Brendan Dolan-Gavitt and Danish Contractor and Siva Reddy and Daniel Fried and Dzmitry Bahdanau and Yacine Jernite and Carlos Muñoz Ferrandis and Sean Hughes and Thomas Wolf and Arjun Guha and Leandro von Werra and Harm de Vries},\n      year={2023},\n      eprint={2305.06161},\n      archivePrefix={arXiv},\n      primaryClass={cs.CL}\n}",
  "Contact": {
    "Author": [
      "Raymond Li",
      "Loubna Ben Allal",
      "Yangtian Zi",
      "Niklas Muennighoff",
      "Denis Kocetkov",
      "Chenghao Mou",
      "Marc Marone",
      "Christopher Akiki",
      "Jia Li",
      "Jenny Chim",
      "Qian Liu",
      "Evgenii Zheltonozhskii",
      "Terry Yue Zhuo",
      "Thomas Wang",
      "Olivier Dehaene",
      "Mishig Davaadorj",
      "Joel Lamy-Poirier",
      "João Monteiro",
      "Oleh Shliazhko",
      "Nicolas Gontier",
      "Nicholas Meade",
      "Armel Zebaze",
      "Ming-Ho Yee",
      "Logesh Kumar Umapathi",
      "Jian Zhu",
      "Benjamin Lipkin",
      "Muhtasham Oblokulov",
      "Zhiruo Wang",
      "Rudra Murthy",
      "Jason Stillerman",
      "Siva Sankalp Patel",
      "Dmitry Abulkhanov",
      "Marco Zocca",
      "Manan Dey",
      "Zhihan Zhang",
      "Nour Fahmy",
      "Urvashi Bhattacharyya",
      "Wenhao Yu",
      "Swayam Singh",
      "Sasha Luccioni",
      "Paulo Villegas",
      "Maxim Kunakov",
      "Fedor Zhdanov",
      "Manuel Romero",
      "Tony Lee",
      "Nadav Timor",
      "Jennifer Ding",
      "Claire Schlesinger",
      "Hailey Schoelkopf",
      "Jan Ebert",
      "Tri Dao",
      "Mayank Mishra",
      "Alex Gu",
      "Jennifer Robinson",
      "Carolyn Jane Anderson",
      "Brendan Dolan-Gavitt",
      "Danish Contractor",
      "Siva Reddy",
      "Daniel Fried",
      "Dzmitry Bahdanau",
      "Yacine Jernite",
      "Carlos Muñoz Ferrandis",
      "Sean Hughes",
      "Thomas Wolf",
      "Arjun Guha",
      "Leandro von Werra",
      "Harm de Vries"
    ],
    "Email": "contact@bigcode-project.org",
    "Community": [
      "https://huggingface.co/spaces/bigcode/starcoder-search"
    ]
  },
  "Technical_Requirements": {
    "Software": [
      "Megatron-LM",
      "PyTorch",
      "apex",
      "transformers"
    ],
    "Hardware": {
      "CPU": "Not provided",
      "GPU": "Tesla A100",
      "RAM": "Not provided",
      "Storage": "Not provided"
    }
  },
  "Access_and_Distribution": {
    "Download_Link": "Not provided",
    "Model_Variants": []
  },
  "Dataset": {
    "Name": [
      "The Stack (v1.2)",
      "HumanEval",
      "MBPP",
      "DS-1000",
      "MultiPL-HumanEval"
    ],
    "Sources": [
      "https://huggingface.co/datasets/bigcode/the-stack"
    ],
    "Description": "The Stack (v1.2) contains 80+ programming languages, with opt-out requests excluded."
  },
  "Model_Architecture": {
    "Architecture_Type": "GPT-2 model",
    "Base_Architecture": "GPT-2",
    "Number_Parameters": "15.5B",
    "Parameters": {
      "attention_type": "Multi Query Attention",
      "context_window": "8192 tokens",
      "objective": "Fill-in-the-Middle objective"
    },
    "Input_Type": "Text",
    "Output_Type": "Text"
  },
  "Training_Details": {
    "Training_Data": "The Stack (v1.2)",
    "Preprocessing": "Data from The Stack (v1.2) with opt-out requests excluded.",
    "Hyperparameters": {
      "pretraining_steps": "250k",
      "pretraining_tokens": "1 trillion",
      "precision": "bfloat16"
    }
  },
  "Evaluation": {
    "Evaluation_Data": [
      "HumanEval",
      "MBPP",
      "DS-1000 (Overall Completion)",
      "MultiPL-HumanEval (C++)"
    ],
    "Performance_Metrics": {
      "HumanEval_pass@1": 0.304,
      "MBPP_pass@1": 0.49,
      "DS-1000 (Overall Completion)_pass@1": 0.238,
      "MultiPL-HumanEval (C++)_pass@1": 0.3056
    },
    "Source": "Not provided"
  },
  "Intended_Use": {
    "Task": [
      "text-generation",
      "code generation",
      "technical assistance"
    ]
  },
  "Bias_Risks_and_Limitations": {
    "Limitations": "The model has been trained on source code from 80+ programming languages. The predominant language in source is English. The model is capable of generating code snippets but the generated code is not guaranteed to work as intended; it can be inefficient, contain bugs or exploits."
  },
  "License": "BigCode OpenRAIL-M v1"
}