{
  "Model_Description": {
    "Name": "bigcode/starcoder",
    "Description": "StarCoder is a 15.5B parameter model trained on 80+ programming languages from The Stack (v1.2). It uses Multi Query Attention, a context window of 8192 tokens, and was trained using the Fill-in-the-Middle objective on 1 trillion tokens."
  },
  "Model_Sources": {
    "Repository": "https://github.com/bigcode-project/Megatron-LM",
    "Paper": "https://arxiv.org/abs/2305.06161",
    "Demo": "https://huggingface.co/spaces/bigcode/bigcode-playground"
  },
  "Citation": "@article{li2023starcoder,\n      title={StarCoder: may the source be with you!}, \n      author={Raymond Li and Loubna Ben Allal and Yangtian Zi and Niklas Muennighoff and Denis Kocetkov and Chenghao Mou and Marc Marone and Christopher Akiki and Jia Li and Jenny Chim and Qian Liu and Evgenii Zheltonozhskii and Terry Yue Zhuo and Thomas Wang and Olivier Dehaene and Mishig Davaadorj and Joel Lamy-Poirier and João Monteiro and Oleh Shliazhko and Nicolas Gontier and Nicholas Meade and Armel Zebaze and Ming-Ho Yee and Logesh Kumar Umapathi and Jian Zhu and Benjamin Lipkin and Muhtasham Oblokulov and Zhiruo Wang and Rudra Murthy and Jason Stillerman and Siva Sankalp Patel and Dmitry Abulkhanov and Marco Zocca and Manan Dey and Zhihan Zhang and Nour Fahmy and Urvashi Bhattacharyya and Wenhao Yu and Swayam Singh and Sasha Luccioni and Paulo Villegas and Maxim Kunakov and Fedor Zhdanov and Manuel Romero and Tony Lee and Nadav Timor and Jennifer Ding and Claire Schlesinger and Hailey Schoelkopf and Jan Ebert and Tri Dao and Mayank Mishra and Alex Gu and Jennifer Robinson and Carolyn Jane Anderson and Brendan Dolan-Gavitt and Danish Contractor and Siva Reddy and Daniel Fried and Dzmitry Bahdanau and Yacine Jernite and Carlos Muñoz Ferrandis and Sean Hughes and Thomas Wolf and Arjun Guha and Leandro von Werra and Harm de Vries},\n      year={2023},\n      eprint={2305.06161},\n      archivePrefix={arXiv},\n      primaryClass={cs.CL}\n}",
  "Contact": {
    "Author": [
      "Raymond Li",
      "Loubna Ben Allal",
      "Yangtian Zi",
      "Niklas Muennighoff",
      "Denis Kocetkov",
      "Chenghao Mou",
      "Marc Marone",
      "Christopher Akiki",
      "Jia Li",
      "Jenny Chim",
      "Qian Liu",
      "Evgenii Zheltonozhskii",
      "Terry Yue Zhuo",
      "Thomas Wang",
      "Olivier Dehaene",
      "Mishig Davaadorj",
      "Joel Lamy-Poirier",
      "João Monteiro",
      "Oleh Shliazhko",
      "Nicolas Gontier",
      "Nicholas Meade",
      "Armel Zebaze",
      "Ming-Ho Yee",
      "Logesh Kumar Umapathi",
      "Jian Zhu",
      "Benjamin Lipkin",
      "Muhtasham Oblokulov",
      "Zhiruo Wang",
      "Rudra Murthy",
      "Jason Stillerman",
      "Siva Sankalp Patel",
      "Dmitry Abulkhanov",
      "Marco Zocca",
      "Manan Dey",
      "Zhihan Zhang",
      "Nour Fahmy",
      "Urvashi Bhattacharyya",
      "Wenhao Yu",
      "Swayam Singh",
      "Sasha Luccioni",
      "Paulo Villegas",
      "Maxim Kunakov",
      "Fedor Zhdanov",
      "Manuel Romero",
      "Tony Lee",
      "Nadav Timor",
      "Jennifer Ding",
      "Claire Schlesinger",
      "Hailey Schoelkopf",
      "Jan Ebert",
      "Tri Dao",
      "Mayank Mishra",
      "Alex Gu",
      "Jennifer Robinson",
      "Carolyn Jane Anderson",
      "Brendan Dolan-Gavitt",
      "Danish Contractor",
      "Siva Reddy",
      "Daniel Fried",
      "Dzmitry Bahdanau",
      "Yacine Jernite",
      "Carlos Muñoz Ferrandis",
      "Sean Hughes",
      "Thomas Wolf",
      "Arjun Guha",
      "Leandro von Werra",
      "Harm de Vries"
    ],
    "Email": "contact@bigcode-project.org",
    "Community": "Not provided"
  },
  "Technical_Requirements": {
    "Software": [
      "transformers",
      "Megatron-LM",
      "PyTorch",
      "apex"
    ],
    "Hardware": {
      "CPU": "Not provided",
      "GPU": "Tesla A100",
      "RAM": "Not provided",
      "Storage": "Not provided"
    }
  },
  "Access_and_Distribution": {
    "Download_Link": "Not provided",
    "Model_Variants": []
  },
  "Dataset": {
    "Name": "bigcode/the-stack-dedup",
    "Sources": "https://huggingface.co/datasets/bigcode/the-stack",
    "Description": "Contains 80+ programming languages, with opt-out requests excluded."
  },
  "Model_Architecture": {
    "Architecture_Type": "Decoder-only Transformer",
    "Base_Architecture": "GPT-2 model",
    "Number_Parameters": "15.5B",
    "Parameters": {
      "multi_query_attention": true,
      "context_length": 8192,
      "objective": "Fill-in-the-Middle",
      "precision": "bfloat16"
    },
    "Input_Type": "Text",
    "Output_Type": "Text"
  },
  "Training_Details": {
    "Training_Data": "bigcode/the-stack-dedup",
    "Preprocessing": "opt-out requests excluded",
    "Hyperparameters": {
      "pretraining_steps": "250k",
      "pretraining_tokens": "1 trillion",
      "precision": "bfloat16"
    }
  },
  "Evaluation": {
    "Evaluation_Data": [
      "HumanEval (Prompted)",
      "MBPP",
      "DS-1000 (Overall Completion)",
      "MultiPL-HumanEval (C++)"
    ],
    "Performance_Metrics": {
      "pass@1 (HumanEval (Prompted))": 0.408,
      "pass@1 (MBPP)": 0.527,
      "pass@1 (DS-1000 (Overall Completion))": 0.26,
      "pass@1 (MultiPL-HumanEval (C++))": 0.3155
    },
    "Source": "Not provided"
  },
  "Intended_Use": {
    "Task": [
      "text generation",
      "code generation",
      "technical assistance"
    ]
  },
  "Bias_Risks_and_Limitations": {
    "Limitations": "The model is capable of generating code snippets but the generated code is not guaranteed to work as intended, can be inefficient, contain bugs or exploits. There is no mechanism to detect content previously generated by the model."
  },
  "License": "BigCode OpenRAIL-M v1"
}