{
  "Model_Description": {
    "Name": "bigcode/starcoder2-3b",
    "Description": "StarCoder2-3B is a 3B parameter model trained on 17 programming languages from The Stack v2. It uses Grouped Query Attention, a context window of 16,384 tokens with a sliding window attention of 4,096 tokens, and was trained using the Fill-in-the-Middle objective on 3+ trillion tokens."
  },
  "Model_Sources": {
    "Repository": "https://github.com/bigcode-project/starcoder2",
    "Paper": "https://huggingface.co/papers/2402.19173",
    "Demo": "Not provided"
  },
  "Citation": "@misc{lozhkov2024starcoder,\n      title={StarCoder 2 and The Stack v2: The Next Generation}, \n      author={Anton Lozhkov and Raymond Li and Loubna Ben Allal and Federico Cassano and Joel Lamy-Poirier and Nouamane Tazi and Ao Tang and Dmytro Pykhtar and Jiawei Liu and Yuxiang Wei and Tianyang Liu and Max Tian and Denis Kocetkov and Arthur Zucker and Younes Belkada and Zijian Wang and Qian Liu and Dmitry Abulkhanov and Indraneil Paul and Zhuang Li and Wen-Ding Li and Megan Risdal and Jia Li and Jian Zhu and Terry Yue Zhuo and Evgenii Zheltonozhskii and Nii Osae Osae Dade and Wenhao Yu and Lucas Krauß and Naman Jain and Yixuan Su and Xuanli He and Manan Dey and Edoardo Abati and Yekun Chai and Niklas Muennighoff and Xiangru Tang and Muhtasham Oblokulov and Christopher Akiki and Marc Marone and Chenghao Mou and Mayank Mishra and Alex Gu and Binyuan Hui and Tri Dao and Armel Zebaze and Olivier Dehaene and Nicolas Patry and Canwen Xu and Julian McAuley and Han Hu and Torsten Scholak and Sebastien Paquet and Jennifer Robinson and Carolyn Jane Anderson and Nicolas Chapados and Mostofa Patwary and Nima Tajbakhsh and Yacine Jernite and Carlos Muñoz Ferrandis and Lingming Zhang and Sean Hughes and Thomas Wolf and Arjun Guha and Leandro von Werra and Harm de Vries},\n      year={2024},\n      eprint={2402.19173},\n      archivePrefix={arXiv},\n      primaryClass={cs.SE}\n}",
  "Contact": {
    "Author": [
      "Anton Lozhkov",
      "Raymond Li",
      "Loubna Ben Allal",
      "Federico Cassano",
      "Joel Lamy-Poirier",
      "Nouamane Tazi",
      "Ao Tang",
      "Dmytro Pykhtar",
      "Jiawei Liu",
      "Yuxiang Wei",
      "Tianyang Liu",
      "Max Tian",
      "Denis Kocetkov",
      "Arthur Zucker",
      "Younes Belkada",
      "Zijian Wang",
      "Qian Liu",
      "Dmitry Abulkhanov",
      "Indraneil Paul",
      "Zhuang Li",
      "Wen-Ding Li",
      "Megan Risdal",
      "Jia Li",
      "Jian Zhu",
      "Terry Yue Zhuo",
      "Evgenii Zheltonozhskii",
      "Nii Osae Osae Dade",
      "Wenhao Yu",
      "Lucas Krauß",
      "Naman Jain",
      "Yixuan Su",
      "Xuanli He",
      "Manan Dey",
      "Edoardo Abati",
      "Yekun Chai",
      "Niklas Muennighoff",
      "Xiangru Tang",
      "Muhtasham Oblokulov",
      "Christopher Akiki",
      "Marc Marone",
      "Chenghao Mou",
      "Mayank Mishra",
      "Alex Gu",
      "Binyuan Hui",
      "Tri Dao",
      "Armel Zebaze",
      "Olivier Dehaene",
      "Nicolas Patry",
      "Canwen Xu",
      "Julian McAuley",
      "Han Hu",
      "Torsten Scholak",
      "Sebastien Paquet",
      "Jennifer Robinson",
      "Carolyn Jane Anderson",
      "Nicolas Chapados",
      "Mostofa Patwary",
      "Nima Tajbakhsh",
      "Yacine Jernite",
      "Carlos Muñoz Ferrandis",
      "Lingming Zhang",
      "Sean Hughes",
      "Thomas Wolf",
      "Arjun Guha",
      "Leandro von Werra",
      "Harm de Vries"
    ],
    "Email": "contact@bigcode-project.org",
    "Community": [
      "https://www.bigcode-project.org"
    ]
  },
  "Technical_Requirements": {
    "Software": [
      "transformers",
      "accelerate",
      "bitsandbytes",
      "PyTorch"
    ],
    "Hardware": {
      "CPU": "cpu",
      "GPU": [
        "NVIDIA A100"
      ],
      "RAM": "12.6GB",
      "Storage": "Not provided"
    }
  },
  "Access_and_Distribution": {
    "Download_Link": "Not provided",
    "Model_Variants": [
      {
        "Name": "Full precision",
        "Link": "Not provided",
        "Type": "full precision",
        "Size": "12.6GB",
        "Notes": "Not provided"
      },
      {
        "Name": "bfloat16 precision",
        "Link": "Not provided",
        "Type": "bfloat16",
        "Size": "6.3GB",
        "Notes": "Not provided"
      },
      {
        "Name": "8-bit precision",
        "Link": "Not provided",
        "Type": "int8",
        "Size": "3.4GB",
        "Notes": "Not provided"
      },
      {
        "Name": "4-bit precision",
        "Link": "Not provided",
        "Type": "int4",
        "Size": "2.0GB",
        "Notes": "Not provided"
      }
    ]
  },
  "Dataset": {
    "Name": [
      "The Stack v2",
      "CruxEval-I",
      "DS-1000",
      "GSM8K (PAL)",
      "HumanEval+",
      "HumanEval",
      "RepoBench-v1.1"
    ],
    "Sources": [
      "https://huggingface.co/datasets/bigcode/the-stack-v2-train"
    ],
    "Description": "Trained on 17 programming languages from The Stack v2, with opt-out requests excluded."
  },
  "Model_Architecture": {
    "Architecture_Type": "Transformer decoder",
    "Base_Architecture": "StarCoder2",
    "Number_Parameters": "3B",
    "Parameters": {
      "attention_type": "Grouped Query Attention",
      "context_window": "16,384 tokens",
      "sliding_window_attention": "4,096 tokens",
      "objective": "Fill-in-the-Middle objective",
      "languages": "17 Programming languages"
    },
    "Input_Type": "Text",
    "Output_Type": "Text"
  },
  "Training_Details": {
    "Training_Data": "The Stack v2",
    "Preprocessing": "opt-out requests excluded",
    "Hyperparameters": {
      "Pretraining steps": "1.2 million",
      "Pretraining tokens": "3+ trillion",
      "Precision": "bfloat16"
    }
  },
  "Evaluation": {
    "Evaluation_Data": [
      "CruxEval-I",
      "DS-1000",
      "GSM8K (PAL)",
      "HumanEval+",
      "HumanEval",
      "RepoBench-v1.1"
    ],
    "Performance_Metrics": {
      "CruxEval-I pass@1": 32.7,
      "DS-1000 pass@1": 25.0,
      "GSM8K (PAL) accuracy": 27.7,
      "HumanEval+ pass@1": 27.4,
      "HumanEval pass@1": 31.7,
      "RepoBench-v1.1 edit-smiliarity": 71.19
    },
    "Source": "Not provided"
  },
  "Intended_Use": {
    "Task": [
      "text generation",
      "code generation"
    ]
  },
  "Bias_Risks_and_Limitations": {
    "Limitations": "The model is capable of generating code snippets but the generated code is not guaranteed to work as intended. It can be inefficient, contain bugs or exploits."
  },
  "License": "BigCode OpenRAIL-M v1"
}