{
  "Model_Description": {
    "Name": "botp/stable-diffusion-v1-5",
    "Description": "Stable Diffusion v1-5 is a latent text-to-image diffusion model capable of generating photo-realistic images given any text input. It can be used to generate and modify images based on text prompts."
  },
  "Model_Sources": {
    "Repository": "https://github.com/runwayml/stable-diffusion",
    "Paper": "https://arxiv.org/abs/2112.10752",
    "Demo": "Not provided"
  },
  "Citation": "@InProceedings{Rombach_2022_CVPR,\n        author    = {Rombach, Robin and Blattmann, Andreas and Lorenz, Dominik and Esser, Patrick and Ommer, Bj\\\"orn},\n        title     = {High-Resolution Image Synthesis With Latent Diffusion Models},\n        booktitle = {Proceedings of the IEEE/CVF Conference on Computer Vision and Pattern Recognition (CVPR)},\n        month     = {June},\n        year      = {2022},\n        pages     = {10684-10695}\n    }",
  "Contact": {
    "Author": [
      "Robin Rombach",
      "Patrick Esser"
    ],
    "Email": "Not provided",
    "Community": "Not provided"
  },
  "Technical_Requirements": {
    "Software": [
      "Diffusers",
      "PyTorch"
    ],
    "Hardware": {
      "CPU": "Not provided",
      "GPU": "NVIDIA A100 PCIe 40GB",
      "RAM": "Not provided",
      "Storage": "4.27GB (for inference), 7.7GB (for fine-tuning)"
    }
  },
  "Access_and_Distribution": {
    "Download_Link": "Not provided",
    "Model_Variants": [
      {
        "Name": "v1-5-pruned-emaonly.ckpt",
        "Link": "https://huggingface.co/runwayml/stable-diffusion-v1-5/resolve/main/v1-5-pruned-emaonly.ckpt",
        "Type": "Not provided",
        "Size": "4.27GB",
        "Notes": "ema-only weight, uses less VRAM - suitable for inference"
      },
      {
        "Name": "v1-5-pruned.ckpt",
        "Link": "https://huggingface.co/runwayml/stable-diffusion-v1-5/resolve/main/v1-5-pruned.ckpt",
        "Type": "Not provided",
        "Size": "7.7GB",
        "Notes": "ema+non-ema weights, uses more VRAM - suitable for fine-tuning"
      }
    ]
  },
  "Dataset": {
    "Name": [
      "LAION-2B (en)",
      "laion-aesthetics v2 5+",
      "laion-high-resolution",
      "laion-improved-aesthetics"
    ],
    "Sources": [
      "https://laion.ai/blog/laion-5b/",
      "https://huggingface.co/datasets/laion/laion2B-en",
      "https://huggingface.co/datasets/laion/laion-high-resolution"
    ],
    "Description": "LAION-5B is a large-scale dataset containing adult material. LAION-2B(en) consists of images primarily limited to English descriptions."
  },
  "Model_Architecture": {
    "Architecture_Type": "Diffusion-based text-to-image generation model",
    "Base_Architecture": "Latent Diffusion Model with CLIP ViT-L/14 text encoder",
    "Number_Parameters": "Not provided",
    "Parameters": {
      "relative_downsampling_factor": 8,
      "image_input_shape": "H x W x 3",
      "latent_representation_shape": "H/f x W/f x 4",
      "text_encoder": "ViT-L/14",
      "unet_backbone": "Not provided",
      "unet_additional_input_channels_inpainting": 5
    },
    "Input_Type": [
      "Text",
      "Image"
    ],
    "Output_Type": "Image"
  },
  "Training_Details": {
    "Training_Data": [
      "LAION-2B (en)",
      "laion-aesthetics v2 5+",
      "laion-high-resolution",
      "laion-improved-aesthetics"
    ],
    "Preprocessing": "Images encoded to latent representations (H/f x W/f x 4) using an autoencoder with a relative downsampling factor of 8. Text prompts encoded via a ViT-L/14 text-encoder. Non-pooled text encoder output fed to UNet via cross-attention. Fine-tuned at 512x512 resolution with 10% dropping of text-conditioning for classifier-free guidance sampling. For inpainting, UNet has 5 additional input channels (4 for encoded masked-image, 1 for mask), zero-initialized; synthetic masks generated, 25% mask everything.",
    "Hyperparameters": {
      "hardware": "32 x 8 x A100 GPUs",
      "optimizer": "AdamW",
      "gradient_accumulations": 2,
      "batch_size": 2048,
      "learning_rate": "warmup to 0.0001 for 10,000 steps, then constant"
    }
  },
  "Evaluation": {
    "Evaluation_Data": "COCO2017 validation set",
    "Performance_Metrics": "Not provided",
    "Source": "Not provided"
  },
  "Intended_Use": {
    "Task": [
      "text-to-image generation",
      "image modification"
    ]
  },
  "Bias_Risks_and_Limitations": {
    "Limitations": "The model does not achieve perfect photorealism, cannot render legible text, and performs poorly on complex compositional tasks. Faces and people may not be generated properly. It was trained mainly with English captions, limiting performance in other languages. The autoencoding part is lossy, and the LAION-5B training dataset contains adult material, requiring safety mechanisms for product use. Some image memorization from duplicated training data is observed.",
    "Bias": "The model reinforces social biases as it was trained on LAION-2B(en), which is primarily limited to English descriptions, leading to white and Western cultures often being set as the default and significantly worse performance with non-English prompts."
  },
  "License": "CreativeML OpenRAIL-M"
}