{
  "Model_Description": {
    "Name": "avsolatorio/GIST-Embedding-v0",
    "Description": "GISTEmbed is a text embedding model fine-tuned on BAAI/bge-base-en-v1.5 using a compilation of MEDI and MTEB Classification training datasets. It is designed for generating embeddings without requiring explicit instructions for retrieval tasks."
  },
  "Model_Sources": {
    "Repository": "https://huggingface.co/avsolatorio/GIST-Embedding-v0",
    "Paper": "https://arxiv.org/abs/2402.16829",
    "Demo": "Not provided"
  },
  "Citation": "@article{solatorio2024gistembed,\n    title={GISTEmbed: Guided In-sample Selection of Training Negatives for Text Embedding Fine-tuning},\n    author={Aivin V. Solatorio},\n    journal={arXiv preprint arXiv:2402.16829},\n    year={2024},\n    URL={https://arxiv.org/abs/2402.16829}\n    eprint={2402.16829},\n    archivePrefix={arXiv},\n    primaryClass={cs.LG}\n}",
  "Contact": {
    "Author": "Aivin V. Solatorio",
    "Email": "Not provided",
    "Community": "Not provided"
  },
  "Technical_Requirements": {
    "Software": [
      "Sentence Transformers",
      "PyTorch"
    ],
    "Hardware": {
      "CPU": "Not provided",
      "GPU": "Not provided",
      "RAM": "Not provided",
      "Storage": "Not provided"
    }
  },
  "Access_and_Distribution": {
    "Download_Link": "Not provided",
    "Model_Variants": []
  },
  "Dataset": {
    "Name": [
      "MEDI dataset",
      "MTEB Classification training dataset",
      "avsolatorio/medi-data-mteb_avs_triplets",
      "MTEB Evaluation suite"
    ],
    "Sources": [
      "https://github.com/xlang-ai/instructor-embedding.git",
      "https://arxiv.org/abs/2212.09741",
      "https://huggingface.co/mteb",
      "https://huggingface.co/datasets/avsolatorio/medi-data-mteb_avs_triplets"
    ],
    "Description": "The training dataset is a compilation of the MEDI and MTEB Classification training datasets, augmented with mined triplets. The MEDI Dataset is for instruction-finetuned text embeddings. The model was evaluated using the MTEB Evaluation suite."
  },
  "Model_Architecture": {
    "Architecture_Type": "Encoder-only Transformer",
    "Base_Architecture": "BAAI/bge-base-en-v1.5",
    "Number_Parameters": "Not provided",
    "Parameters": "Not provided",
    "Input_Type": "Text",
    "Output_Type": "Embedding"
  },
  "Training_Details": {
    "Training_Data": [
      "MEDI dataset",
      "MTEB Classification training dataset"
    ],
    "Preprocessing": "Data augmented with mined triplets from the MTEB Classification training dataset, excluding data from the Amazon Polarity Classification task.",
    "Hyperparameters": {
      "Epochs": 80,
      "Warmup ratio": 0.1,
      "Learning rate": "5e-6",
      "Batch size": 32,
      "Checkpoint step": 103500,
      "Contrastive loss temperature": 0.01
    }
  },
  "Evaluation": {
    "Evaluation_Data": "MTEB Evaluation suite",
    "Performance_Metrics": "Not provided",
    "Source": "https://huggingface.co/mteb"
  },
  "Intended_Use": {
    "Task": [
      "sentence-similarity",
      "feature-extraction",
      "text embedding"
    ]
  },
  "Bias_Risks_and_Limitations": {
    "Limitations": "The model's performance varies significantly across tasks, showing improvements in some and degradation in others, particularly in retrieval tasks like TRECCOVID due to limited thematic coverage in the fine-tuning data."
  },
  "License": "MIT"
}