{
  "Model_Description": {
    "Name": "avsolatorio/GIST-all-MiniLM-L6-v2",
    "Description": "This model is GIST-all-MiniLM-L6-v2, a text embedding model fine-tuned on top of sentence-transformers/all-MiniLM-L6-v2. It uses the MEDI dataset augmented with mined triplets from the MTEB Classification training dataset and is designed for generating embeddings without explicit instructions, enabling direct encoding for retrieval tasks."
  },
  "Model_Sources": {
    "Repository": "https://huggingface.co/avsolatorio/GIST-all-MiniLM-L6-v2",
    "Paper": "https://arxiv.org/abs/2402.16829",
    "Demo": "Not provided"
  },
  "Citation": "@article{solatorio2024gistembed,\n    title={GISTEmbed: Guided In-sample Selection of Training Negatives for Text Embedding Fine-tuning},\n    author={Aivin V. Solatorio},\n    journal={arXiv preprint arXiv:2402.16829},\n    year={2024},\n    URL={https://arxiv.org/abs/2402.16829}\n    eprint={2402.16829},\n    archivePrefix={arXiv},\n    primaryClass={cs.LG}\n}",
  "Contact": {
    "Author": "Aivin V. Solatorio",
    "Email": "Not provided",
    "Community": "Not provided"
  },
  "Technical_Requirements": {
    "Software": [
      "sentence-transformers",
      "torch"
    ],
    "Hardware": {
      "CPU": "Not provided",
      "GPU": "Not provided",
      "RAM": "Not provided",
      "Storage": "Not provided"
    }
  },
  "Access_and_Distribution": {
    "Download_Link": "Not provided",
    "Model_Variants": []
  },
  "Dataset": {
    "Name": [
      "MEDI dataset",
      "MTEB Classification training dataset",
      "avsolatorio/medi-data-mteb_avs_triplets",
      "MTEB Evaluation suite"
    ],
    "Sources": [
      "https://github.com/xlang-ai/instructor-embedding.git",
      "https://arxiv.org/abs/2212.09741",
      "https://huggingface.co/mteb",
      "https://huggingface.co/datasets/avsolatorio/medi-data-mteb_avs_triplets"
    ],
    "Description": "A compilation of the MEDI and MTEB Classification training datasets, used for fine-tuning text embeddings. The MEDI dataset is for instruction-finetuned text embeddings, and MTEB Classification datasets are used for various classification tasks. The model was also evaluated on the MTEB Evaluation suite, which includes a wide range of datasets for various tasks."
  },
  "Model_Architecture": {
    "Architecture_Type": "Encoder-only Transformer",
    "Base_Architecture": "MiniLM-L6-v2",
    "Number_Parameters": "Not provided",
    "Parameters": "Not provided",
    "Input_Type": "Text",
    "Output_Type": "Embeddings"
  },
  "Training_Details": {
    "Training_Data": [
      "MEDI dataset",
      "MTEB Classification training dataset",
      "avsolatorio/medi-data-mteb_avs_triplets"
    ],
    "Preprocessing": "The MEDI dataset was augmented with mined triplets from the MTEB Classification training dataset (excluding data from the Amazon Polarity Classification task).",
    "Hyperparameters": {
      "Epochs": 40,
      "Warmup ratio": 0.1,
      "Learning rate": 5e-06,
      "Batch size": 16,
      "Checkpoint step": 102000,
      "Contrastive loss temperature": 0.01
    }
  },
  "Evaluation": {
    "Evaluation_Data": [
      "MTEB AmazonCounterfactualClassification (en)",
      "MTEB AmazonPolarityClassification",
      "MTEB AmazonReviewsClassification (en)",
      "MTEB ArguAna",
      "MTEB ArxivClusteringP2P",
      "MTEB ArxivClusteringS2S",
      "MTEB AskUbuntuDupQuestions",
      "MTEB BIOSSES",
      "MTEB Banking77Classification",
      "MTEB BiorxivClusteringP2P",
      "MTEB BiorxivClusteringS2S",
      "MTEB CQADupstackAndroidRetrieval",
      "MTEB ClimateFEVER",
      "MTEB DBPedia",
      "MTEB EmotionClassification",
      "MTEB FEVER",
      "MTEB FiQA2018",
      "MTEB HotpotQA",
      "MTEB ImdbClassification",
      "MTEB MSMARCO",
      "MTEB MTOPDomainClassification (en)",
      "MTEB MTOPIntentClassification (en)",
      "MTEB MassiveIntentClassification (en)",
      "MTEB MassiveScenarioClassification (en)",
      "MTEB MedrxivClusteringP2P",
      "MTEB MedrxivClusteringS2S",
      "MTEB MindSmallReranking",
      "MTEB NFCorpus",
      "MTEB NQ",
      "MTEB QuoraRetrieval",
      "MTEB RedditClustering",
      "MTEB RedditClusteringP2P",
      "MTEB SCIDOCS",
      "MTEB SICK-R",
      "MTEB STS12",
      "MTEB STS13",
      "MTEB STS14",
      "MTEB STS15",
      "MTEB STS16",
      "MTEB STS17 (en-en)",
      "MTEB STS22 (en)",
      "MTEB STSBenchmark",
      "MTEB SciDocsRR",
      "MTEB SciFact",
      "MTEB SprintDuplicateQuestions",
      "MTEB StackExchangeClustering",
      "MTEB StackExchangeClusteringP2P",
      "MTEB StackOverflowDupQuestions",
      "MTEB SummEval",
      "MTEB TRECCOVID",
      "MTEB Touche2020",
      "MTEB ToxicConversationsClassification",
      "MTEB TweetSentimentExtractionClassification",
      "MTEB TwentyNewsgroupsClustering",
      "MTEB TwitterSemEval2015",
      "MTEB TwitterURLCorpus"
    ],
    "Performance_Metrics": {
      "accuracy": 72.8955223880597,
      "ap": 35.447605103320775,
      "f1": 66.82951715365854
    },
    "Source": "https://huggingface.co/mteb"
  },
  "Intended_Use": {
    "Task": [
      "sentence-similarity",
      "feature-extraction",
      "retrieval"
    ]
  },
  "Bias_Risks_and_Limitations": {
    "Limitations": "The fine-tuning process significantly improved performance in some tasks but degraded it in others. Notably, retrieval performance for the TRECCOVID task was adversely affected, possibly due to the fine-tuning dataset lacking substantial knowledge about COVID-19, indicating that thematic coverage of training data can impact downstream performance."
  },
  "License": "MIT"
}