{
  "Model_Description": {
    "Name": "avsolatorio/GIST-large-Embedding-v0",
    "Description": "The model is fine-tuned on top of the BAAI/bge-large-en-v1.5 using the MEDI dataset augmented with mined triplets from the MTEB Classification training dataset. It is designed for generating embeddings without requiring any instruction, allowing direct encoding of queries for retrieval tasks."
  },
  "Model_Sources": {
    "Repository": "https://huggingface.co/avsolatorio/GIST-large-Embedding-v0",
    "Paper": "https://arxiv.org/abs/2402.16829",
    "Demo": "Not provided"
  },
  "Citation": "@article{solatorio2024gistembed,\n    title={GISTEmbed: Guided In-sample Selection of Training Negatives for Text Embedding Fine-tuning},\n    author={Aivin V. Solatorio},\n    journal={arXiv preprint arXiv:2402.16829},\n    year={2024},\n    URL={https://arxiv.org/abs/2402.16829}\n    eprint={2402.16829},\n    archivePrefix={arXiv},\n    primaryClass={cs.LG}\n}",
  "Contact": {
    "Author": "Aivin V. Solatorio",
    "Email": "Not provided",
    "Community": "Not provided"
  },
  "Technical_Requirements": {
    "Software": [
      "Python",
      "sentence-transformers"
    ],
    "Hardware": {
      "CPU": "Not provided",
      "GPU": "Not provided",
      "RAM": "Not provided",
      "Storage": "Not provided"
    }
  },
  "Access_and_Distribution": {
    "Download_Link": "Not provided",
    "Model_Variants": []
  },
  "Dataset": {
    "Name": [
      "MEDI dataset",
      "MTEB Classification training dataset",
      "avsolatorio/medi-data-mteb_avs_triplets"
    ],
    "Sources": [
      "https://github.com/xlang-ai/instructor-embedding.git",
      "https://arxiv.org/abs/2212.09741",
      "https://huggingface.co/mteb",
      "https://huggingface.co/datasets/avsolatorio/medi-data-mteb_avs_triplets"
    ],
    "Description": "A compilation of the MEDI and MTEB Classification training datasets. The MEDI Dataset is for instruction-finetuned text embeddings. The compiled dataset contains a `task_type` key for selecting mteb classification tasks."
  },
  "Model_Architecture": {
    "Architecture_Type": "Not provided",
    "Base_Architecture": "BAAI/bge-large-en-v1.5",
    "Number_Parameters": "Not provided",
    "Parameters": "Not provided",
    "Input_Type": "Text",
    "Output_Type": "Embeddings"
  },
  "Training_Details": {
    "Training_Data": "avsolatorio/medi-data-mteb_avs_triplets",
    "Preprocessing": "augmented with mined triplets from the MTEB Classification training dataset (excluding data from the Amazon Polarity Classification task).",
    "Hyperparameters": {
      "Epochs": 40,
      "Warmup ratio": 0.1,
      "Learning rate": "5e-6",
      "Batch size": 16,
      "Checkpoint step": 171000,
      "Contrastive loss temperature": 0.01
    }
  },
  "Evaluation": {
    "Evaluation_Data": "MTEB Evaluation suite",
    "Performance_Metrics": "Not provided",
    "Source": "https://huggingface.co/mteb"
  },
  "Intended_Use": {
    "Task": [
      "sentence-similarity",
      "feature-extraction",
      "retrieval"
    ]
  },
  "Bias_Risks_and_Limitations": {
    "Limitations": "The MTEB Benchmark results of the GIST embedding model, compared with the base model, suggest that the fine-tuning dataset has perturbed the model considerably, which resulted in significant improvements in certain tasks while adversely degrading performance in some. The retrieval performance for the TRECCOVID task is of note. The fine-tuning dataset does not contain significant knowledge about COVID-19, which could have caused the observed performance degradation. We found some evidence, detailed in the paper, that thematic coverage of the fine-tuning data can affect downstream performance."
  },
  "License": "MIT"
}