{
  "Model_Description": {
    "Name": "bullerwins/Wan2.2-T2V-A14B-GGUF",
    "Description": "Wan2.2 is a major upgrade to foundational video models, introducing a Mixture-of-Experts (MoE) architecture for video diffusion, enhanced cinematic aesthetics, and complex motion generation. This repository contains the T2V-A14B model, supporting 5s video generation at 480P and 720P resolutions."
  },
  "Model_Sources": {
    "Repository": "https://github.com/Wan-Video/Wan2.2",
    "Paper": "https://arxiv.org/abs/2503.20314",
    "Demo": "https://cloud.video.taobao.com/vod/4szTT1B0LqXvJzmuEURfGRA-nllnqN_G2AT0ZWkQXoQ.mp4"
  },
  "Citation": "@article{wan2025,\n      title={Wan: Open and Advanced Large-Scale Video Generative Models}, \n      author={Team Wan and Ang Wang and Baole Ai and Bin Wen and Chaojie Mao and Chen-Wei Xie and Di Chen and Feiwu Yu and Haiming Zhao and Jianxiao Yang and Jianyuan Zeng and Jiayu Wang and Jingfeng Zhang and Jingren Zhou and Jinkai Wang and Jixuan Chen and Kai Zhu and Kang Zhao and Keyu Yan and Lianghua Huang and Mengyang Feng and Ningyi Zhang and Pandeng Li and Pingyu Wu and Ruihang Chu and Ruili Feng and Shiwei Zhang and Siyang Sun and Tao Fang and Tianxing Wang and Tianyi Gui and Tingyu Weng and Tong Shen and Wei Lin and Wei Wang and Wei Wang and Wenmeng Zhou and Wente Wang and Wenting Shen and Wenyuan Yu and Xianzhong Shi and Xiaoming Huang and Xin Xu and Yan Kou and Yangyu Lv and Yifei Li and Yijing Liu and Yiming Wang and Yingya Zhang and Yitong Huang and Yong Li and You Wu and Yu Liu and Yulin Pan and Yun Zheng and Yuntao Hong and Yupeng Shi and Yutong Feng and Zeyinzi Jiang and Zhen Han and Zhi-Fan Wu and Ziyu Liu},\n      journal = {arXiv preprint arXiv:2503.20314},\n      year={2025}\n}",
  "Contact": {
    "Author": [
      "Team Wan",
      "Ang Wang",
      "Baole Ai",
      "Bin Wen",
      "Chaojie Mao",
      "Chen-Wei Xie",
      "Di Chen",
      "Feiwu Yu",
      "Haiming Zhao",
      "Jianxiao Yang",
      "Jianyuan Zeng",
      "Jiayu Wang",
      "Jingfeng Zhang",
      "Jingren Zhou",
      "Jinkai Wang",
      "Jixuan Chen",
      "Kai Zhu",
      "Kang Zhao",
      "Keyu Yan",
      "Lianghua Huang",
      "Mengyang Feng",
      "Ningyi Zhang",
      "Pandeng Li",
      "Pingyu Wu",
      "Ruihang Chu",
      "Ruili Feng",
      "Shiwei Zhang",
      "Siyang Sun",
      "Tao Fang",
      "Tianxing Wang",
      "Tianyi Gui",
      "Tingyu Weng",
      "Tong Shen",
      "Wei Lin",
      "Wei Wang",
      "Wei Wang",
      "Wenmeng Zhou",
      "Wente Wang",
      "Wenting Shen",
      "Wenyuan Yu",
      "Xianzhong Shi",
      "Xiaoming Huang",
      "Xin Xu",
      "Yan Kou",
      "Yangyu Lv",
      "Yifei Li",
      "Yijing Liu",
      "Yiming Wang",
      "Yingya Zhang",
      "Yitong Huang",
      "Yong Li",
      "You Wu",
      "Yu Liu",
      "Yulin Pan",
      "Yun Zheng",
      "Yuntao Hong",
      "Yupeng Shi",
      "Yutong Feng",
      "Zeyinzi Jiang",
      "Zhen Han",
      "Zhi-Fan Wu",
      "Ziyu Liu"
    ],
    "Email": "Not provided",
    "Community": [
      "https://gw.alicdn.com/imgextra/i2/O1CN01tqjWFi1ByuyehkTSB_!!6000000000015-0-tps-611-1279.jpg",
      "https://discord.gg/AKNgpMK4Yj"
    ]
  },
  "Technical_Requirements": {
    "Software": [
      "torch >= 2.4.0",
      "huggingface_hub[cli]",
      "modelscope"
    ],
    "Hardware": {
      "CPU": "Not provided",
      "GPU": [
        "NVIDIA GeForce RTX 4090",
        "GPU with at least 80GB VRAM"
      ],
      "RAM": "Not provided",
      "Storage": "Not provided"
    }
  },
  "Access_and_Distribution": {
    "Download_Link": "Not provided",
    "Model_Variants": [
      {
        "Name": "T2V-A14B",
        "Link": "https://huggingface.co/Wan-AI/Wan2.2-T2V-A14B",
        "Type": "MoE model",
        "Size": "Not provided",
        "Notes": "Text-to-Video, supports 480P & 720P"
      },
      {
        "Name": "I2V-A14B",
        "Link": "https://huggingface.co/Wan-AI/Wan2.2-I2V-A14B",
        "Type": "MoE model",
        "Size": "Not provided",
        "Notes": "Image-to-Video, supports 480P & 720P"
      },
      {
        "Name": "TI2V-5B",
        "Link": "https://huggingface.co/Wan-AI/Wan2.2-TI2V-5B",
        "Type": "High-compression VAE",
        "Size": "Not provided",
        "Notes": "T2V+I2V, supports 720P, 24 FPS"
      }
    ]
  },
  "Dataset": {
    "Name": "Not provided",
    "Sources": "Not provided",
    "Description": "A significantly larger dataset compared to Wan2.1, including +65.6% more images and +83.2% more videos, along with meticulously curated aesthetic data with detailed labels for lighting, composition, contrast, and color tone."
  },
  "Model_Architecture": {
    "Architecture_Type": "Mixture-of-Experts (MoE) architecture, video diffusion model",
    "Base_Architecture": "Wan2.2",
    "Number_Parameters": "27B",
    "Parameters": {
      "MoE_design": "two-expert",
      "Expert_roles": "high-noise expert for early stages, low-noise expert for later stages",
      "Expert_transition": "determined by signal-to-noise ratio (SNR)",
      "VAE_compression_ratio": "4x16x16 (Wan2.2-VAE)",
      "TI2V-5B_total_compression_ratio": "4x32x32 (with additional patchification layer)"
    },
    "Input_Type": "Text, Image",
    "Output_Type": "Video"
  },
  "Training_Details": {
    "Training_Data": "Not provided",
    "Preprocessing": "Denoising process separated across timesteps with specialized expert models (high-noise for early stages, low-noise for later stages). Wan2.2-VAE achieves a 4x16x16 compression ratio, with an additional patchification layer for TI2V-5B reaching 4x32x32.",
    "Hyperparameters": "Not provided"
  },
  "Evaluation": {
    "Evaluation_Data": "Wan-Bench 2.0",
    "Performance_Metrics": "Not provided",
    "Source": "Not provided"
  },
  "Intended_Use": {
    "Task": [
      "text-to-video generation",
      "image-to-video generation",
      "text-image-to-video generation"
    ]
  },
  "Bias_Risks_and_Limitations": {
    "Limitations": "Model usage must comply with the Apache 2.0 license, avoiding content that violates applicable laws, causes harm to individuals or groups, disseminates personal information intended for harm, spreads misinformation, or targets vulnerable populations."
  },
  "License": "Apache-2.0"
}