{
  "Model_Description": {
    "Name": "chanind/frame-semantic-transformer-base",
    "Description": "Fine-tuned T5 base model for use as a frame semantic parser in the Frame Semantic Transformer project, trained on data from FrameNet 1.7."
  },
  "Model_Sources": {
    "Repository": "https://github.com/chanind/frame-semantic-transformer",
    "Paper": "Not provided",
    "Demo": "Not provided"
  },
  "Citation": "Not provided",
  "Contact": {
    "Author": "chanind",
    "Email": "Not provided",
    "Community": "Not provided"
  },
  "Technical_Requirements": {
    "Software": "Not provided",
    "Hardware": {
      "CPU": "Not provided",
      "GPU": "Not provided",
      "RAM": "Not provided",
      "Storage": "Not provided"
    }
  },
  "Access_and_Distribution": {
    "Download_Link": "Not provided",
    "Model_Variants": []
  },
  "Dataset": {
    "Name": "FrameNet 1.7",
    "Sources": "https://framenet2.icsi.berkeley.edu/",
    "Description": "Contains annotated corpora for semantic frame parsing."
  },
  "Model_Architecture": {
    "Architecture_Type": "Encoder-Decoder Transformer",
    "Base_Architecture": "T5 base",
    "Number_Parameters": "Not provided",
    "Parameters": "Not provided",
    "Input_Type": "Text",
    "Output_Type": "Text"
  },
  "Training_Details": {
    "Training_Data": "FrameNet 1.7 annotated corpora",
    "Preprocessing": "Uses the same train/dev/test splits from FrameNet 1.7 annotated corpora as used by Open Sesame.",
    "Hyperparameters": "Not provided"
  },
  "Evaluation": {
    "Evaluation_Data": "FrameNet 1.7 annotated corpora",
    "Performance_Metrics": {
      "Trigger identification F1 Score (Dev)": 0.78,
      "Trigger identification F1 Score (Test)": 0.74,
      "Frame Classification F1 Score (Dev)": 0.91,
      "Frame Classification F1 Score (Test)": 0.89,
      "Argument Extraction F1 Score (Dev)": 0.78,
      "Argument Extraction F1 Score (Test)": 0.75
    },
    "Source": "https://github.com/swabhs/open-sesame"
  },
  "Intended_Use": {
    "Task": [
      "Identify frame trigger locations in the text",
      "Classify the frame given a trigger location",
      "Extract frame elements in the sentence"
    ]
  },
  "Bias_Risks_and_Limitations": {
    "Limitations": "Not provided"
  },
  "License": "Apache-2.0"
}