{
  "Model_Description": {
    "Name": "Arki05/Grok-1-GGUF",
    "Description": "This repository contains unofficial GGUF Quantizations of Grok-1, compatible with `llama.cpp`."
  },
  "Model_Sources": {
    "Repository": "https://huggingface.co/Arki05/Grok-1-GGUF",
    "Paper": "Not provided",
    "Demo": "Not provided"
  },
  "Citation": "Not provided",
  "Contact": {
    "Author": "Arki05",
    "Email": "Not provided",
    "Community": "Not provided"
  },
  "Technical_Requirements": {
    "Software": [
      "llama.cpp"
    ],
    "Hardware": {
      "CPU": "Not provided",
      "GPU": "Not provided",
      "RAM": "Not provided",
      "Storage": "Not provided"
    }
  },
  "Access_and_Distribution": {
    "Download_Link": "Not provided",
    "Model_Variants": [
      {
        "Name": "Q2_K",
        "Link": "https://huggingface.co/Arki05/Grok-1-GGUF/resolve/main/grok-1-Q2_K-split-00001-of-00009.gguf",
        "Type": "Q2_K",
        "Size": "112.4 GB",
        "Notes": "Split into 9 files."
      },
      {
        "Name": "IQ3_XS",
        "Link": "https://huggingface.co/Arki05/Grok-1-GGUF/resolve/main/grok-1-IQ3_XS-split-00001-of-00009.gguf",
        "Type": "IQ3_XS",
        "Size": "125.4 GB",
        "Notes": "Recommended. Split into 9 files."
      },
      {
        "Name": "Q4_K",
        "Link": "https://huggingface.co/Arki05/Grok-1-GGUF/resolve/main/grok-1-Q4_K-split-00001-of-00009.gguf",
        "Type": "Q4_K",
        "Size": "186.0 GB",
        "Notes": "Split into 9 files."
      },
      {
        "Name": "Q6_K",
        "Link": "https://huggingface.co/Arki05/Grok-1-GGUF/resolve/main/grok-1-Q6_K-split-00001-of-00009.gguf",
        "Type": "Q6_K",
        "Size": "259.8 GB",
        "Notes": "Split into 9 files."
      }
    ]
  },
  "Dataset": {
    "Name": "Not provided",
    "Sources": "Not provided",
    "Description": "Not provided"
  },
  "Model_Architecture": {
    "Architecture_Type": "Not provided",
    "Base_Architecture": "Grok-1",
    "Number_Parameters": "Not provided",
    "Parameters": "Not provided",
    "Input_Type": "Not provided",
    "Output_Type": "Not provided"
  },
  "Training_Details": {
    "Training_Data": "Not provided",
    "Preprocessing": "Not provided",
    "Hyperparameters": "Not provided"
  },
  "Evaluation": {
    "Evaluation_Data": "Not provided",
    "Performance_Metrics": "Not provided",
    "Source": "Not provided"
  },
  "Intended_Use": {
    "Task": "Not provided"
  },
  "Bias_Risks_and_Limitations": {
    "Limitations": "All current quantizations are created without any importance matrix."
  },
  "License": "Apache-2.0"
}