{
  "Model_Description": {
    "Name": "cahya/bert-base-indonesian-1.5G",
    "Description": "It is a BERT-base model pre-trained with Indonesian Wikipedia and Indonesian newspapers using a masked language modeling (MLM) objective. This model is uncased."
  },
  "Model_Sources": {
    "Repository": "https://github.com/cahya-wirawan/indonesian-language-models/tree/master/Transformers",
    "Paper": "Not provided",
    "Demo": "Not provided"
  },
  "Citation": "Not provided",
  "Contact": {
    "Author": "Not provided",
    "Email": "Not provided",
    "Community": "Not provided"
  },
  "Technical_Requirements": {
    "Software": [
      "Python",
      "transformers"
    ],
    "Hardware": {
      "CPU": "Not provided",
      "GPU": "Not provided",
      "RAM": "Not provided",
      "Storage": "Not provided"
    }
  },
  "Access_and_Distribution": {
    "Download_Link": "Not provided",
    "Model_Variants": []
  },
  "Dataset": {
    "Name": [
      "wikipedia",
      "id_newspapers_2018"
    ],
    "Sources": [
      "https://huggingface.co/datasets/id_newspapers_2018"
    ],
    "Description": "522MB of Indonesian Wikipedia and 1GB of Indonesian newspapers."
  },
  "Model_Architecture": {
    "Architecture_Type": "Transformer",
    "Base_Architecture": "BERT-base",
    "Number_Parameters": "Not provided",
    "Parameters": {
      "vocabulary_size": 32000
    },
    "Input_Type": "Text",
    "Output_Type": "Text"
  },
  "Training_Details": {
    "Training_Data": [
      "indonesian Wikipedia",
      "indonesian newspapers"
    ],
    "Preprocessing": "Texts are lowercased and tokenized using WordPiece and a vocabulary size of 32,000. Inputs are of the form: `[CLS] Sentence A [SEP] Sentence B [SEP]`.",
    "Hyperparameters": "Not provided"
  },
  "Evaluation": {
    "Evaluation_Data": "Not provided",
    "Performance_Metrics": "Not provided",
    "Source": "Not provided"
  },
  "Intended_Use": {
    "Task": [
      "masked language modeling",
      "text classification",
      "text generation"
    ]
  },
  "Bias_Risks_and_Limitations": {
    "Limitations": "Not provided"
  },
  "License": "MIT"
}