{
  "Model_Description": {
    "Name": "cahya/NusaBert-ner-v1.3",
    "Description": "This model is a fine-tuned version of cahya/NusaBert-v1.3 on the grit-id/id_nergrit_corpus ner dataset. It supports a context length of 8192 and was pre-trained using ModernBERT architecture."
  },
  "Model_Sources": {
    "Repository": "https://huggingface.co/cahya/NusaBert-ner-v1.3",
    "Paper": "Not provided",
    "Demo": "Not provided"
  },
  "Citation": "Not provided",
  "Contact": {
    "Author": "Not provided",
    "Email": "Not provided",
    "Community": "Not provided"
  },
  "Technical_Requirements": {
    "Software": [
      "Transformers 4.49.0",
      "Pytorch 2.5.1+cu124",
      "Datasets 2.19.2",
      "Tokenizers 0.21.0"
    ],
    "Hardware": {
      "CPU": "Not provided",
      "GPU": "Not provided",
      "RAM": "Not provided",
      "Storage": "Not provided"
    }
  },
  "Access_and_Distribution": {
    "Download_Link": "Not provided",
    "Model_Variants": []
  },
  "Dataset": {
    "Name": "grit-id/id_nergrit_corpus",
    "Sources": "https://huggingface.co/datasets/grit-id/id_nergrit_corpus",
    "Description": "The dataset contains 19 entities: Cardinal, Date, Event, Facility, Geopolitical Entity, Law Entity, Location, Money, Political Organization, Ordinal, Organization, Person, Percent, Product, Quantity, Religion, Time, Work of Art, and Language."
  },
  "Model_Architecture": {
    "Architecture_Type": "Encoder-only Transformer",
    "Base_Architecture": "NusaBert-v1.3",
    "Number_Parameters": "Not provided",
    "Parameters": {
      "context_length": 8192
    },
    "Input_Type": "Text",
    "Output_Type": "Text"
  },
  "Training_Details": {
    "Training_Data": "grit-id/id_nergrit_corpus ner dataset",
    "Preprocessing": "Not provided",
    "Hyperparameters": {
      "learning_rate": "5e-05",
      "train_batch_size": 32,
      "eval_batch_size": 32,
      "seed": 42,
      "distributed_type": "multi-GPU",
      "num_devices": 2,
      "total_train_batch_size": 64,
      "total_eval_batch_size": 64,
      "optimizer": "adamw_torch with betas=(0.9,0.999) and epsilon=1e-08 and optimizer_args=No additional optimizer arguments",
      "lr_scheduler_type": "linear",
      "num_epochs": 3.0
    }
  },
  "Evaluation": {
    "Evaluation_Data": "grit-id/id_nergrit_corpus ner",
    "Performance_Metrics": {
      "Loss": 0.2174,
      "Precision": 0.801,
      "Recall": 0.8338,
      "F1": 0.8171,
      "Accuracy": 0.9477
    },
    "Source": "Not provided"
  },
  "Intended_Use": {
    "Task": [
      "Token Classification",
      "Named Entity Recognition"
    ]
  },
  "Bias_Risks_and_Limitations": {
    "Limitations": "Not provided"
  },
  "License": "MIT"
}