{
  "Model_Description": {
    "Name": "bdsqlsz/qinglong_controlnet-lllite",
    "Description": "This model card presents pre-trained ControlNet-LLLite models and output samples. It includes various ControlNet types for conditional image generation, such as AnimeFaceSegment, MLSD, Depth, Normal, T2i-Color/Shuffle, Lineart, Recolor, Canny, DW_OpenPose, and Tile models."
  },
  "Model_Sources": {
    "Repository": "Not provided",
    "Paper": "Not provided",
    "Demo": "Not provided"
  },
  "Citation": "Not provided",
  "Contact": {
    "Author": "bdsqlsz",
    "Email": "Not provided",
    "Community": [
      "https://www.buymeacoffee.com/bdsqlsz"
    ]
  },
  "Technical_Requirements": {
    "Software": [
      "diffusers"
    ],
    "Hardware": {
      "CPU": "Not provided",
      "GPU": "Not provided",
      "RAM": "Not provided",
      "Storage": "Not provided"
    }
  },
  "Access_and_Distribution": {
    "Download_Link": "Not provided",
    "Model_Variants": []
  },
  "Dataset": {
    "Name": "Not provided",
    "Sources": "Not provided",
    "Description": "Not provided"
  },
  "Model_Architecture": {
    "Architecture_Type": "Not provided",
    "Base_Architecture": [
      "Kohaku-XL",
      "ProtoVision XL - High Fidelity 3D",
      "juggernautXL series"
    ],
    "Number_Parameters": "Not provided",
    "Parameters": "Not provided",
    "Input_Type": [
      "Image",
      "Text"
    ],
    "Output_Type": [
      "Image"
    ]
  },
  "Training_Details": {
    "Training_Data": "Not provided",
    "Preprocessing": "Recommended preprocessing for the animeface model is Anime-Face-Segmentation.",
    "Hyperparameters": "Not provided"
  },
  "Evaluation": {
    "Evaluation_Data": "Not provided",
    "Performance_Metrics": "Not provided",
    "Source": "Not provided"
  },
  "Intended_Use": {
    "Task": [
      "conditional image generation",
      "image manipulation",
      "pose and composition transfer"
    ]
  },
  "Bias_Risks_and_Limitations": {
    "Limitations": "The Tile_Anime model's repainting effect on real photography styles is not good."
  },
  "License": "CC BY-NC-SA 4.0"
}