{
  "Model_Description": {
    "Name": "ChrisLalk/German-Emotions",
    "Description": "This model was fine-tuned on the German translation of the go_emotions dataset. It is designed to classify German text across 27 emotions (and a 'neutral' category)."
  },
  "Model_Sources": {
    "Repository": "https://huggingface.co/ChrisLalk/German-Emotions",
    "Paper": "Not provided",
    "Demo": "Not provided"
  },
  "Citation": "bibtex @article{Lalk2025EmotionDetection, \n  author = {Christopher Lalk and Kim Targan and Tobias Steinbrenner and Jana Schaffrath and Steffen Eberhardt and Brian Schwartz and Antonia Vehlen and Wolfgang Lutz and Julian Rubel}, \n  title = {Employing large language models for emotion detection in psychotherapy transcripts}, \n  journal = {Frontiers in Psychiatry}, \n  volume = {16}, \n  year = {2025}, \n  doi = {10.3389/fpsyt.2025.1504306}}",
  "Contact": {
    "Author": [
      "Christopher Lalk",
      "Kim Targan",
      "Tobias Steinbrenner",
      "Jana Schaffrath",
      "Steffen Eberhardt",
      "Brian Schwartz",
      "Antonia Vehlen",
      "Wolfgang Lutz",
      "Julian Rubel"
    ],
    "Email": "Not provided",
    "Community": "Not provided"
  },
  "Technical_Requirements": {
    "Software": [
      "pandas",
      "transformers"
    ],
    "Hardware": {
      "CPU": "Not provided",
      "GPU": "Not provided",
      "RAM": "Not provided",
      "Storage": "Not provided"
    }
  },
  "Access_and_Distribution": {
    "Download_Link": "https://huggingface.co/ChrisLalk/German-Emotions",
    "Model_Variants": []
  },
  "Dataset": {
    "Name": "GoEmotions dataset",
    "Sources": "https://huggingface.co/datasets/google-research-datasets/go_emotions",
    "Description": "The original GoEmotions dataset contains 53.4k English Reddit comments labeled with one or more emotions. For this model, the data was translated into German."
  },
  "Model_Architecture": {
    "Architecture_Type": "Encoder-only Transformer",
    "Base_Architecture": "FacebookAI/xlm-roberta-base",
    "Number_Parameters": "270M",
    "Parameters": "Not provided",
    "Input_Type": "Text",
    "Output_Type": "Text"
  },
  "Training_Details": {
    "Training_Data": "German translation of the GoEmotions dataset",
    "Preprocessing": "Original GoEmotions dataset (53.4k English Reddit comments) translated into German.",
    "Hyperparameters": {
      "Epochs": 10,
      "learning_rate": "3e-5",
      "weight_decay": 0.01
    }
  },
  "Evaluation": {
    "Evaluation_Data": "German translation of the GoEmotions dataset",
    "Performance_Metrics": {
      "accuracy": 0.41,
      "f1": 0.45,
      "kappa": 0.42
    },
    "Source": "Not provided"
  },
  "Intended_Use": {
    "Task": [
      "Text classification",
      "Emotion detection"
    ]
  },
  "Bias_Risks_and_Limitations": {
    "Limitations": "Not provided"
  },
  "License": "Apache-2.0"
}