{
  "Model_Description": {
    "Name": "amunchet/rorshark-vit-base",
    "Description": "This model is a fine-tuned version of google/vit-base-patch16-224-in21k on the imagefolder dataset."
  },
  "Model_Sources": {
    "Repository": "https://huggingface.co/amunchet/rorshark-vit-base",
    "Paper": "Not provided",
    "Demo": "Not provided"
  },
  "Citation": "Not provided",
  "Contact": {
    "Author": "Not provided",
    "Email": "Not provided",
    "Community": "Not provided"
  },
  "Technical_Requirements": {
    "Software": [
      "Transformers 4.36.0.dev0",
      "Pytorch 2.1.1+cu118",
      "Datasets 2.15.0",
      "Tokenizers 0.15.0"
    ],
    "Hardware": {
      "CPU": "Not provided",
      "GPU": "Not provided",
      "RAM": "Not provided",
      "Storage": "Not provided"
    }
  },
  "Access_and_Distribution": {
    "Download_Link": "Not provided",
    "Model_Variants": []
  },
  "Dataset": {
    "Name": "imagefolder",
    "Sources": "Not provided",
    "Description": "Not provided"
  },
  "Model_Architecture": {
    "Architecture_Type": "Vision Transformer",
    "Base_Architecture": "google/vit-base-patch16-224-in21k",
    "Number_Parameters": "Not provided",
    "Parameters": "Not provided",
    "Input_Type": "Image",
    "Output_Type": "Text"
  },
  "Training_Details": {
    "Training_Data": "imagefolder",
    "Preprocessing": "Not provided",
    "Hyperparameters": {
      "learning_rate": "2e-05",
      "train_batch_size": 8,
      "eval_batch_size": 8,
      "seed": 1337,
      "optimizer": "Adam with betas=(0.9,0.999) and epsilon=1e-08",
      "lr_scheduler_type": "linear",
      "num_epochs": 5.0
    }
  },
  "Evaluation": {
    "Evaluation_Data": "imagefolder",
    "Performance_Metrics": {
      "Loss": 0.0393,
      "Accuracy": 0.9923
    },
    "Source": "Not provided"
  },
  "Intended_Use": {
    "Task": [
      "image-classification"
    ]
  },
  "Bias_Risks_and_Limitations": {
    "Limitations": "Not provided"
  },
  "License": "Apache-2.0"
}