{
  "Model_Description": {
    "Name": "alimama-creative/FLUX.1-Turbo-Alpha",
    "Description": "This model is an 8-step distilled Lora checkpoint, trained based on the FLUX.1-dev model. It uses a multi-head discriminator to improve distill quality and can be used for Text-to-Image, inpainting controlnet, and other FLUX-related models."
  },
  "Model_Sources": {
    "Repository": "https://huggingface.co/black-forest-labs/FLUX.1-dev",
    "Paper": "Not provided",
    "Demo": "Not provided"
  },
  "Citation": "Not provided",
  "Contact": {
    "Author": "AlimamaCreative Team",
    "Email": "Not provided",
    "Community": "Not provided"
  },
  "Technical_Requirements": {
    "Software": [
      "torch",
      "diffusers"
    ],
    "Hardware": {
      "CPU": "Not provided",
      "GPU": "Not provided",
      "RAM": "Not provided",
      "Storage": "Not provided"
    }
  },
  "Access_and_Distribution": {
    "Download_Link": "",
    "Model_Variants": [
      {
        "Name": "FLUX.1-Turbo-Alpha",
        "Link": "https://huggingface.co/alimama-creative/FLUX.1-Turbo-Alpha",
        "Type": "8-step distilled Lora",
        "Size": "Not provided",
        "Notes": "Can be used for T2I, inpainting controlnet and other FLUX related models. Recommended guidance_scale=3.5 and lora_scale=1."
      }
    ]
  },
  "Dataset": {
    "Name": "1M open source and internal sources images",
    "Sources": "Not provided",
    "Description": "Images with an aesthetic score of 6.3+ and resolution greater than 800."
  },
  "Model_Architecture": {
    "Architecture_Type": "Transformer",
    "Base_Architecture": "FLUX.1-dev",
    "Number_Parameters": "Not provided",
    "Parameters": "Not provided",
    "Input_Type": "Text",
    "Output_Type": "Image"
  },
  "Training_Details": {
    "Training_Data": "1M open source and internal sources images",
    "Preprocessing": "Images selected with aesthetic 6.3+ and resolution greater than 800.",
    "Hyperparameters": {
      "Mixed precision": "bf16",
      "Learning rate": "2e-5",
      "Batch size": 64,
      "Image size": "1024x1024",
      "guidance scale": 3.5,
      "time shift": 3
    }
  },
  "Evaluation": {
    "Evaluation_Data": "Not provided",
    "Performance_Metrics": "Not provided",
    "Source": "Not provided"
  },
  "Intended_Use": {
    "Task": [
      "Text-to-Image",
      "inpainting controlnet"
    ]
  },
  "Bias_Risks_and_Limitations": {
    "Limitations": "Not provided"
  },
  "License": "flux-1-dev-non-commercial-license"
}