{
  "Model_Description": {
    "Name": "CohereLabs/aya-23-8B",
    "Description": "Aya 23 is an open weights research release of an instruction fine-tuned model with highly advanced multilingual capabilities, serving 23 languages."
  },
  "Model_Sources": {
    "Repository": "https://huggingface.co/CohereLabs/aya-23-8B",
    "Paper": "https://cohere.com/research/papers/aya-command-23-8b-and-35b-technical-report-2024-05-23",
    "Demo": "https://huggingface.co/spaces/CohereLabs/aya-23"
  },
  "Citation": "@misc{aryabumi2024aya,\n      title={Aya 23: Open Weight Releases to Further Multilingual Progress}, \n      author={Viraat Aryabumi and John Dang and Dwarak Talupuru and Saurabh Dash and David Cairuz and Hangyu Lin and Bharat Venkitesh and Madeline Smith and Kelly Marchisio and Sebastian Ruder and Acyr Locatelli and Julia Kreutzer and Nick Frosst and Phil Blunsom and Marzieh Fadaee and Ahmet Üstün and Sara Hooker},\n      year={2024},\n      eprint={2405.15032},\n      archivePrefix={arXiv},\n      primaryClass={cs.CL}\n}",
  "Contact": {
    "Author": [
      "Viraat Aryabumi",
      "John Dang",
      "Dwarak Talupuru",
      "Saurabh Dash",
      "David Cairuz",
      "Hangyu Lin",
      "Bharat Venkitesh",
      "Madeline Smith",
      "Kelly Marchisio",
      "Sebastian Ruder",
      "Acyr Locatelli",
      "Julia Kreutzer",
      "Nick Frosst",
      "Phil Blunsom",
      "Marzieh Fadaee",
      "Ahmet Üstün",
      "Sara Hooker"
    ],
    "Email": "labs@cohere.com",
    "Community": "Not provided"
  },
  "Technical_Requirements": {
    "Software": [
      "transformers==4.41.1"
    ],
    "Hardware": {
      "CPU": "Not provided",
      "GPU": "Not provided",
      "RAM": "Not provided",
      "Storage": "Not provided"
    }
  },
  "Access_and_Distribution": {
    "Download_Link": "Not provided",
    "Model_Variants": [
      {
        "Name": "aya-23-35B",
        "Link": "https://huggingface.co/CohereLabs/aya-23-35B",
        "Type": "Not provided",
        "Size": "Not provided",
        "Notes": "Not provided"
      }
    ]
  },
  "Dataset": {
    "Name": "Aya Collection",
    "Sources": "https://huggingface.co/datasets/CohereLabs/aya_collection",
    "Description": "Dataset used for instruction fine-tuning a multilingual large language model."
  },
  "Model_Architecture": {
    "Architecture_Type": "Auto-regressive Transformer",
    "Base_Architecture": "Command family",
    "Number_Parameters": "8B",
    "Parameters": {
      "context_length": 8192
    },
    "Input_Type": "Text",
    "Output_Type": "Text"
  },
  "Training_Details": {
    "Training_Data": "Aya Collection",
    "Preprocessing": "Not provided",
    "Hyperparameters": "Not provided"
  },
  "Evaluation": {
    "Evaluation_Data": "Not provided",
    "Performance_Metrics": "Not provided",
    "Source": "https://cohere.com/research/papers/aya-command-23-8b-and-35b-technical-report-2024-05-23"
  },
  "Intended_Use": {
    "Task": [
      "Text Generation",
      "Instruction Following",
      "Multilingual Text Processing"
    ]
  },
  "Bias_Risks_and_Limitations": {
    "Limitations": "Not provided"
  },
  "License": "CC-BY-NC 4.0"
}