{
  "Model_Description": {
    "Name": "angusleung100/bad-anatomy-realism-classifier",
    "Description": "A finetuned Vision Transformer model for classifying AI-generated pictures for bad anatomy and realism. Its purpose is to detect anatomy issues and determine true realism versus AI realism in images."
  },
  "Model_Sources": {
    "Repository": "https://github.com/angusleung100/barc-finetuning-gh",
    "Paper": "Not provided",
    "Demo": "Not provided"
  },
  "Citation": "Not provided",
  "Contact": {
    "Author": "angusleung100",
    "Email": "Not provided",
    "Community": [
      "https://twitter.com/angusleung100",
      "https://github.com/angusleung100"
    ]
  },
  "Technical_Requirements": {
    "Software": "transformers",
    "Hardware": {
      "CPU": "Not provided",
      "GPU": "Not provided",
      "RAM": "Not provided",
      "Storage": "Not provided"
    }
  },
  "Access_and_Distribution": {
    "Download_Link": "Not provided",
    "Model_Variants": []
  },
  "Dataset": {
    "Name": "Not provided",
    "Sources": "https://civitai.com/models/25494?modelVersionId=113479",
    "Description": "A custom dataset of 134 AI-generated images, primarily from Stable Diffusion v1.5 using the Beautiful Realistic Asians v6 checkpoint. Images are labeled for 'Bad / Good Anatomy' (deformed body parts, extra limbs) and 'Realistic vs. Unrealistic' (based on first glance reaction, lighting, skin/hair detail, and photography style)."
  },
  "Model_Architecture": {
    "Architecture_Type": "Vision Transformer",
    "Base_Architecture": "google/vit-base-patch16-224-in21k",
    "Number_Parameters": "Not provided",
    "Parameters": "Not provided",
    "Input_Type": "Image",
    "Output_Type": "Classification Label"
  },
  "Training_Details": {
    "Training_Data": "Not provided",
    "Preprocessing": "Images were generated using Stable Diffusion v1.5 with the Beautiful Realistic Asians v6 checkpoint. A default data collator was used. Images were manually labeled based on criteria for 'Bad / Good Anatomy' (deformed body parts, extra limbs) and 'Realistic vs. Unrealistic' (first glance reaction, lighting, skin/hair, photography style).",
    "Hyperparameters": "Not provided"
  },
  "Evaluation": {
    "Evaluation_Data": "Not provided",
    "Performance_Metrics": {
      "Accuracy": 0.6341,
      "F1": 0.513,
      "Loss": 0.8219,
      "Precision": 0.464,
      "Recall": 0.6341
    },
    "Source": "https://nbviewer.org/github/angusleung100/barc-finetuning-gh/blob/main/Bad_Anatomy_and_Realism_Classification_Model_Initial_Fine_Tune.ipynb"
  },
  "Intended_Use": {
    "Task": [
      "image classification",
      "bad anatomy detection",
      "AI realism detection"
    ]
  },
  "Bias_Risks_and_Limitations": {
    "Limitations": "The model was trained on a small dataset of only 134 images, primarily generated from Stable Diffusion v1.5 using the Beautiful Realistic Asians v6 checkpoint, leading to low performance (64.41% accuracy) and potential bias towards images conforming to these characteristics."
  },
  "License": "Not provided"
}