{
  "Model_Description": {
    "Name": "abacusai/Smaug-Mixtral-v0.1",
    "Description": "This model is part of the Smaug series of finetuned models, based on Mixtral-8x7B-v0.1. It uses a new fine-tuning technique called DPO-Positive (DPOP) to improve performance across various datasets and downstream tasks, especially in scenarios with low edit distance between completions."
  },
  "Model_Sources": {
    "Repository": "https://huggingface.co/mistralai/Mixtral-8x7B-v0.1",
    "Paper": "https://arxiv.org/abs/2402.13228",
    "Demo": "Not provided"
  },
  "Citation": "Not provided",
  "Contact": {
    "Author": "Not provided",
    "Email": "Not provided",
    "Community": "Not provided"
  },
  "Technical_Requirements": {
    "Software": "Not provided",
    "Hardware": {
      "CPU": "Not provided",
      "GPU": "Not provided",
      "RAM": "Not provided",
      "Storage": "Not provided"
    }
  },
  "Access_and_Distribution": {
    "Download_Link": "Not provided",
    "Model_Variants": []
  },
  "Dataset": {
    "Name": "ARC, HellaSwag, MetaMath",
    "Sources": "Not provided",
    "Description": "Not provided"
  },
  "Model_Architecture": {
    "Architecture_Type": "Decoder-only Transformer",
    "Base_Architecture": "Mixtral-8x7B-v0.1",
    "Number_Parameters": "Not provided",
    "Parameters": "Not provided",
    "Input_Type": "Not provided",
    "Output_Type": "Not provided"
  },
  "Training_Details": {
    "Training_Data": "pairwise preference versions of ARC, HellaSwag, and MetaMath",
    "Preprocessing": "Not provided",
    "Hyperparameters": "Not provided"
  },
  "Evaluation": {
    "Evaluation_Data": "ARC, HellaSwag, MMLU, TruthfulQA, Winogrande, GSM8K",
    "Performance_Metrics": {
      "Average": 75.12,
      "ARC": 74.91,
      "HellaSwag": 87.7,
      "MMLU": 70.16,
      "TruthfulQA": 65.96,
      "Winogrande": 81.61,
      "GSM8K": 70.36
    },
    "Source": "Not provided"
  },
  "Intended_Use": {
    "Task": [
      "text generation",
      "mathematical reasoning"
    ]
  },
  "Bias_Risks_and_Limitations": {
    "Limitations": "Not provided"
  },
  "License": "Apache-2.0"
}