{
  "Model_Description": {
    "Name": "abacusai/Smaug-34B-v0.1",
    "Description": "This model, Smaug-34B-v0.1, is a finetune of jondurbin's bagel-34b-v0.2 model, developed using a new fine-tuning technique called DPO-Positive (DPOP). DPOP aims to fix failure modes of standard DPO loss, particularly in math-based datasets, and has shown to outperform DPO across various downstream tasks."
  },
  "Model_Sources": {
    "Repository": "https://huggingface.co/jondurbin/bagel-34b-v0.2",
    "Paper": "https://arxiv.org/abs/2402.13228",
    "Demo": "Not provided"
  },
  "Citation": "@article{pal2024smaug,\n  title={Smaug: Fixing Failure Modes of Preference Optimisation with DPO-Positive},\n  author={Pal, Arka and Karkhanis, Deep and Dooley, Samuel and Roberts, Manley and Naidu, Siddartha and White, Colin},\n  journal={arXiv preprint arXiv:2402.13228},\n  year={2024}\n}",
  "Contact": {
    "Author": [
      "Pal, Arka",
      "Karkhanis, Deep",
      "Dooley, Samuel",
      "Roberts, Manley",
      "Naidu, Siddartha",
      "White, Colin"
    ],
    "Email": "Not provided",
    "Community": "Not provided"
  },
  "Technical_Requirements": {
    "Software": "Not provided",
    "Hardware": {
      "CPU": "Not provided",
      "GPU": "Not provided",
      "RAM": "Not provided",
      "Storage": "Not provided"
    }
  },
  "Access_and_Distribution": {
    "Download_Link": "Not provided",
    "Model_Variants": []
  },
  "Dataset": {
    "Name": [
      "ARC",
      "HellaSwag",
      "MetaMath",
      "MMLU",
      "TruthfulQA",
      "Winogrande",
      "GSM8K"
    ],
    "Sources": "Not provided",
    "Description": "Not provided"
  },
  "Model_Architecture": {
    "Architecture_Type": "Not provided",
    "Base_Architecture": "bagel-34b-v0.2",
    "Number_Parameters": "34B",
    "Parameters": "Not provided",
    "Input_Type": "Not provided",
    "Output_Type": "Not provided"
  },
  "Training_Details": {
    "Training_Data": "pairwise preference versions of ARC, HellaSwag, and MetaMath",
    "Preprocessing": "Not provided",
    "Hyperparameters": "Not provided"
  },
  "Evaluation": {
    "Evaluation_Data": [
      "ARC",
      "HellaSwag",
      "MMLU",
      "TruthfulQA",
      "Winogrande",
      "GSM8K"
    ],
    "Performance_Metrics": {
      "Average": 77.29,
      "ARC": 74.23,
      "HellaSwag": 86.76,
      "MMLU": 76.66,
      "TruthfulQA": 70.22,
      "Winogrande": 83.66,
      "GSM8K": 72.18
    },
    "Source": "Not provided"
  },
  "Intended_Use": {
    "Task": [
      "Language Understanding",
      "Reasoning",
      "Math Problem Solving"
    ]
  },
  "Bias_Risks_and_Limitations": {
    "Limitations": "Not provided"
  },
  "License": "Apache-2.0"
}