{
  "Model_Description": {
    "Name": "biu-nlp/f-coref",
    "Description": "F-Coref is a model designed for fast, accurate, and easy-to-use coreference resolution. It achieves high processing speed through distillation from the LingMess model and an efficient batching implementation using a technique called leftover."
  },
  "Model_Sources": {
    "Repository": "https://github.com/shon-otmazgin/fastcoref",
    "Paper": "https://arxiv.org/abs/2209.04280",
    "Demo": "Not provided"
  },
  "Citation": "@inproceedings{Otmazgin2022FcorefFA,\n  title={F-coref: Fast, Accurate and Easy to Use Coreference Resolution},\n  author={Shon Otmazgin and Arie Cattan and Yoav Goldberg},\n  booktitle={AACL},\n  year={2022}\n}",
  "Contact": {
    "Author": [
      "Shon Otmazgin",
      "Arie Cattan",
      "Yoav Goldberg"
    ],
    "Email": "Not provided",
    "Community": "Not provided"
  },
  "Technical_Requirements": {
    "Software": "Not provided",
    "Hardware": {
      "CPU": "Not provided",
      "GPU": "NVIDIA Tesla V100 SXM2",
      "RAM": "Not provided",
      "Storage": "Not provided"
    }
  },
  "Access_and_Distribution": {
    "Download_Link": "Not provided",
    "Model_Variants": []
  },
  "Dataset": {
    "Name": [
      "multi_news",
      "ontonotes"
    ],
    "Sources": "Not provided",
    "Description": "Not provided"
  },
  "Model_Architecture": {
    "Architecture_Type": "Not provided",
    "Base_Architecture": "Not provided",
    "Number_Parameters": "Not provided",
    "Parameters": "Not provided",
    "Input_Type": "Text",
    "Output_Type": "Text"
  },
  "Training_Details": {
    "Training_Data": [
      "multi_news",
      "ontonotes"
    ],
    "Preprocessing": "Not provided",
    "Hyperparameters": "Not provided"
  },
  "Evaluation": {
    "Evaluation_Data": "ontonotes",
    "Performance_Metrics": {
      "Avg. F1": 78.5
    },
    "Source": "Not provided"
  },
  "Intended_Use": {
    "Task": [
      "coreference-resolution"
    ]
  },
  "Bias_Risks_and_Limitations": {
    "Limitations": "Not provided"
  },
  "License": "mit"
}