{
  "Model_Description": {
    "Name": "biu-nlp/lingmess-coref",
    "Description": "LingMess is a linguistically motivated categorization of mention-pairs into 6 types of coreference decisions and learn a dedicated trainable scoring function for each category. This significantly improves the accuracy of the pairwise scorer as well as of the overall coreference performance on the English Ontonotes coreference corpus."
  },
  "Model_Sources": {
    "Repository": "https://github.com/shon-otmazgin/lingmess-coref",
    "Paper": "https://arxiv.org/abs/2205.12644",
    "Demo": "Not provided"
  },
  "Citation": "@misc{https://doi.org/10.48550/arxiv.2205.12644,\n  doi = {10.48550/ARXIV.2205.12644},\n  url = {https://arxiv.org/abs/2205.12644},\n  author = {Otmazgin, Shon and Cattan, Arie and Goldberg, Yoav},\n  keywords = {Computation and Language (cs.CL), FOS: Computer and information sciences, FOS: Computer and information sciences},\n  title = {LingMess: Linguistically Informed Multi Expert Scorers for Coreference Resolution},\n  publisher = {arXiv}, \n  year = {2022}, \n  copyright = {Creative Commons Attribution 4.0 International}\n}",
  "Contact": {
    "Author": [
      "Otmazgin, Shon",
      "Cattan, Arie",
      "Goldberg, Yoav"
    ],
    "Email": "Not provided",
    "Community": "Not provided"
  },
  "Technical_Requirements": {
    "Software": "Not provided",
    "Hardware": {
      "CPU": "Not provided",
      "GPU": "Not provided",
      "RAM": "Not provided",
      "Storage": "Not provided"
    }
  },
  "Access_and_Distribution": {
    "Download_Link": "Not provided",
    "Model_Variants": []
  },
  "Dataset": {
    "Name": "OntoNotes 5.0",
    "Sources": "Not provided",
    "Description": "Not provided"
  },
  "Model_Architecture": {
    "Architecture_Type": "Linguistically Informed Multi Expert Scorers",
    "Base_Architecture": "Longformer-large",
    "Number_Parameters": "Not provided",
    "Parameters": "Not provided",
    "Input_Type": "Text",
    "Output_Type": "Text"
  },
  "Training_Details": {
    "Training_Data": "OntoNotes",
    "Preprocessing": "Not provided",
    "Hyperparameters": "Not provided"
  },
  "Evaluation": {
    "Evaluation_Data": "OntoNotes 5.0 dataset",
    "Performance_Metrics": {
      "Avg. F1": 81.4
    },
    "Source": "Not provided"
  },
  "Intended_Use": {
    "Task": [
      "coreference-resolution"
    ]
  },
  "Bias_Risks_and_Limitations": {
    "Limitations": "Not provided"
  },
  "License": "mit"
}