{
  "Model_Description": {
    "Name": "ChristianAzinn/bge-small-en-v1.5-gguf",
    "Description": "This repository contains GGUF format files for the bge-small-en-v1.5 embedding model, which were converted and quantized using llama.cpp on an RTX 4090."
  },
  "Model_Sources": {
    "Repository": "https://huggingface.co/BAAI/bge-small-en-v1.5",
    "Paper": "Not provided",
    "Demo": "Not provided"
  },
  "Citation": "Not provided",
  "Contact": {
    "Author": "ChristianAzinn",
    "Email": "Not provided",
    "Community": "Not provided"
  },
  "Technical_Requirements": {
    "Software": [
      "llama.cpp",
      "LM Studio 0.2.19"
    ],
    "Hardware": {
      "CPU": "Not provided",
      "GPU": "NVIDIA RTX 4090",
      "RAM": "Not provided",
      "Storage": "Not provided"
    }
  },
  "Access_and_Distribution": {
    "Download_Link": "",
    "Model_Variants": [
      {
        "Name": "bge-small-en-v1.5.Q2_K.gguf",
        "Link": "https://huggingface.co/ChristianAzinn/bge-small-en-v1.5-gguf/blob/main/bge-small-en-v1.5.Q2_K.gguf",
        "Type": "Q2_K",
        "Size": "25.3 MB",
        "Notes": "smallest, significant quality loss - not recommended for most purposes"
      },
      {
        "Name": "bge-small-en-v1.5.Q3_K_S.gguf",
        "Link": "https://huggingface.co/ChristianAzinn/bge-small-en-v1.5-gguf/blob/main/bge-small-en-v1.5.Q3_K_S.gguf",
        "Type": "Q3_K_S",
        "Size": "25.3 MB",
        "Notes": "very small, high quality loss"
      },
      {
        "Name": "bge-small-en-v1.5.Q3_K_M.gguf",
        "Link": "https://huggingface.co/ChristianAzinn/bge-small-en-v1.5-gguf/blob/main/bge-small-en-v1.5.Q3_K_M.gguf",
        "Type": "Q3_K_M",
        "Size": "26.7 MB",
        "Notes": "very small, high quality loss"
      },
      {
        "Name": "bge-small-en-v1.5.Q3_K_L.gguf",
        "Link": "https://huggingface.co/ChristianAzinn/bge-small-en-v1.5-gguf/blob/main/bge-small-en-v1.5.Q3_K_L.gguf",
        "Type": "Q3_K_L",
        "Size": "27.7 MB",
        "Notes": "small, substantial quality loss"
      },
      {
        "Name": "bge-small-en-v1.5.Q4_0.gguf",
        "Link": "https://huggingface.co/ChristianAzinn/bge-small-en-v1.5-gguf/blob/main/bge-small-en-v1.5.Q4_0.gguf",
        "Type": "Q4_0",
        "Size": "26.2 MB",
        "Notes": "legacy; small, very high quality loss - prefer using Q3_K_M"
      },
      {
        "Name": "bge-small-en-v1.5.Q4_K_S.gguf",
        "Link": "https://huggingface.co/ChristianAzinn/bge-small-en-v1.5-gguf/blob/main/bge-small-en-v1.5.Q4_K_S.gguf",
        "Type": "Q4_K_S",
        "Size": "28.2 MB",
        "Notes": "small, greater quality loss"
      },
      {
        "Name": "bge-small-en-v1.5.Q4_K_M.gguf",
        "Link": "https://huggingface.co/ChristianAzinn/bge-small-en-v1.5-gguf/blob/main/bge-small-en-v1.5.Q4_K_M.gguf",
        "Type": "Q4_K_M",
        "Size": "29.2 MB",
        "Notes": "medium, balanced quality - recommended"
      },
      {
        "Name": "bge-small-en-v1.5.Q5_0.gguf",
        "Link": "https://huggingface.co/ChristianAzinn/bge-small-en-v1.5-gguf/blob/main/bge-small-en-v1.5.Q5_0.gguf",
        "Type": "Q5_0",
        "Size": "28.8 MB",
        "Notes": "legacy; medium, balanced quality - prefer using Q4_K_M"
      },
      {
        "Name": "bge-small-en-v1.5.Q5_K_S.gguf",
        "Link": "https://huggingface.co/ChristianAzinn/bge-small-en-v1.5-gguf/blob/main/bge-small-en-v1.5.Q5_K_S.gguf",
        "Type": "Q5_K_S",
        "Size": "29.7 MB",
        "Notes": "large, low quality loss - recommended"
      },
      {
        "Name": "bge-small-en-v1.5.Q5_K_M.gguf",
        "Link": "https://huggingface.co/ChristianAzinn/bge-small-en-v1.5-gguf/blob/main/bge-small-en-v1.5.Q5_K_M.gguf",
        "Type": "Q5_K_M",
        "Size": "30.5 MB",
        "Notes": "large, very low quality loss - recommended"
      },
      {
        "Name": "bge-small-en-v1.5.Q6_K.gguf",
        "Link": "https://huggingface.co/ChristianAzinn/bge-small-en-v1.5-gguf/blob/main/bge-small-en-v1.5.Q6_K.gguf",
        "Type": "Q6_K",
        "Size": "35.1 MB",
        "Notes": "very large, extremely low quality loss"
      },
      {
        "Name": "bge-small-en-v1.5.Q8_0.gguf",
        "Link": "https://huggingface.co/ChristianAzinn/bge-small-en-v1.5-gguf/blob/main/bge-small-en-v1.5.Q8_0.gguf",
        "Type": "Q8_0",
        "Size": "36.8 MB",
        "Notes": "very large, extremely low quality loss - recommended"
      },
      {
        "Name": "bge-small-en-v1.5_fp16.gguf",
        "Link": "https://huggingface.co/ChristianAzinn/bge-small-en-v1.5-gguf/blob/main/bge-small-en-v1.5_fp16.gguf",
        "Type": "FP16",
        "Size": "67.3 MB",
        "Notes": "enormous, pretty much the original model - not recommended"
      },
      {
        "Name": "bge-small-en-v1.5_fp32.gguf",
        "Link": "https://huggingface.co/ChristianAzinn/bge-small-en-v1.5-gguf/blob/main/bge-small-en-v1.5_fp32.gguf",
        "Type": "FP32",
        "Size": "134 MB",
        "Notes": "enormous, pretty much the original model - not recommended"
      }
    ]
  },
  "Dataset": {
    "Name": "Not provided",
    "Sources": "Not provided",
    "Description": "Not provided"
  },
  "Model_Architecture": {
    "Architecture_Type": "Encoder-only Transformer",
    "Base_Architecture": "bge-small-en-v1.5",
    "Number_Parameters": "Not provided",
    "Parameters": {
      "context_length": 512
    },
    "Input_Type": "Text",
    "Output_Type": "Embeddings"
  },
  "Training_Details": {
    "Training_Data": "Not provided",
    "Preprocessing": "Not provided",
    "Hyperparameters": "Not provided"
  },
  "Evaluation": {
    "Evaluation_Data": "Not provided",
    "Performance_Metrics": "Not provided",
    "Source": "Not provided"
  },
  "Intended_Use": {
    "Task": [
      "Text Embedding",
      "Feature Extraction",
      "Sentence Similarity"
    ]
  },
  "Bias_Risks_and_Limitations": {
    "Limitations": "Lower quantization methods result in significant to high quality loss. Larger file sizes (FP16/FP32) are generally not recommended due to their enormous size, implying a trade-off between model size/performance and quality."
  },
  "License": "MIT"
}