{
  "Model_Description": {
    "Name": "ChristianAzinn/mxbai-embed-large-v1-gguf",
    "Description": "This repository contains GGUF format files for the mxbai-embed-large-v1 embedding model. These files were converted and quantized from the original model and support up to 512 tokens of context."
  },
  "Model_Sources": {
    "Repository": "https://huggingface.co/mixedbread-ai/mxbai-embed-large-v1",
    "Paper": "https://arxiv.org/abs/2309.12871",
    "Demo": "Not provided"
  },
  "Citation": "Not provided",
  "Contact": {
    "Author": [
      "ChristianAzinn",
      "MixedBread AI"
    ],
    "Email": "Not provided",
    "Community": "Not provided"
  },
  "Technical_Requirements": {
    "Software": [
      "llama.cpp",
      "LM Studio 0.2.19"
    ],
    "Hardware": {
      "CPU": "Not provided",
      "GPU": "NVIDIA RTX 4090",
      "RAM": "Not provided",
      "Storage": "Not provided"
    }
  },
  "Access_and_Distribution": {
    "Download_Link": "",
    "Model_Variants": [
      {
        "Name": "mxbai-embed-large-v1.Q2_K.gguf",
        "Link": "https://huggingface.co/ChristianAzinn/mxbai-embed-large-v1-gguf/blob/main/mxbai-embed-large-v1.Q2_K.gguf",
        "Type": "Q2_K",
        "Size": "144 MB",
        "Notes": "smallest, significant quality loss - not recommended for most purposes"
      },
      {
        "Name": "mxbai-embed-large-v1.Q3_K_S.gguf",
        "Link": "https://huggingface.co/ChristianAzinn/mxbai-embed-large-v1-gguf/blob/main/mxbai-embed-large-v1.Q3_K_S.gguf",
        "Type": "Q3_K_S",
        "Size": "160 MB",
        "Notes": "very small, high quality loss"
      },
      {
        "Name": "mxbai-embed-large-v1.Q3_K_M.gguf",
        "Link": "https://huggingface.co/ChristianAzinn/mxbai-embed-large-v1-gguf/blob/main/mxbai-embed-large-v1.Q3_K_M.gguf",
        "Type": "Q3_K_M",
        "Size": "181 MB",
        "Notes": "very small, high quality loss"
      },
      {
        "Name": "mxbai-embed-large-v1.Q3_K_L.gguf",
        "Link": "https://huggingface.co/ChristianAzinn/mxbai-embed-large-v1-gguf/blob/main/mxbai-embed-large-v1.Q3_K_L.gguf",
        "Type": "Q3_K_L",
        "Size": "198 MB",
        "Notes": "small, substantial quality loss"
      },
      {
        "Name": "mxbai-embed-large-v1.Q4_0.gguf",
        "Link": "https://huggingface.co/ChristianAzinn/mxbai-embed-large-v1-gguf/blob/main/mxbai-embed-large-v1.Q4_0.gguf",
        "Type": "Q4_0",
        "Size": "200 MB",
        "Notes": "legacy; small, very high quality loss - prefer using Q3_K_M"
      },
      {
        "Name": "mxbai-embed-large-v1.Q4_K_S.gguf",
        "Link": "https://huggingface.co/ChristianAzinn/mxbai-embed-large-v1-gguf/blob/main/mxbai-embed-large-v1.Q4_K_S.gguf",
        "Type": "Q4_K_S",
        "Size": "203 MB",
        "Notes": "small, greater quality loss"
      },
      {
        "Name": "mxbai-embed-large-v1.Q4_K_M.gguf",
        "Link": "https://huggingface.co/ChristianAzinn/mxbai-embed-large-v1-gguf/blob/main/mxbai-embed-large-v1.Q4_K_M.gguf",
        "Type": "Q4_K_M",
        "Size": "216 MB",
        "Notes": "medium, balanced quality - recommended"
      },
      {
        "Name": "mxbai-embed-large-v1.Q5_0.gguf",
        "Link": "https://huggingface.co/ChristianAzinn/mxbai-embed-large-v1-gguf/blob/main/mxbai-embed-large-v1.Q5_0.gguf",
        "Type": "Q5_0",
        "Size": "237 MB",
        "Notes": "legacy; medium, balanced quality - prefer using Q4_K_M"
      },
      {
        "Name": "mxbai-embed-large-v1.Q5_K_S.gguf",
        "Link": "https://huggingface.co/ChristianAzinn/mxbai-embed-large-v1-gguf/blob/main/mxbai-embed-large-v1.Q5_K_S.gguf",
        "Type": "Q5_K_S",
        "Size": "237 MB",
        "Notes": "large, low quality loss - recommended"
      },
      {
        "Name": "mxbai-embed-large-v1.Q5_K_M.gguf",
        "Link": "https://huggingface.co/ChristianAzinn/mxbai-embed-large-v1-gguf/blob/main/mxbai-embed-large-v1.Q5_K_M.gguf",
        "Type": "Q5_K_M",
        "Size": "246 MB",
        "Notes": "large, very low quality loss - recommended"
      },
      {
        "Name": "mxbai-embed-large-v1.Q6_K.gguf",
        "Link": "https://huggingface.co/ChristianAzinn/mxbai-embed-large-v1-gguf/blob/main/mxbai-embed-large-v1.Q6_K.gguf",
        "Type": "Q6_K",
        "Size": "278 MB",
        "Notes": "very large, extremely low quality loss"
      },
      {
        "Name": "mxbai-embed-large-v1.Q8_0.gguf",
        "Link": "https://huggingface.co/ChristianAzinn/mxbai-embed-large-v1-gguf/blob/main/mxbai-embed-large-v1.Q8_0.gguf",
        "Type": "Q8_0",
        "Size": "358 MB",
        "Notes": "very large, extremely low quality loss - recommended"
      },
      {
        "Name": "mxbai-embed-large-v1_fp16.gguf",
        "Link": "https://huggingface.co/ChristianAzinn/mxbai-embed-large-v1-gguf/blob/main/mxbai-embed-large-v1_fp16.gguf",
        "Type": "FP16",
        "Size": "670 MB",
        "Notes": "enormous, pretty much the original model - not recommended"
      },
      {
        "Name": "mxbai-embed-large-v1_fp32.gguf",
        "Link": "https://huggingface.co/ChristianAzinn/mxbai-embed-large-v1-gguf/blob/main/mxbai-embed-large-v1_fp32.gguf",
        "Type": "FP32",
        "Size": "1.34 GB",
        "Notes": "enormous, pretty much the original model - not recommended"
      }
    ]
  },
  "Dataset": {
    "Name": "Not provided",
    "Sources": "Not provided",
    "Description": "Not provided"
  },
  "Model_Architecture": {
    "Architecture_Type": "Encoder-only Transformer",
    "Base_Architecture": "mxbai-embed-large-v1",
    "Number_Parameters": "Not provided",
    "Parameters": {
      "context_length": 512
    },
    "Input_Type": "Text",
    "Output_Type": "Embedding Vector"
  },
  "Training_Details": {
    "Training_Data": "Not provided",
    "Preprocessing": "Not provided",
    "Hyperparameters": {
      "loss_function": "AnglE"
    }
  },
  "Evaluation": {
    "Evaluation_Data": "Not provided",
    "Performance_Metrics": "Not provided",
    "Source": "Not provided"
  },
  "Intended_Use": {
    "Task": [
      "Feature Extraction",
      "Sentence Embedding"
    ]
  },
  "Bias_Risks_and_Limitations": {
    "Limitations": "Quantized versions of the model may experience varying degrees of quality loss depending on the quantization method used, with lower bit quantizations generally resulting in more significant degradation."
  },
  "License": "Apache-2.0"
}