{
  "Model_Description": {
    "Name": "cardiffnlp/tweet-topic-21-multi",
    "Description": "This model is a TimeLMs language model, based on a RoBERTa architecture, finetuned for multi-label topic classification on tweets. It is suitable for English."
  },
  "Model_Sources": {
    "Repository": "https://github.com/cardiffnlp/timelms",
    "Paper": "https://arxiv.org/abs/2209.09824",
    "Demo": "Not provided"
  },
  "Citation": "@inproceedings{antypas-etal-2022-twitter,\n    title = \"{T}witter Topic Classification\",\n    author = \"Antypas, Dimosthenis  and\n      Ushio, Asahi  and\n      Camacho-Collados, Jose  and\n      Silva, Vitor  and\n      Neves, Leonardo  and\n      Barbieri, Francesco\",\n    booktitle = \"Proceedings of the 29th International Conference on Computational Linguistics\",\n    month = oct,\n    year = \"2022\",\n    address = \"Gyeongju, Republic of Korea\",\n    publisher = \"International Committee on Computational Linguistics\",\n    url = \"https://aclanthology.org/2022.coling-1.299\",\n    pages = \"3386--3400\"\n}",
  "Contact": {
    "Author": [
      "Dimosthenis Antypas",
      "Asahi Ushio",
      "Jose Camacho-Collados",
      "Vitor Silva",
      "Leonardo Neves",
      "Francesco Barbieri"
    ],
    "Email": "Not provided",
    "Community": "Not provided"
  },
  "Technical_Requirements": {
    "Software": [
      "Python",
      "transformers",
      "numpy",
      "scipy"
    ],
    "Hardware": {
      "CPU": "Not provided",
      "GPU": "Not provided",
      "RAM": "Not provided",
      "Storage": "Not provided"
    }
  },
  "Access_and_Distribution": {
    "Download_Link": "Not provided",
    "Model_Variants": []
  },
  "Dataset": {
    "Name": "cardiffnlp/tweet_topic_multi",
    "Sources": "https://huggingface.co/datasets/cardiffnlp/tweet_topic_multi",
    "Description": "A corpus of 11,267 tweets used for multi-label topic classification."
  },
  "Model_Architecture": {
    "Architecture_Type": "Encoder-only Transformer",
    "Base_Architecture": "RoBERTa",
    "Number_Parameters": "Not provided",
    "Parameters": "Not provided",
    "Input_Type": "Text",
    "Output_Type": "Text"
  },
  "Training_Details": {
    "Training_Data": "cardiffnlp/tweet_topic_multi",
    "Preprocessing": "Not provided",
    "Hyperparameters": "Not provided"
  },
  "Evaluation": {
    "Evaluation_Data": "cardiffnlp/tweet_topic_multi",
    "Performance_Metrics": "Not provided",
    "Source": "Not provided"
  },
  "Intended_Use": {
    "Task": [
      "multi-label topic classification"
    ]
  },
  "Bias_Risks_and_Limitations": {
    "Limitations": "Not provided"
  },
  "License": "MIT"
}