{
  "Model_Description": {
    "Name": "cardiffnlp/twitter-xlm-roberta-base-sentiment",
    "Description": "This is a multilingual XLM-roBERTa-base model trained on ~198M tweets and finetuned for sentiment analysis. The sentiment fine-tuning was done on 8 languages (Ar, En, Fr, De, Hi, It, Sp, Pt) but it can be used for more languages."
  },
  "Model_Sources": {
    "Repository": "https://github.com/cardiffnlp/xlm-t",
    "Paper": "https://arxiv.org/abs/2104.12250",
    "Demo": "Not provided"
  },
  "Citation": "@inproceedings{barbieri-etal-2022-xlm,\n    title = \"{XLM}-{T}: Multilingual Language Models in {T}witter for Sentiment Analysis and Beyond\",\n    author = \"Barbieri, Francesco  and\n      Espinosa Anke, Luis  and\n      Camacho-Collados, Jose\",\n    booktitle = \"Proceedings of the Thirteenth Language Resources and Evaluation Conference\",\n    month = jun,\n    year = \"2022\",\n    address = \"Marseille, France\",\n    publisher = \"European Language Resources Association\",\n    url = \"https://aclanthology.org/2022.lrec-1.27\",\n    pages = \"258--266\"\n}",
  "Contact": {
    "Author": [
      "Barbieri, Francesco",
      "Espinosa Anke, Luis",
      "Camacho-Collados, Jose"
    ],
    "Email": "Not provided",
    "Community": [
      "https://github.com/cardiffnlp/tweetnlp"
    ]
  },
  "Technical_Requirements": {
    "Software": [
      "transformers",
      "numpy",
      "scipy"
    ],
    "Hardware": {
      "CPU": "Not provided",
      "GPU": "Not provided",
      "RAM": "Not provided",
      "Storage": "Not provided"
    }
  },
  "Access_and_Distribution": {
    "Download_Link": "Not provided",
    "Model_Variants": []
  },
  "Dataset": {
    "Name": "tweets",
    "Sources": "Not provided",
    "Description": "A collection of ~198M tweets."
  },
  "Model_Architecture": {
    "Architecture_Type": "Encoder-only Transformer",
    "Base_Architecture": "XLM-roBERTa-base",
    "Number_Parameters": "Not provided",
    "Parameters": "Not provided",
    "Input_Type": "Text",
    "Output_Type": "Text"
  },
  "Training_Details": {
    "Training_Data": "~198M tweets",
    "Preprocessing": "Text cleaning for username and link placeholders: '@user' for usernames, 'http' for links.",
    "Hyperparameters": "Not provided"
  },
  "Evaluation": {
    "Evaluation_Data": "Not provided",
    "Performance_Metrics": "Not provided",
    "Source": "Not provided"
  },
  "Intended_Use": {
    "Task": [
      "Sentiment Analysis"
    ]
  },
  "Bias_Risks_and_Limitations": {
    "Limitations": "Not provided"
  },
  "License": "Not provided"
}