{
  "Model_Description": {
    "Name": "cardiffnlp/twitter-roberta-base-emotion",
    "Description": "This is a RoBERTa-base model trained on ~58M tweets and finetuned for emotion recognition with the TweetEval benchmark."
  },
  "Model_Sources": {
    "Repository": "https://github.com/cardiffnlp/tweeteval",
    "Paper": "https://arxiv.org/pdf/2010.12421.pdf",
    "Demo": "Not provided"
  },
  "Citation": "Not provided",
  "Contact": {
    "Author": "Not provided",
    "Email": "Not provided",
    "Community": "Not provided"
  },
  "Technical_Requirements": {
    "Software": [
      "Python",
      "transformers",
      "numpy",
      "scipy"
    ],
    "Hardware": {
      "CPU": "Not provided",
      "GPU": "Not provided",
      "RAM": "Not provided",
      "Storage": "Not provided"
    }
  },
  "Access_and_Distribution": {
    "Download_Link": "Not provided",
    "Model_Variants": []
  },
  "Dataset": {
    "Name": "TweetEval benchmark",
    "Sources": [
      "https://arxiv.org/pdf/2010.12421.pdf",
      "https://github.com/cardiffnlp/tweeteval"
    ],
    "Description": "The model was finetuned for emotion recognition with the TweetEval benchmark."
  },
  "Model_Architecture": {
    "Architecture_Type": "Encoder-only Transformer",
    "Base_Architecture": "RoBERTa-base",
    "Number_Parameters": "Not provided",
    "Parameters": "Not provided",
    "Input_Type": "Text",
    "Output_Type": "Text"
  },
  "Training_Details": {
    "Training_Data": [
      "~58M tweets",
      "TweetEval benchmark"
    ],
    "Preprocessing": "Text preprocessing involves replacing usernames (starting with '@') with '@user' and replacing HTTP links with 'http'.",
    "Hyperparameters": "Not provided"
  },
  "Evaluation": {
    "Evaluation_Data": "TweetEval benchmark",
    "Performance_Metrics": "Not provided",
    "Source": "https://github.com/cardiffnlp/tweeteval"
  },
  "Intended_Use": {
    "Task": [
      "Emotion Recognition"
    ]
  },
  "Bias_Risks_and_Limitations": {
    "Limitations": "Not provided"
  },
  "License": "Not provided"
}