{
  "Model_Description": {
    "Name": "cardiffnlp/twitter-roberta-base-emotion-multilabel-latest",
    "Description": "This model is a fine-tuned version of `cardiffnlp/twitter-roberta-base-2022-154m` for multilabel emotion classification in tweets."
  },
  "Model_Sources": {
    "Repository": "https://huggingface.co/cardiffnlp/twitter-roberta-base-2022-154m",
    "Paper": "Not provided",
    "Demo": "Not provided"
  },
  "Citation": "@inproceedings{camacho-collados-etal-2022-tweetnlp,\n    title={{T}weet{NLP}: {C}utting-{E}dge {N}atural {L}anguage {P}rocessing for {S}ocial {M}edia},\n    author={Camacho-Collados, Jose and Rezaee, Kiamehr and Riahi, Talayeh and Ushio, Asahi and Loureiro, Daniel and Antypas, Dimosthenis and Boisson, Joanne and Espinosa-Anke, Luis and Liu, Fangyu and Mart{\\i}nez-C{\\a}mara, Eugenio and others},\n    booktitle = \"Proceedings of the 2022 Conference on Empirical Methods in Natural Language Processing: System Demonstrations\",\n    month = nov,\n    year = \"2022\",\n    address = \"Abu Dhabi, U.A.E.\",\n    publisher = \"Association for Computational Linguistics\",\n}",
  "Contact": {
    "Author": [
      "Camacho-Collados, Jose",
      "Rezaee, Kiamehr",
      "Riahi, Talayeh",
      "Ushio, Asahi",
      "Loureiro, Daniel",
      "Antypas, Dimosthenis",
      "Boisson, Joanne",
      "Espinosa-Anke, Luis",
      "Liu, Fangyu",
      "Martínez-Cámara, Eugenio",
      "others"
    ],
    "Email": "Not provided",
    "Community": "Not provided"
  },
  "Technical_Requirements": {
    "Software": [
      "tweetnlp",
      "tensorflow==2.10",
      "transformers"
    ],
    "Hardware": {
      "CPU": "Not provided",
      "GPU": "Not provided",
      "RAM": "Not provided",
      "Storage": "Not provided"
    }
  },
  "Access_and_Distribution": {
    "Download_Link": "Not provided",
    "Model_Variants": []
  },
  "Dataset": {
    "Name": "SemEval 2018 - Task 1 Affect in Tweets",
    "Sources": "https://aclanthology.org/S18-1001/",
    "Description": "Dataset for multilabel emotion classification in tweets."
  },
  "Model_Architecture": {
    "Architecture_Type": "Encoder-only Transformer",
    "Base_Architecture": "RoBERTa-base",
    "Number_Parameters": "Not provided",
    "Parameters": "Not provided",
    "Input_Type": "Text",
    "Output_Type": "Text"
  },
  "Training_Details": {
    "Training_Data": "SemEval 2018 - Task 1 Affect in Tweets",
    "Preprocessing": "Not provided",
    "Hyperparameters": "Not provided"
  },
  "Evaluation": {
    "Evaluation_Data": "SemEval 2018 - Task 1 Affect in Tweets",
    "Performance_Metrics": {
      "F1 (micro)": 0.7169,
      "F1 (macro)": 0.5464,
      "Jaccard Index (samples)": 0.597
    },
    "Source": "Not provided"
  },
  "Intended_Use": {
    "Task": [
      "text classification",
      "multilabel classification",
      "emotion classification"
    ]
  },
  "Bias_Risks_and_Limitations": {
    "Limitations": "Not provided"
  },
  "License": "Not provided"
}