{
  "Model_Description": {
    "Name": "cardiffnlp/twitter-roberta-base-sentiment",
    "Description": "This is a roBERTa-base model trained on ~58M tweets and finetuned for sentiment analysis with the TweetEval benchmark. This model is suitable for English."
  },
  "Model_Sources": {
    "Repository": "https://github.com/cardiffnlp/tweeteval",
    "Paper": "https://arxiv.org/pdf/2010.12421.pdf",
    "Demo": "Not provided"
  },
  "Citation": "@inproceedings{barbieri-etal-2020-tweeteval,\n    title = \"{T}weet{E}val: Unified Benchmark and Comparative Evaluation for Tweet Classification\",\n    author = \"Barbieri, Francesco  and\n      Camacho-Collados, Jose  and\n      Espinosa Anke, Luis  and\n      Neves, Leonardo\",\n    booktitle = \"Findings of the Association for Computational Linguistics: EMNLP 2020\",\n    month = nov,\n    year = \"2020\",\n    address = \"Online\",\n    publisher = \"Association of Computational Linguistics\",\n    url = \"https://aclanthology.org/2020.findings-emnlp.148\",\n    doi = \"10.18653/v1/2020.findings-emnlp.148\",\n    pages = \"1644--1650\"\n}",
  "Contact": {
    "Author": "Not provided",
    "Email": "Not provided",
    "Community": "Not provided"
  },
  "Technical_Requirements": {
    "Software": [
      "transformers",
      "numpy",
      "scipy"
    ],
    "Hardware": {
      "CPU": "Not provided",
      "GPU": "Not provided",
      "RAM": "Not provided",
      "Storage": "Not provided"
    }
  },
  "Access_and_Distribution": {
    "Download_Link": "Not provided",
    "Model_Variants": [
      {
        "Name": "twitter-roberta-base-sentiment-latest",
        "Link": "https://huggingface.co/cardiffnlp/twitter-roberta-base-sentiment-latest",
        "Type": "Not provided",
        "Size": "Not provided",
        "Notes": "trained on more recent and a larger quantity of tweets"
      }
    ]
  },
  "Dataset": {
    "Name": "TweetEval",
    "Sources": [
      "https://arxiv.org/pdf/2010.12421.pdf",
      "https://github.com/cardiffnlp/tweeteval"
    ],
    "Description": "A benchmark for tweet classification tasks, used for finetuning sentiment analysis."
  },
  "Model_Architecture": {
    "Architecture_Type": "Encoder-only Transformer",
    "Base_Architecture": "roBERTa-base",
    "Number_Parameters": "Not provided",
    "Parameters": "Not provided",
    "Input_Type": "Text",
    "Output_Type": "Text"
  },
  "Training_Details": {
    "Training_Data": [
      "~58M tweets",
      "TweetEval"
    ],
    "Preprocessing": "Text preprocessing includes replacing usernames with '@user' and links with 'http'.",
    "Hyperparameters": "Not provided"
  },
  "Evaluation": {
    "Evaluation_Data": "TweetEval",
    "Performance_Metrics": "Not provided",
    "Source": "Not provided"
  },
  "Intended_Use": {
    "Task": [
      "sentiment analysis"
    ]
  },
  "Bias_Risks_and_Limitations": {
    "Limitations": "Not provided"
  },
  "License": "Not provided"
}