{
  "Model_Description": {
    "Name": "cardiffnlp/twitter-xlm-roberta-base-sentiment-multilingual",
    "Description": "This model is a fine-tuned version of `cardiffnlp/twitter-xlm-roberta-base` for multilingual sentiment analysis on tweets."
  },
  "Model_Sources": {
    "Repository": "https://huggingface.co/cardiffnlp/twitter-xlm-roberta-base",
    "Paper": "https://aclanthology.org/2022.emnlp-demos.5",
    "Demo": "Not provided"
  },
  "Citation": "@inproceedings{camacho-collados-etal-2022-tweetnlp,\n    title = \"{T}weet{NLP}: Cutting-Edge Natural Language Processing for Social Media\",\n    author = \"Camacho-collados, Jose  and\n      Rezaee, Kiamehr  and\n      Riahi, Talayeh  and\n      Ushio, Asahi  and\n      Loureiro, Daniel  and\n      Antypas, Dimosthenis  and\n      Boisson, Joanne  and\n      Espinosa Anke, Luis  and\n      Liu, Fangyu  and\n      Mart{\\'i}nez C{\\'a}mara, Eugenio\" and others,\n    booktitle = \"Proceedings of the 2022 Conference on Empirical Methods in Natural Language Processing: System Demonstrations\",\n    month = dec,\n    year = \"2022\",\n    address = \"Abu Dhabi, UAE\",\n    publisher = \"Association for Computational Linguistics\",\n    url = \"https://aclanthology.org/2022.emnlp-demos.5\",\n    pages = \"38--49\"\n}",
  "Contact": {
    "Author": [
      "Camacho-collados, Jose",
      "Rezaee, Kiamehr",
      "Riahi, Talayeh",
      "Ushio, Asahi",
      "Loureiro, Daniel",
      "Antypas, Dimosthenis",
      "Boisson, Joanne",
      "Espinosa Anke, Luis",
      "Liu, Fangyu",
      "Martínez Cámara, Eugenio"
    ],
    "Email": "Not provided",
    "Community": "Not provided"
  },
  "Technical_Requirements": {
    "Software": [
      "Python",
      "tweetnlp"
    ],
    "Hardware": {
      "CPU": "Not provided",
      "GPU": "Not provided",
      "RAM": "Not provided",
      "Storage": "Not provided"
    }
  },
  "Access_and_Distribution": {
    "Download_Link": "Not provided",
    "Model_Variants": []
  },
  "Dataset": {
    "Name": "cardiffnlp/tweet_sentiment_multilingual",
    "Sources": "https://huggingface.co/datasets/cardiffnlp/tweet_sentiment_multilingual",
    "Description": "Dataset for multilingual tweet sentiment analysis."
  },
  "Model_Architecture": {
    "Architecture_Type": "Encoder-only Transformer",
    "Base_Architecture": "cardiffnlp/twitter-xlm-roberta-base",
    "Number_Parameters": "Not provided",
    "Parameters": "Not provided",
    "Input_Type": "Text",
    "Output_Type": "Text"
  },
  "Training_Details": {
    "Training_Data": "cardiffnlp/tweet_sentiment_multilingual",
    "Preprocessing": "Not provided",
    "Hyperparameters": "Not provided"
  },
  "Evaluation": {
    "Evaluation_Data": "cardiffnlp/tweet_sentiment_multilingual",
    "Performance_Metrics": {
      "F1 (micro)": 0.6931034482758621,
      "F1 (macro)": 0.692628774202147,
      "Accuracy": 0.6931034482758621
    },
    "Source": "https://huggingface.co/cardiffnlp/twitter-xlm-roberta-base-sentiment-multilingual/raw/main/metric.json"
  },
  "Intended_Use": {
    "Task": [
      "Text Classification",
      "Sentiment Analysis"
    ]
  },
  "Bias_Risks_and_Limitations": {
    "Limitations": "Not provided"
  },
  "License": "Not provided"
}