{
  "Model_Description": {
    "Name": "cardiffnlp/twitter-roberta-base-dec2021-tweet-topic-multi-all",
    "Description": "This model is a fine-tuned version of cardiffnlp/twitter-roberta-base-dec2021 on the tweet_topic_multi dataset. It is designed for multi-label tweet topic classification."
  },
  "Model_Sources": {
    "Repository": "https://huggingface.co/cardiffnlp/twitter-roberta-base-dec2021-tweet-topic-multi-all",
    "Paper": "Not provided",
    "Demo": "Not provided"
  },
  "Citation": "@inproceedings{dimosthenis-etal-2022-twitter,\n    title = \"{T}witter {T}opic {C}lassification\",\n    author = \"Antypas, Dimosthenis  and\n    Ushio, Asahi  and\n    Camacho-Collados, Jose  and\n    Neves, Leonardo  and\n    Silva, Vitor  and\n    Barbieri, Francesco\",\n    booktitle = \"Proceedings of the 29th International Conference on Computational Linguistics\",\n    month = oct,\n    year = \"2022\",\n    address = \"Gyeongju, Republic of Korea\",\n    publisher = \"International Committee on Computational Linguistics\"\n}",
  "Contact": {
    "Author": [
      "Antypas, Dimosthenis",
      "Ushio, Asahi",
      "Camacho-Collados, Jose",
      "Neves, Leonardo",
      "Silva, Vitor",
      "Barbieri, Francesco"
    ],
    "Email": "Not provided",
    "Community": "Not provided"
  },
  "Technical_Requirements": {
    "Software": [
      "Python",
      "torch",
      "transformers"
    ],
    "Hardware": {
      "CPU": "Not provided",
      "GPU": "Not provided",
      "RAM": "Not provided",
      "Storage": "Not provided"
    }
  },
  "Access_and_Distribution": {
    "Download_Link": "Not provided",
    "Model_Variants": []
  },
  "Dataset": {
    "Name": "cardiffnlp/tweet_topic_multi",
    "Sources": "https://huggingface.co/datasets/cardiffnlp/tweet_topic_multi",
    "Description": "Not provided"
  },
  "Model_Architecture": {
    "Architecture_Type": "Encoder-only Transformer",
    "Base_Architecture": "RoBERTa",
    "Number_Parameters": "Not provided",
    "Parameters": "Not provided",
    "Input_Type": "Text",
    "Output_Type": "Text"
  },
  "Training_Details": {
    "Training_Data": "cardiffnlp/tweet_topic_multi",
    "Preprocessing": "Not provided",
    "Hyperparameters": "Not provided"
  },
  "Evaluation": {
    "Evaluation_Data": "cardiffnlp/tweet_topic_multi",
    "Performance_Metrics": {
      "F1 (micro)": 0.7647668393782383,
      "F1 (macro)": 0.6187022581213811,
      "Accuracy": 0.5485407980941036
    },
    "Source": "Not provided"
  },
  "Intended_Use": {
    "Task": [
      "text-classification"
    ]
  },
  "Bias_Risks_and_Limitations": {
    "Limitations": "Not provided"
  },
  "License": "Not provided"
}