{
  "Model_Description": {
    "Name": "BM-K/KoSimCSE-roberta",
    "Description": "A Korean sentence embedding model that allows for immediate download and inference, and provides environments for individual model training."
  },
  "Model_Sources": {
    "Repository": "https://github.com/BM-K/Sentence-Embedding-is-all-you-need",
    "Paper": "Not provided",
    "Demo": "Not provided"
  },
  "Citation": "Not provided",
  "Contact": {
    "Author": "Not provided",
    "Email": "Not provided",
    "Community": "Not provided"
  },
  "Technical_Requirements": {
    "Software": [
      "torch",
      "transformers"
    ],
    "Hardware": {
      "CPU": "Not provided",
      "GPU": "Not provided",
      "RAM": "Not provided",
      "Storage": "Not provided"
    }
  },
  "Access_and_Distribution": {
    "Download_Link": "Not provided",
    "Model_Variants": []
  },
  "Dataset": {
    "Name": "Not provided",
    "Sources": "Not provided",
    "Description": "Not provided"
  },
  "Model_Architecture": {
    "Architecture_Type": "Encoder-only Transformer",
    "Base_Architecture": "RoBERTa",
    "Number_Parameters": "Not provided",
    "Parameters": "Not provided",
    "Input_Type": "Text",
    "Output_Type": "Sentence Embedding"
  },
  "Training_Details": {
    "Training_Data": "Not provided",
    "Preprocessing": "Tokenization (padding, truncation)",
    "Hyperparameters": "Not provided"
  },
  "Evaluation": {
    "Evaluation_Data": "Semantic Textual Similarity test set",
    "Performance_Metrics": {
      "AVG": 83.65,
      "Cosine Pearson": 83.6,
      "Cosine Spearman": 83.77,
      "Euclidean Pearson": 83.54,
      "Euclidean Spearman": 83.76,
      "Manhattan Pearson": 83.55,
      "Manhattan Spearman": 83.77,
      "Dot Pearson": 83.55,
      "Dot Spearman": 83.64
    },
    "Source": "Not provided"
  },
  "Intended_Use": {
    "Task": [
      "Sentence Embedding"
    ]
  },
  "Bias_Risks_and_Limitations": {
    "Limitations": "Not provided"
  },
  "License": "Not provided"
}