{
  "Model_Description": {
    "Name": "BM-K/KoSimCSE-roberta-multitask",
    "Description": "A Korean sentence embedding model that provides pre-trained models for inference and environments for training."
  },
  "Model_Sources": {
    "Repository": "https://github.com/BM-K/Sentence-Embedding-is-all-you-need",
    "Paper": "Not provided",
    "Demo": "Not provided"
  },
  "Citation": "Not provided",
  "Contact": {
    "Author": "BM-K",
    "Email": "Not provided",
    "Community": "Not provided"
  },
  "Technical_Requirements": {
    "Software": [
      "torch",
      "transformers"
    ],
    "Hardware": {
      "CPU": "Not provided",
      "GPU": "Not provided",
      "RAM": "Not provided",
      "Storage": "Not provided"
    }
  },
  "Access_and_Distribution": {
    "Download_Link": "Not provided",
    "Model_Variants": []
  },
  "Dataset": {
    "Name": "Not provided",
    "Sources": "Not provided",
    "Description": "Not provided"
  },
  "Model_Architecture": {
    "Architecture_Type": "Encoder-only Transformer",
    "Base_Architecture": "RoBERTa",
    "Number_Parameters": "Not provided",
    "Parameters": "Not provided",
    "Input_Type": "Text",
    "Output_Type": "Vector Embedding"
  },
  "Training_Details": {
    "Training_Data": "Not provided",
    "Preprocessing": "Padding, truncation",
    "Hyperparameters": "Not provided"
  },
  "Evaluation": {
    "Evaluation_Data": "Semantic Textual Similarity test set",
    "Performance_Metrics": {
      "AVG": 85.77,
      "Cosine Pearson": 85.08,
      "Cosine Spearman": 86.12,
      "Euclidean Pearson": 85.84,
      "Euclidean Spearman": 86.12,
      "Manhattan Pearson": 85.83,
      "Manhattan Spearman": 86.12,
      "Dot Pearson": 85.03,
      "Dot Spearman": 85.99
    },
    "Source": "Not provided"
  },
  "Intended_Use": {
    "Task": [
      "Sentence Embedding",
      "Semantic Textual Similarity"
    ]
  },
  "Bias_Risks_and_Limitations": {
    "Limitations": "Not provided"
  },
  "License": "Not provided"
}