{
  "Model_Description": {
    "Name": "bartowski/gemma-2-9b-it-GGUF",
    "Description": "This model card provides Llamacpp imatrix quantizations of the google/gemma-2-9b-it model, offering various quantized versions for text generation."
  },
  "Model_Sources": {
    "Repository": "https://huggingface.co/google/gemma-2-9b-it",
    "Paper": "Not provided",
    "Demo": "Not provided"
  },
  "Citation": "Not provided",
  "Contact": {
    "Author": "bartowski",
    "Email": "Not provided",
    "Community": [
      "https://ko-fi.com/bartowski"
    ]
  },
  "Technical_Requirements": {
    "Software": [
      "llama.cpp",
      "huggingface_hub"
    ],
    "Hardware": {
      "CPU": "Not provided",
      "GPU": [
        "Nvidia (cuBLAS)",
        "AMD (rocBLAS)",
        "AMD (Vulcan)"
      ],
      "RAM": "Not provided",
      "Storage": "Not provided"
    }
  },
  "Access_and_Distribution": {
    "Download_Link": "",
    "Model_Variants": [
      {
        "Name": "gemma-2-9b-it-f32",
        "Link": "https://huggingface.co/bartowski/gemma-2-9b-it-GGUF/blob/main/gemma-2-9b-it-f32.gguf",
        "Type": "f32",
        "Size": "36.97GB",
        "Notes": "Full F32 weights."
      },
      {
        "Name": "gemma-2-9b-it-Q8_0",
        "Link": "https://huggingface.co/bartowski/gemma-2-9b-it-GGUF/blob/main/gemma-2-9b-it-Q8_0.gguf",
        "Type": "Q8_0",
        "Size": "9.83GB",
        "Notes": "Extremely high quality, generally unneeded but max available quant."
      },
      {
        "Name": "gemma-2-9b-it-Q6_K_L",
        "Link": "https://huggingface.co/bartowski/gemma-2-9b-it-GGUF/blob/main/gemma-2-9b-it-Q6_K_L.gguf",
        "Type": "Q6_K_L",
        "Size": "7.81GB",
        "Notes": "Uses Q8_0 for embed and output weights. Very high quality, near perfect, recommended."
      },
      {
        "Name": "gemma-2-9b-it-Q6_K",
        "Link": "https://huggingface.co/bartowski/gemma-2-9b-it-GGUF/blob/main/gemma-2-9b-it-Q6_K.gguf",
        "Type": "Q6_K",
        "Size": "7.59GB",
        "Notes": "Very high quality, near perfect, recommended."
      },
      {
        "Name": "gemma-2-9b-it-Q5_K_L",
        "Link": "https://huggingface.co/bartowski/gemma-2-9b-it-GGUF/blob/main/gemma-2-9b-it-Q5_K_L.gguf",
        "Type": "Q5_K_L",
        "Size": "6.87GB",
        "Notes": "Uses Q8_0 for embed and output weights. High quality, recommended."
      },
      {
        "Name": "gemma-2-9b-it-Q5_K_M",
        "Link": "https://huggingface.co/bartowski/gemma-2-9b-it-GGUF/blob/main/gemma-2-9b-it-Q5_K_M.gguf",
        "Type": "Q5_K_M",
        "Size": "6.65GB",
        "Notes": "High quality, recommended."
      },
      {
        "Name": "gemma-2-9b-it-Q5_K_S",
        "Link": "https://huggingface.co/bartowski/gemma-2-9b-it-GGUF/blob/main/gemma-2-9b-it-Q5_K_S.gguf",
        "Type": "Q5_K_S",
        "Size": "6.48GB",
        "Notes": "High quality, recommended."
      },
      {
        "Name": "gemma-2-9b-it-Q4_K_L",
        "Link": "https://huggingface.co/bartowski/gemma-2-9b-it-GGUF/blob/main/gemma-2-9b-it-Q4_K_L.gguf",
        "Type": "Q4_K_L",
        "Size": "5.98GB",
        "Notes": "Uses Q8_0 for embed and output weights. Good quality, recommended."
      },
      {
        "Name": "gemma-2-9b-it-Q4_K_M",
        "Link": "https://huggingface.co/bartowski/gemma-2-9b-it-GGUF/blob/main/gemma-2-9b-it-Q4_K_M.gguf",
        "Type": "Q4_K_M",
        "Size": "5.76GB",
        "Notes": "Good quality, default size for must use cases, recommended."
      },
      {
        "Name": "gemma-2-9b-it-Q4_K_S",
        "Link": "https://huggingface.co/bartowski/gemma-2-9b-it-GGUF/blob/main/gemma-2-9b-it-Q4_K_S.gguf",
        "Type": "Q4_K_S",
        "Size": "5.48GB",
        "Notes": "Slightly lower quality with more space savings, recommended."
      },
      {
        "Name": "gemma-2-9b-it-IQ4_XS",
        "Link": "https://huggingface.co/bartowski/gemma-2-9b-it-GGUF/blob/main/gemma-2-9b-it-IQ4_XS.gguf",
        "Type": "IQ4_XS",
        "Size": "5.18GB",
        "Notes": "Decent quality, smaller than Q4_K_S with similar performance, recommended."
      },
      {
        "Name": "gemma-2-9b-it-Q3_K_L",
        "Link": "https://huggingface.co/bartowski/gemma-2-9b-it-GGUF/blob/main/gemma-2-9b-it-Q3_K_L.gguf",
        "Type": "Q3_K_L",
        "Size": "5.13GB",
        "Notes": "Lower quality but usable, good for low RAM availability."
      },
      {
        "Name": "gemma-2-9b-it-Q3_K_M",
        "Link": "https://huggingface.co/bartowski/gemma-2-9b-it-GGUF/blob/main/gemma-2-9b-it-Q3_K_M.gguf",
        "Type": "Q3_K_M",
        "Size": "4.76GB",
        "Notes": "Low quality."
      },
      {
        "Name": "gemma-2-9b-it-IQ3_M",
        "Link": "https://huggingface.co/bartowski/gemma-2-9b-it-GGUF/blob/main/gemma-2-9b-it-IQ3_M.gguf",
        "Type": "IQ3_M",
        "Size": "4.49GB",
        "Notes": "Medium-low quality, new method with decent performance comparable to Q3_K_M."
      },
      {
        "Name": "gemma-2-9b-it-Q3_K_S",
        "Link": "https://huggingface.co/bartowski/gemma-2-9b-it-GGUF/blob/main/gemma-2-9b-it-Q3_K_S.gguf",
        "Type": "Q3_K_S",
        "Size": "4.34GB",
        "Notes": "Low quality, not recommended."
      },
      {
        "Name": "gemma-2-9b-it-IQ3_XS",
        "Link": "https://huggingface.co/bartowski/gemma-2-9b-it-GGUF/blob/main/gemma-2-9b-it-IQ3_XS.gguf",
        "Type": "IQ3_XS",
        "Size": "4.14GB",
        "Notes": "Lower quality, new method with decent performance, slightly better than Q3_K_S."
      },
      {
        "Name": "gemma-2-9b-it-Q2_K_L",
        "Link": "https://huggingface.co/bartowski/gemma-2-9b-it-GGUF/blob/main/gemma-2-9b-it-Q2_K_L.gguf",
        "Type": "Q2_K_L",
        "Size": "4.03GB",
        "Notes": "Uses Q8_0 for embed and output weights. Very low quality but surprisingly usable."
      },
      {
        "Name": "gemma-2-9b-it-Q2_K",
        "Link": "https://huggingface.co/bartowski/gemma-2-9b-it-GGUF/blob/main/gemma-2-9b-it-Q2_K.gguf",
        "Type": "Q2_K",
        "Size": "3.81GB",
        "Notes": "Very low quality but surprisingly usable."
      },
      {
        "Name": "gemma-2-9b-it-IQ3_XXS",
        "Link": "https://huggingface.co/bartowski/gemma-2-9b-it-GGUF/blob/main/gemma-2-9b-it-IQ3_XXS.gguf",
        "Type": "IQ3_XXS",
        "Size": "3.80GB",
        "Notes": "Lower quality, new method with decent performance, comparable to Q3 quants."
      },
      {
        "Name": "gemma-2-9b-it-IQ2_M",
        "Link": "https://huggingface.co/bartowski/gemma-2-9b-it-GGUF/blob/main/gemma-2-9b-it-IQ2_M.gguf",
        "Type": "IQ2_M",
        "Size": "3.43GB",
        "Notes": "Relatively low quality, uses SOTA techniques to be surprisingly usable."
      }
    ]
  },
  "Dataset": {
    "Name": "Not provided",
    "Sources": "https://gist.github.com/bartowski1182/eb213dccb3571f863da82e99418f81e8",
    "Description": "Dataset used for imatrix calibration during quantization."
  },
  "Model_Architecture": {
    "Architecture_Type": "Not provided",
    "Base_Architecture": "Gemma-2",
    "Number_Parameters": "9B",
    "Parameters": "Not provided",
    "Input_Type": "Text",
    "Output_Type": "Text"
  },
  "Training_Details": {
    "Training_Data": "Not provided",
    "Preprocessing": "imatrix quantization using a specific dataset; includes various quantization types (f32, Q8_0, Q6_K_L, etc.) with some using Q8_0 for embed and output weights.",
    "Hyperparameters": "Not provided"
  },
  "Evaluation": {
    "Evaluation_Data": "Not provided",
    "Performance_Metrics": "Not provided",
    "Source": "https://gist.github.com/Artefact2/b5f810600771265fc1e39442288e8ec9"
  },
  "Intended_Use": {
    "Task": [
      "text generation",
      "conversational AI"
    ]
  },
  "Bias_Risks_and_Limitations": {
    "Limitations": "The model does not support a System prompt. I-quants are not compatible with Vulcan (AMD). Different quantization levels offer varying quality and performance tradeoffs."
  },
  "License": "gemma"
}