{
  "Model_Description": {
    "Name": "bartowski/gemma-2-2b-it-GGUF",
    "Description": "This model card provides Llamacpp imatrix quantizations of the `google/gemma-2-2b-it` model, offering various optimized versions for different hardware and performance needs."
  },
  "Model_Sources": {
    "Repository": "https://huggingface.co/google/gemma-2-2b-it",
    "Paper": "Not provided",
    "Demo": "https://lmstudio.ai/"
  },
  "Citation": "Not provided",
  "Contact": {
    "Author": "bartowski",
    "Email": "Not provided",
    "Community": [
      "https://ko-fi.com/bartowski"
    ]
  },
  "Technical_Requirements": {
    "Software": [
      "llama.cpp b3496",
      "huggingface_hub[cli]",
      "LM Studio"
    ],
    "Hardware": {
      "CPU": "Not provided",
      "GPU": [
        "Nvidia (cuBLAS)",
        "AMD (rocBLAS)",
        "Apple Metal"
      ],
      "RAM": "Not provided",
      "Storage": "Not provided"
    }
  },
  "Access_and_Distribution": {
    "Download_Link": "Not provided",
    "Model_Variants": [
      {
        "Name": "gemma-2-2b-it-f32.gguf",
        "Link": "https://huggingface.co/bartowski/gemma-2-2b-it-GGUF/blob/main/gemma-2-2b-it-f32.gguf",
        "Type": "f32",
        "Size": "10.46GB",
        "Notes": "Full F32 weights."
      },
      {
        "Name": "gemma-2-2b-it-Q8_0.gguf",
        "Link": "https://huggingface.co/bartowski/gemma-2-2b-it-GGUF/blob/main/gemma-2-2b-it-Q8_0.gguf",
        "Type": "Q8_0",
        "Size": "2.78GB",
        "Notes": "Extremely high quality, generally unneeded but max available quant."
      },
      {
        "Name": "gemma-2-2b-it-Q6_K_L.gguf",
        "Link": "https://huggingface.co/bartowski/gemma-2-2b-it-GGUF/blob/main/gemma-2-2b-it-Q6_K_L.gguf",
        "Type": "Q6_K_L",
        "Size": "2.29GB",
        "Notes": "Uses Q8_0 for embed and output weights. Very high quality, near perfect, recommended."
      },
      {
        "Name": "gemma-2-2b-it-Q6_K.gguf",
        "Link": "https://huggingface.co/bartowski/gemma-2-2b-it-GGUF/blob/main/gemma-2-2b-it-Q6_K.gguf",
        "Type": "Q6_K",
        "Size": "2.15GB",
        "Notes": "Very high quality, near perfect, recommended."
      },
      {
        "Name": "gemma-2-2b-it-Q5_K_M.gguf",
        "Link": "https://huggingface.co/bartowski/gemma-2-2b-it-GGUF/blob/main/gemma-2-2b-it-Q5_K_M.gguf",
        "Type": "Q5_K_M",
        "Size": "1.92GB",
        "Notes": "High quality, recommended."
      },
      {
        "Name": "gemma-2-2b-it-Q5_K_S.gguf",
        "Link": "https://huggingface.co/bartowski/gemma-2-2b-it-GGUF/blob/main/gemma-2-2b-it-Q5_K_S.gguf",
        "Type": "Q5_K_S",
        "Size": "1.88GB",
        "Notes": "High quality, recommended."
      },
      {
        "Name": "gemma-2-2b-it-Q4_K_M.gguf",
        "Link": "https://huggingface.co/bartowski/gemma-2-2b-it-GGUF/blob/main/gemma-2-2b-it-Q4_K_M.gguf",
        "Type": "Q4_K_M",
        "Size": "1.71GB",
        "Notes": "Good quality, default size for must use cases, recommended."
      },
      {
        "Name": "gemma-2-2b-it-Q4_K_S.gguf",
        "Link": "https://huggingface.co/bartowski/gemma-2-2b-it-GGUF/blob/main/gemma-2-2b-it-Q4_K_S.gguf",
        "Type": "Q4_K_S",
        "Size": "1.64GB",
        "Notes": "Slightly lower quality with more space savings, recommended."
      },
      {
        "Name": "gemma-2-2b-it-IQ4_XS.gguf",
        "Link": "https://huggingface.co/bartowski/gemma-2-2b-it-GGUF/blob/main/gemma-2-2b-it-IQ4_XS.gguf",
        "Type": "IQ4_XS",
        "Size": "1.57GB",
        "Notes": "Decent quality, smaller than Q4_K_S with similar performance, recommended."
      },
      {
        "Name": "gemma-2-2b-it-Q3_K_L.gguf",
        "Link": "https://huggingface.co/bartowski/gemma-2-2b-it-GGUF/blob/main/gemma-2-2b-it-Q3_K_L.gguf",
        "Type": "Q3_K_L",
        "Size": "1.55GB",
        "Notes": "Lower quality but usable, good for low RAM availability."
      },
      {
        "Name": "gemma-2-2b-it-IQ3_M.gguf",
        "Link": "https://huggingface.co/bartowski/gemma-2-2b-it-GGUF/blob/main/gemma-2-2b-it-IQ3_M.gguf",
        "Type": "IQ3_M",
        "Size": "1.39GB",
        "Notes": "Medium-low quality, new method with decent performance comparable to Q3_K_M."
      }
    ]
  },
  "Dataset": {
    "Name": "imatrix calibration dataset",
    "Sources": "https://gist.github.com/bartowski1182/eb213dccb3571f863da82e99418f81e8",
    "Description": "Dataset used for imatrix quantization."
  },
  "Model_Architecture": {
    "Architecture_Type": "Not provided",
    "Base_Architecture": "Gemma-2",
    "Number_Parameters": "2B",
    "Parameters": "Not provided",
    "Input_Type": "Text",
    "Output_Type": "Text"
  },
  "Training_Details": {
    "Training_Data": "Not provided",
    "Preprocessing": "Not provided",
    "Hyperparameters": "Not provided"
  },
  "Evaluation": {
    "Evaluation_Data": "Not provided",
    "Performance_Metrics": "Not provided",
    "Source": "https://gist.github.com/Artefact2/b5f810600771265fc1e39442288e8ec9"
  },
  "Intended_Use": {
    "Task": [
      "text generation",
      "conversational"
    ]
  },
  "Bias_Risks_and_Limitations": {
    "Limitations": "This model does not support a System prompt. I-quants are not compatible with Vulcan (AMD)."
  },
  "License": "gemma"
}