{
  "Model_Description": {
    "Name": "bartowski/google_gemma-3-4b-it-GGUF",
    "Description": "This model provides Llamacpp imatrix quantizations of the `google/gemma-3-4b-it` model, featuring vision capabilities and various quantization levels for different performance and quality tradeoffs."
  },
  "Model_Sources": {
    "Repository": "https://huggingface.co/google/gemma-3-4b-it",
    "Paper": "Not provided",
    "Demo": "Not provided"
  },
  "Citation": "Not provided",
  "Contact": {
    "Author": "bartowski",
    "Email": "Not provided",
    "Community": [
      "https://ko-fi.com/bartowski"
    ]
  },
  "Technical_Requirements": {
    "Software": [
      "llama.cpp",
      "LM Studio",
      "huggingface_hub[cli]"
    ],
    "Hardware": {
      "CPU": "ARM, AVX",
      "GPU": [
        "Nvidia (cuBLAS)",
        "AMD (rocBLAS, Vulcan)"
      ],
      "RAM": "Not provided",
      "Storage": "Not provided"
    }
  },
  "Access_and_Distribution": {
    "Download_Link": "",
    "Model_Variants": [
      {
        "Name": "mmproj-gemma-3-4b-it-f32.gguf",
        "Link": "https://huggingface.co/bartowski/google_gemma-3-4b-it-GGUF/blob/main/mmproj-google_gemma-3-4b-it-f32.gguf",
        "Type": "f32",
        "Size": "1.68GB",
        "Notes": "F32 format MMPROJ file, required for vision."
      },
      {
        "Name": "mmproj-gemma-3-4b-it-f16.gguf",
        "Link": "https://huggingface.co/bartowski/google_gemma-3-4b-it-GGUF/blob/main/mmproj-google_gemma-3-4b-it-f16.gguf",
        "Type": "f16",
        "Size": "851MB",
        "Notes": "F16 format MMPROJ file, required for vision."
      },
      {
        "Name": "gemma-3-4b-it-bf16.gguf",
        "Link": "https://huggingface.co/bartowski/google_gemma-3-4b-it-GGUF/blob/main/google_gemma-3-4b-it-bf16.gguf",
        "Type": "bf16",
        "Size": "7.77GB",
        "Notes": "Full BF16 weights."
      },
      {
        "Name": "gemma-3-4b-it-Q8_0.gguf",
        "Link": "https://huggingface.co/bartowski/google_gemma-3-4b-it-GGUF/blob/main/google_gemma-3-4b-it-Q8_0.gguf",
        "Type": "Q8_0",
        "Size": "4.13GB",
        "Notes": "Extremely high quality, generally unneeded but max available quant."
      },
      {
        "Name": "gemma-3-4b-it-Q6_K_L.gguf",
        "Link": "https://huggingface.co/bartowski/google_gemma-3-4b-it-GGUF/blob/main/google_gemma-3-4b-it-Q6_K_L.gguf",
        "Type": "Q6_K_L",
        "Size": "3.35GB",
        "Notes": "Uses Q8_0 for embed and output weights. Very high quality, near perfect, recommended."
      },
      {
        "Name": "gemma-3-4b-it-Q6_K.gguf",
        "Link": "https://huggingface.co/bartowski/google_gemma-3-4b-it-GGUF/blob/main/google_gemma-3-4b-it-Q6_K.gguf",
        "Type": "Q6_K",
        "Size": "3.19GB",
        "Notes": "Very high quality, near perfect, recommended."
      },
      {
        "Name": "gemma-3-4b-it-Q5_K_L.gguf",
        "Link": "https://huggingface.co/bartowski/google_gemma-3-4b-it-GGUF/blob/main/google_gemma-3-4b-it-Q5_K_L.gguf",
        "Type": "Q5_K_L",
        "Size": "2.99GB",
        "Notes": "Uses Q8_0 for embed and output weights. High quality, recommended."
      },
      {
        "Name": "gemma-3-4b-it-Q5_K_M.gguf",
        "Link": "https://huggingface.co/bartowski/google_gemma-3-4b-it-GGUF/blob/main/google_gemma-3-4b-it-Q5_K_M.gguf",
        "Type": "Q5_K_M",
        "Size": "2.83GB",
        "Notes": "High quality, recommended."
      },
      {
        "Name": "gemma-3-4b-it-Q5_K_S.gguf",
        "Link": "https://huggingface.co/bartowski/google_gemma-3-4b-it-GGUF/blob/main/google_gemma-3-4b-it-Q5_K_S.gguf",
        "Type": "Q5_K_S",
        "Size": "2.76GB",
        "Notes": "High quality, recommended."
      },
      {
        "Name": "gemma-3-4b-it-Q4_K_L.gguf",
        "Link": "https://huggingface.co/bartowski/google_gemma-3-4b-it-GGUF/blob/main/google_gemma-3-4b-it-Q4_K_L.gguf",
        "Type": "Q4_K_L",
        "Size": "2.65GB",
        "Notes": "Uses Q8_0 for embed and output weights. Good quality, recommended."
      },
      {
        "Name": "gemma-3-4b-it-Q4_1.gguf",
        "Link": "https://huggingface.co/bartowski/google_gemma-3-4b-it-GGUF/blob/main/google_gemma-3-4b-it-Q4_1.gguf",
        "Type": "Q4_1",
        "Size": "2.56GB",
        "Notes": "Legacy format, similar performance to Q4_K_S but with improved tokens/watt on Apple silicon."
      },
      {
        "Name": "gemma-3-4b-it-Q4_K_M.gguf",
        "Link": "https://huggingface.co/bartowski/google_gemma-3-4b-it-GGUF/blob/main/google_gemma-3-4b-it-Q4_K_M.gguf",
        "Type": "Q4_K_M",
        "Size": "2.49GB",
        "Notes": "Good quality, default size for most use cases, recommended."
      },
      {
        "Name": "gemma-3-4b-it-Q3_K_XL.gguf",
        "Link": "https://huggingface.co/bartowski/google_gemma-3-4b-it-GGUF/blob/main/google_gemma-3-4b-it-Q3_K_XL.gguf",
        "Type": "Q3_K_XL",
        "Size": "2.40GB",
        "Notes": "Uses Q8_0 for embed and output weights. Lower quality but usable, good for low RAM availability."
      },
      {
        "Name": "gemma-3-4b-it-Q4_K_S.gguf",
        "Link": "https://huggingface.co/bartowski/google_gemma-3-4b-it-GGUF/blob/main/google_gemma-3-4b-it-Q4_K_S.gguf",
        "Type": "Q4_K_S",
        "Size": "2.38GB",
        "Notes": "Slightly lower quality with more space savings, recommended."
      },
      {
        "Name": "gemma-3-4b-it-Q4_0.gguf",
        "Link": "https://huggingface.co/bartowski/google_gemma-3-4b-it-GGUF/blob/main/google_gemma-3-4b-it-Q4_0.gguf",
        "Type": "Q4_0",
        "Size": "2.37GB",
        "Notes": "Legacy format, offers online repacking for ARM and AVX CPU inference."
      },
      {
        "Name": "gemma-3-4b-it-IQ4_NL.gguf",
        "Link": "https://huggingface.co/bartowski/google_gemma-3-4b-it-GGUF/blob/main/google_gemma-3-4b-it-IQ4_NL.gguf",
        "Type": "IQ4_NL",
        "Size": "2.36GB",
        "Notes": "Similar to IQ4_XS, but slightly larger. Offers online repacking for ARM CPU inference."
      },
      {
        "Name": "gemma-3-4b-it-IQ4_XS.gguf",
        "Link": "https://huggingface.co/bartowski/google_gemma-3-4b-it-GGUF/blob/main/google_gemma-3-4b-it-IQ4_XS.gguf",
        "Type": "IQ4_XS",
        "Size": "2.26GB",
        "Notes": "Decent quality, smaller than Q4_K_S with similar performance, recommended."
      },
      {
        "Name": "gemma-3-4b-it-Q3_K_L.gguf",
        "Link": "https://huggingface.co/bartowski/google_gemma-3-4b-it-GGUF/blob/main/google_gemma-3-4b-it-Q3_K_L.gguf",
        "Type": "Q3_K_L",
        "Size": "2.24GB",
        "Notes": "Lower quality but usable, good for low RAM availability."
      },
      {
        "Name": "gemma-3-4b-it-Q3_K_M.gguf",
        "Link": "https://huggingface.co/bartowski/google_gemma-3-4b-it-GGUF/blob/main/google_gemma-3-4b-it-Q3_K_M.gguf",
        "Type": "Q3_K_M",
        "Size": "2.10GB",
        "Notes": "Low quality."
      },
      {
        "Name": "gemma-3-4b-it-IQ3_M.gguf",
        "Link": "https://huggingface.co/bartowski/google_gemma-3-4b-it-GGUF/blob/main/google_gemma-3-4b-it-IQ3_M.gguf",
        "Type": "IQ3_M",
        "Size": "1.99GB",
        "Notes": "Medium-low quality, new method with decent performance comparable to Q3_K_M."
      },
      {
        "Name": "gemma-3-4b-it-Q3_K_S.gguf",
        "Link": "https://huggingface.co/bartowski/google_gemma-3-4b-it-GGUF/blob/main/google_gemma-3-4b-it-Q3_K_S.gguf",
        "Type": "Q3_K_S",
        "Size": "1.94GB",
        "Notes": "Low quality, not recommended."
      },
      {
        "Name": "gemma-3-4b-it-Q2_K_L.gguf",
        "Link": "https://huggingface.co/bartowski/google_gemma-3-4b-it-GGUF/blob/main/google_gemma-3-4b-it-Q2_K_L.gguf",
        "Type": "Q2_K_L",
        "Size": "1.89GB",
        "Notes": "Uses Q8_0 for embed and output weights. Very low quality but surprisingly usable."
      },
      {
        "Name": "gemma-3-4b-it-IQ3_XS.gguf",
        "Link": "https://huggingface.co/bartowski/google_gemma-3-4b-it-GGUF/blob/main/google_gemma-3-4b-it-IQ3_XS.gguf",
        "Type": "IQ3_XS",
        "Size": "1.86GB",
        "Notes": "Lower quality, new method with decent performance, slightly better than Q3_K_S."
      },
      {
        "Name": "gemma-3-4b-it-Q2_K.gguf",
        "Link": "https://huggingface.co/bartowski/google_gemma-3-4b-it-GGUF/blob/main/google_gemma-3-4b-it-Q2_K.gguf",
        "Type": "Q2_K",
        "Size": "1.73GB",
        "Notes": "Very low quality but surprisingly usable."
      },
      {
        "Name": "gemma-3-4b-it-IQ3_XXS.gguf",
        "Link": "https://huggingface.co/bartowski/google_gemma-3-4b-it-GGUF/blob/main/google_gemma-3-4b-it-IQ3_XXS.gguf",
        "Type": "IQ3_XXS",
        "Size": "1.69GB",
        "Notes": "Lower quality, new method with decent performance, comparable to Q3 quants."
      },
      {
        "Name": "gemma-3-4b-it-IQ2_M.gguf",
        "Link": "https://huggingface.co/bartowski/google_gemma-3-4b-it-GGUF/blob/main/google_gemma-3-4b-it-IQ2_M.gguf",
        "Type": "IQ2_M",
        "Size": "1.54GB",
        "Notes": "Relatively low quality, uses SOTA techniques to be surprisingly usable."
      }
    ]
  },
  "Dataset": {
    "Name": "imatrix calibration dataset",
    "Sources": "https://gist.github.com/bartowski1182/eb213dccb3571f863da82e99418f81e8",
    "Description": "Dataset used for imatrix quantization calibration."
  },
  "Model_Architecture": {
    "Architecture_Type": "Multimodal Large Language Model",
    "Base_Architecture": "Gemma-3-4b-it",
    "Number_Parameters": "3.4B",
    "Parameters": "Not provided",
    "Input_Type": [
      "Image",
      "Text"
    ],
    "Output_Type": "Text"
  },
  "Training_Details": {
    "Training_Data": "imatrix calibration dataset",
    "Preprocessing": "imatrix quantization, Gemma 3 clip support building, online repacking for ARM and AVX CPU inference",
    "Hyperparameters": "Not provided"
  },
  "Evaluation": {
    "Evaluation_Data": "Not provided",
    "Performance_Metrics": "Not provided",
    "Source": "Not provided"
  },
  "Intended_Use": {
    "Task": [
      "Image-to-Text",
      "Text Generation"
    ]
  },
  "Bias_Risks_and_Limitations": {
    "Limitations": "I-quants are not compatible with Vulcan (AMD GPUs). Some lower quality quantizations are not recommended. Online repacking may result in slower loading times."
  },
  "License": "Not provided"
}