{
  "Model_Description": {
    "Name": "bartowski/huihui-ai_Huihui-gemma-3n-E4B-it-abliterated-GGUF",
    "Description": "This model card provides various GGUF quantized versions of the Huihui-gemma-3n-E4B-it-abliterated model, optimized for CPU and GPU inference using llama.cpp."
  },
  "Model_Sources": {
    "Repository": "https://huggingface.co/huihui-ai/Huihui-gemma-3n-E4B-it-abliterated",
    "Paper": "Not provided",
    "Demo": "Not provided"
  },
  "Citation": "Not provided",
  "Contact": {
    "Author": "bartowski",
    "Email": "Not provided",
    "Community": [
      "https://ko-fi.com/bartowski"
    ]
  },
  "Technical_Requirements": {
    "Software": [
      "llama.cpp",
      "LM Studio",
      "huggingface_hub[cli]"
    ],
    "Hardware": {
      "CPU": "Not provided",
      "GPU": "Not provided",
      "RAM": "Not provided",
      "Storage": "Not provided"
    }
  },
  "Access_and_Distribution": {
    "Download_Link": "Not provided",
    "Model_Variants": [
      {
        "Name": "Huihui-gemma-3n-E4B-it-abliterated-bf16.gguf",
        "Link": "https://huggingface.co/bartowski/huihui-ai_Huihui-gemma-3n-E4B-it-abliterated-GGUF/blob/main/huihui-ai_Huihui-gemma-3n-E4B-it-abliterated-bf16.gguf",
        "Type": "bf16",
        "Size": "13.74GB",
        "Notes": "Full BF16 weights."
      },
      {
        "Name": "Huihui-gemma-3n-E4B-it-abliterated-Q8_0.gguf",
        "Link": "https://huggingface.co/bartowski/huihui-ai_Huihui-gemma-3n-E4B-it-abliterated-GGUF/blob/main/huihui-ai_Huihui-gemma-3n-E4B-it-abliterated-Q8_0.gguf",
        "Type": "Q8_0",
        "Size": "7.35GB",
        "Notes": "Extremely high quality, generally unneeded but max available quant."
      },
      {
        "Name": "Huihui-gemma-3n-E4B-it-abliterated-Q6_K_L.gguf",
        "Link": "https://huggingface.co/bartowski/huihui-ai_Huihui-gemma-3n-E4B-it-abliterated-GGUF/blob/main/huihui-ai_Huihui-gemma-3n-E4B-it-abliterated-Q6_K_L.gguf",
        "Type": "Q6_K_L",
        "Size": "6.40GB",
        "Notes": "Uses Q8_0 for embed and output weights. Very high quality, near perfect, *recommended*."
      },
      {
        "Name": "Huihui-gemma-3n-E4B-it-abliterated-Q5_K_L.gguf",
        "Link": "https://huggingface.co/bartowski/huihui-ai_Huihui-gemma-3n-E4B-it-abliterated-GGUF/blob/main/huihui-ai_Huihui-gemma-3n-E4B-it-abliterated-Q5_K_L.gguf",
        "Type": "Q5_K_L",
        "Size": "5.96GB",
        "Notes": "Uses Q8_0 for embed and output weights. High quality, *recommended*."
      },
      {
        "Name": "Huihui-gemma-3n-E4B-it-abliterated-Q6_K.gguf",
        "Link": "https://huggingface.co/bartowski/huihui-ai_Huihui-gemma-3n-E4B-it-abliterated-GGUF/blob/main/huihui-ai_Huihui-gemma-3n-E4B-it-abliterated-Q6_K.gguf",
        "Type": "Q6_K",
        "Size": "5.70GB",
        "Notes": "Very high quality, near perfect, *recommended*."
      },
      {
        "Name": "Huihui-gemma-3n-E4B-it-abliterated-Q4_K_L.gguf",
        "Link": "https://huggingface.co/bartowski/huihui-ai_Huihui-gemma-3n-E4B-it-abliterated-GGUF/blob/main/huihui-ai_Huihui-gemma-3n-E4B-it-abliterated-Q4_K_L.gguf",
        "Type": "Q4_K_L",
        "Size": "5.54GB",
        "Notes": "Uses Q8_0 for embed and output weights. Good quality, *recommended*."
      },
      {
        "Name": "Huihui-gemma-3n-E4B-it-abliterated-Q3_K_XL.gguf",
        "Link": "https://huggingface.co/bartowski/huihui-ai_Huihui-gemma-3n-E4B-it-abliterated-GGUF/blob/main/huihui-ai_Huihui-gemma-3n-E4B-it-abliterated-Q3_K_XL.gguf",
        "Type": "Q3_K_XL",
        "Size": "5.22GB",
        "Notes": "Uses Q8_0 for embed and output weights. Lower quality but usable, good for low RAM availability."
      },
      {
        "Name": "Huihui-gemma-3n-E4B-it-abliterated-Q5_K_M.gguf",
        "Link": "https://huggingface.co/bartowski/huihui-ai_Huihui-gemma-3n-E4B-it-abliterated-GGUF/blob/main/huihui-ai_Huihui-gemma-3n-E4B-it-abliterated-Q5_K_M.gguf",
        "Type": "Q5_K_M",
        "Size": "4.95GB",
        "Notes": "High quality, *recommended*."
      },
      {
        "Name": "Huihui-gemma-3n-E4B-it-abliterated-Q5_K_S.gguf",
        "Link": "https://huggingface.co/bartowski/huihui-ai_Huihui-gemma-3n-E4B-it-abliterated-GGUF/blob/main/huihui-ai_Huihui-gemma-3n-E4B-it-abliterated-Q5_K_S.gguf",
        "Type": "Q5_K_S",
        "Size": "4.87GB",
        "Notes": "High quality, *recommended*."
      },
      {
        "Name": "Huihui-gemma-3n-E4B-it-abliterated-Q2_K_L.gguf",
        "Link": "https://huggingface.co/bartowski/huihui-ai_Huihui-gemma-3n-E4B-it-abliterated-GGUF/blob/main/huihui-ai_Huihui-gemma-3n-E4B-it-abliterated-Q2_K_L.gguf",
        "Type": "Q2_K_L",
        "Size": "4.61GB",
        "Notes": "Uses Q8_0 for embed and output weights. Very low quality but surprisingly usable."
      },
      {
        "Name": "Huihui-gemma-3n-E4B-it-abliterated-Q4_1.gguf",
        "Link": "https://huggingface.co/bartowski/huihui-ai_Huihui-gemma-3n-E4B-it-abliterated-GGUF/blob/main/huihui-ai_Huihui-gemma-3n-E4B-it-abliterated-Q4_1.gguf",
        "Type": "Q4_1",
        "Size": "4.48GB",
        "Notes": "Legacy format, similar performance to Q4_K_S but with improved tokens/watt on Apple silicon."
      },
      {
        "Name": "Huihui-gemma-3n-E4B-it-abliterated-Q4_K_M.gguf",
        "Link": "https://huggingface.co/bartowski/huihui-ai_Huihui-gemma-3n-E4B-it-abliterated-GGUF/blob/main/huihui-ai_Huihui-gemma-3n-E4B-it-abliterated-Q4_K_M.gguf",
        "Type": "Q4_K_M",
        "Size": "4.24GB",
        "Notes": "Good quality, default size for most use cases, *recommended*."
      },
      {
        "Name": "Huihui-gemma-3n-E4B-it-abliterated-Q4_K_S.gguf",
        "Link": "https://huggingface.co/bartowski/huihui-ai_Huihui-gemma-3n-E4B-it-abliterated-GGUF/blob/main/huihui-ai_Huihui-gemma-3n-E4B-it-abliterated-Q4_K_S.gguf",
        "Type": "Q4_K_S",
        "Size": "4.10GB",
        "Notes": "Slightly lower quality with more space savings, *recommended*."
      },
      {
        "Name": "Huihui-gemma-3n-E4B-it-abliterated-Q4_0.gguf",
        "Link": "https://huggingface.co/bartowski/huihui-ai_Huihui-gemma-3n-E4B-it-abliterated-GGUF/blob/main/huihui-ai_Huihui-gemma-3n-E4B-it-abliterated-Q4_0.gguf",
        "Type": "Q4_0",
        "Size": "4.09GB",
        "Notes": "Legacy format, offers online repacking for ARM and AVX CPU inference."
      },
      {
        "Name": "Huihui-gemma-3n-E4B-it-abliterated-IQ4_NL.gguf",
        "Link": "https://huggingface.co/bartowski/huihui-ai_Huihui-gemma-3n-E4B-it-abliterated-GGUF/blob/main/huihui-ai_Huihui-gemma-3n-E4B-it-abliterated-IQ4_NL.gguf",
        "Type": "IQ4_NL",
        "Size": "4.09GB",
        "Notes": "Similar to IQ4_XS, but slightly larger. Offers online repacking for ARM CPU inference."
      },
      {
        "Name": "Huihui-gemma-3n-E4B-it-abliterated-IQ4_XS.gguf",
        "Link": "https://huggingface.co/bartowski/huihui-ai_Huihui-gemma-3n-E4B-it-abliterated-GGUF/blob/main/huihui-ai_Huihui-gemma-3n-E4B-it-abliterated-IQ4_XS.gguf",
        "Type": "IQ4_XS",
        "Size": "3.90GB",
        "Notes": "Decent quality, smaller than Q4_K_S with similar performance, *recommended*."
      },
      {
        "Name": "Huihui-gemma-3n-E4B-it-abliterated-Q3_K_L.gguf",
        "Link": "https://huggingface.co/bartowski/huihui-ai_Huihui-gemma-3n-E4B-it-abliterated-GGUF/blob/main/huihui-ai_Huihui-gemma-3n-E4B-it-abliterated-Q3_K_L.gguf",
        "Type": "Q3_K_L",
        "Size": "3.60GB",
        "Notes": "Lower quality but usable, good for low RAM availability."
      },
      {
        "Name": "Huihui-gemma-3n-E4B-it-abliterated-Q3_K_M.gguf",
        "Link": "https://huggingface.co/bartowski/huihui-ai_Huihui-gemma-3n-E4B-it-abliterated-GGUF/blob/main/huihui-ai_Huihui-gemma-3n-E4B-it-abliterated-Q3_K_M.gguf",
        "Type": "Q3_K_M",
        "Size": "3.44GB",
        "Notes": "Low quality."
      },
      {
        "Name": "Huihui-gemma-3n-E4B-it-abliterated-IQ3_M.gguf",
        "Link": "https://huggingface.co/bartowski/huihui-ai_Huihui-gemma-3n-E4B-it-abliterated-GGUF/blob/main/huihui-ai_Huihui-gemma-3n-E4B-it-abliterated-IQ3_M.gguf",
        "Type": "IQ3_M",
        "Size": "3.29GB",
        "Notes": "Medium-low quality, new method with decent performance comparable to Q3_K_M."
      },
      {
        "Name": "Huihui-gemma-3n-E4B-it-abliterated-Q3_K_S.gguf",
        "Link": "https://huggingface.co/bartowski/huihui-ai_Huihui-gemma-3n-E4B-it-abliterated-GGUF/blob/main/huihui-ai_Huihui-gemma-3n-E4B-it-abliterated-Q3_K_S.gguf",
        "Type": "Q3_K_S",
        "Size": "3.25GB",
        "Notes": "Low quality, not recommended."
      },
      {
        "Name": "Huihui-gemma-3n-E4B-it-abliterated-IQ3_XS.gguf",
        "Link": "https://huggingface.co/bartowski/huihui-ai_Huihui-gemma-3n-E4B-it-abliterated-GGUF/blob/main/huihui-ai_Huihui-gemma-3n-E4B-it-abliterated-IQ3_XS.gguf",
        "Type": "IQ3_XS",
        "Size": "3.17GB",
        "Notes": "Lower quality, new method with decent performance, slightly better than Q3_K_S."
      },
      {
        "Name": "Huihui-gemma-3n-E4B-it-abliterated-Q2_K.gguf",
        "Link": "https://huggingface.co/bartowski/huihui-ai_Huihui-gemma-3n-E4B-it-abliterated-GGUF/blob/main/huihui-ai_Huihui-gemma-3n-E4B-it-abliterated-Q2_K.gguf",
        "Type": "Q2_K",
        "Size": "2.76GB",
        "Notes": "Very low quality but surprisingly usable."
      }
    ]
  },
  "Dataset": {
    "Name": "Not provided",
    "Sources": "https://gist.github.com/bartowski1182/eb213dccb3571f863da82e99418f81e8",
    "Description": "Not provided"
  },
  "Model_Architecture": {
    "Architecture_Type": "Not provided",
    "Base_Architecture": "Gemma",
    "Number_Parameters": "Not provided",
    "Parameters": "Not provided",
    "Input_Type": "Text",
    "Output_Type": "Text"
  },
  "Training_Details": {
    "Training_Data": "Not provided",
    "Preprocessing": "imatrix quantization; online repacking for ARM and AVX CPU inference (for Q4_0 and IQ4_NL)",
    "Hyperparameters": "Not provided"
  },
  "Evaluation": {
    "Evaluation_Data": "Not provided",
    "Performance_Metrics": "Not provided",
    "Source": "Not provided"
  },
  "Intended_Use": {
    "Task": [
      "text-generation",
      "automatic-speech-recognition",
      "automatic-speech-translation"
    ]
  },
  "Bias_Risks_and_Limitations": {
    "Limitations": "No chat template specified so default is used, which may be incorrect. Some quantized versions offer lower quality but are usable, while others are not recommended."
  },
  "License": "gemma"
}