{
  "Model_Description": {
    "Name": "bartowski/magnum-v4-12b-GGUF",
    "Description": "This model card provides GGUF imatrix quantizations of the magnum-v4-12b model, offering various quality and size options optimized for different hardware configurations."
  },
  "Model_Sources": {
    "Repository": "https://huggingface.co/anthracite-org/magnum-v4-12b",
    "Paper": "Not provided",
    "Demo": "Not provided"
  },
  "Citation": "Not provided",
  "Contact": {
    "Author": "bartowski",
    "Email": "Not provided",
    "Community": [
      "https://ko-fi.com/bartowski"
    ]
  },
  "Technical_Requirements": {
    "Software": [
      "llama.cpp b3930",
      "huggingface_hub[cli]"
    ],
    "Hardware": {
      "CPU": "Not provided",
      "GPU": [
        "NVIDIA GPUs (cuBLAS)",
        "AMD GPUs (rocBLAS)",
        "Apple Metal compatible GPUs"
      ],
      "RAM": "Not provided",
      "Storage": "Not provided"
    }
  },
  "Access_and_Distribution": {
    "Download_Link": "Not provided",
    "Model_Variants": [
      {
        "Name": "magnum-v4-12b-f16.gguf",
        "Link": "https://huggingface.co/bartowski/magnum-v4-12b-GGUF/blob/main/magnum-v4-12b-f16.gguf",
        "Type": "f16",
        "Size": "24.50GB",
        "Notes": "Full F16 weights."
      },
      {
        "Name": "magnum-v4-12b-Q8_0.gguf",
        "Link": "https://huggingface.co/bartowski/magnum-v4-12b-GGUF/blob/main/magnum-v4-12b-Q8_0.gguf",
        "Type": "Q8_0",
        "Size": "13.02GB",
        "Notes": "Extremely high quality, generally unneeded but max available quant."
      },
      {
        "Name": "magnum-v4-12b-Q6_K_L.gguf",
        "Link": "https://huggingface.co/bartowski/magnum-v4-12b-GGUF/blob/main/magnum-v4-12b-Q6_K_L.gguf",
        "Type": "Q6_K_L",
        "Size": "10.38GB",
        "Notes": "Uses Q8_0 for embed and output weights. Very high quality, near perfect, recommended."
      },
      {
        "Name": "magnum-v4-12b-Q6_K.gguf",
        "Link": "https://huggingface.co/bartowski/magnum-v4-12b-GGUF/blob/main/magnum-v4-12b-Q6_K.gguf",
        "Type": "Q6_K",
        "Size": "10.06GB",
        "Notes": "Very high quality, near perfect, recommended."
      },
      {
        "Name": "magnum-v4-12b-Q5_K_L.gguf",
        "Link": "https://huggingface.co/bartowski/magnum-v4-12b-GGUF/blob/main/magnum-v4-12b-Q5_K_L.gguf",
        "Type": "Q5_K_L",
        "Size": "9.14GB",
        "Notes": "Uses Q8_0 for embed and output weights. High quality, recommended."
      },
      {
        "Name": "magnum-v4-12b-Q5_K_M.gguf",
        "Link": "https://huggingface.co/bartowski/magnum-v4-12b-GGUF/blob/main/magnum-v4-12b-Q5_K_M.gguf",
        "Type": "Q5_K_M",
        "Size": "8.73GB",
        "Notes": "High quality, recommended."
      },
      {
        "Name": "magnum-v4-12b-Q5_K_S.gguf",
        "Link": "https://huggingface.co/bartowski/magnum-v4-12b-GGUF/blob/main/magnum-v4-12b-Q5_K_S.gguf",
        "Type": "Q5_K_S",
        "Size": "8.52GB",
        "Notes": "High quality, recommended."
      },
      {
        "Name": "magnum-v4-12b-Q4_K_L.gguf",
        "Link": "https://huggingface.co/bartowski/magnum-v4-12b-GGUF/blob/main/magnum-v4-12b-Q4_K_L.gguf",
        "Type": "Q4_K_L",
        "Size": "7.98GB",
        "Notes": "Uses Q8_0 for embed and output weights. Good quality, recommended."
      },
      {
        "Name": "magnum-v4-12b-Q4_K_M.gguf",
        "Link": "https://huggingface.co/bartowski/magnum-v4-12b-GGUF/blob/main/magnum-v4-12b-Q4_K_M.gguf",
        "Type": "Q4_K_M",
        "Size": "7.48GB",
        "Notes": "Good quality, default size for must use cases, recommended."
      },
      {
        "Name": "magnum-v4-12b-Q3_K_XL.gguf",
        "Link": "https://huggingface.co/bartowski/magnum-v4-12b-GGUF/blob/main/magnum-v4-12b-Q3_K_XL.gguf",
        "Type": "Q3_K_XL",
        "Size": "7.15GB",
        "Notes": "Uses Q8_0 for embed and output weights. Lower quality but usable, good for low RAM availability."
      },
      {
        "Name": "magnum-v4-12b-Q4_K_S.gguf",
        "Link": "https://huggingface.co/bartowski/magnum-v4-12b-GGUF/blob/main/magnum-v4-12b-Q4_K_S.gguf",
        "Type": "Q4_K_S",
        "Size": "7.12GB",
        "Notes": "Slightly lower quality with more space savings, recommended."
      },
      {
        "Name": "magnum-v4-12b-Q4_0.gguf",
        "Link": "https://huggingface.co/bartowski/magnum-v4-12b-GGUF/blob/main/magnum-v4-12b-Q4_0.gguf",
        "Type": "Q4_0",
        "Size": "7.09GB",
        "Notes": "Legacy format, generally not worth using over similarly sized formats."
      },
      {
        "Name": "magnum-v4-12b-Q4_0_8_8.gguf",
        "Link": "https://huggingface.co/bartowski/magnum-v4-12b-GGUF/blob/main/magnum-v4-12b-Q4_0_8_8.gguf",
        "Type": "Q4_0_8_8",
        "Size": "7.07GB",
        "Notes": "Optimized for ARM inference. Requires 'sve' support. Don't use on Mac or Windows."
      },
      {
        "Name": "magnum-v4-12b-Q4_0_4_8.gguf",
        "Link": "https://huggingface.co/bartowski/magnum-v4-12b-GGUF/blob/main/magnum-v4-12b-Q4_0_4_8.gguf",
        "Type": "Q4_0_4_8",
        "Size": "7.07GB",
        "Notes": "Optimized for ARM inference. Requires 'i8mm' support. Don't use on Mac or Windows."
      },
      {
        "Name": "magnum-v4-12b-Q4_0_4_4.gguf",
        "Link": "https://huggingface.co/bartowski/magnum-v4-12b-GGUF/blob/main/magnum-v4-12b-Q4_0_4_4.gguf",
        "Type": "Q4_0_4_4",
        "Size": "7.07GB",
        "Notes": "Optimized for ARM inference. Should work well on all ARM chips, pick this if you're unsure. Don't use on Mac or Windows."
      },
      {
        "Name": "magnum-v4-12b-IQ4_XS.gguf",
        "Link": "https://huggingface.co/bartowski/magnum-v4-12b-GGUF/blob/main/magnum-v4-12b-IQ4_XS.gguf",
        "Type": "IQ4_XS",
        "Size": "6.74GB",
        "Notes": "Decent quality, smaller than Q4_K_S with similar performance, recommended."
      },
      {
        "Name": "magnum-v4-12b-Q3_K_L.gguf",
        "Link": "https://huggingface.co/bartowski/magnum-v4-12b-GGUF/blob/main/magnum-v4-12b-Q3_K_L.gguf",
        "Type": "Q3_K_L",
        "Size": "6.56GB",
        "Notes": "Lower quality but usable, good for low RAM availability."
      },
      {
        "Name": "magnum-v4-12b-Q3_K_M.gguf",
        "Link": "https://huggingface.co/bartowski/magnum-v4-12b-GGUF/blob/main/magnum-v4-12b-Q3_K_M.gguf",
        "Type": "Q3_K_M",
        "Size": "6.08GB",
        "Notes": "Low quality."
      },
      {
        "Name": "magnum-v4-12b-IQ3_M.gguf",
        "Link": "https://huggingface.co/bartowski/magnum-v4-12b-GGUF/blob/main/magnum-v4-12b-IQ3_M.gguf",
        "Type": "IQ3_M",
        "Size": "5.72GB",
        "Notes": "Medium-low quality, new method with decent performance comparable to Q3_K_M."
      },
      {
        "Name": "magnum-v4-12b-Q3_K_S.gguf",
        "Link": "https://huggingface.co/bartowski/magnum-v4-12b-GGUF/blob/main/magnum-v4-12b-Q3_K_S.gguf",
        "Type": "Q3_K_S",
        "Size": "5.53GB",
        "Notes": "Low quality, not recommended."
      },
      {
        "Name": "magnum-v4-12b-Q2_K_L.gguf",
        "Link": "https://huggingface.co/bartowski/magnum-v4-12b-GGUF/blob/main/magnum-v4-12b-Q2_K_L.gguf",
        "Type": "Q2_K_L",
        "Size": "5.45GB",
        "Notes": "Uses Q8_0 for embed and output weights. Very low quality but surprisingly usable."
      },
      {
        "Name": "magnum-v4-12b-IQ3_XS.gguf",
        "Link": "https://huggingface.co/bartowski/magnum-v4-12b-GGUF/blob/main/magnum-v4-12b-IQ3_XS.gguf",
        "Type": "IQ3_XS",
        "Size": "5.31GB",
        "Notes": "Lower quality, new method with decent performance, slightly better than Q3_K_S."
      },
      {
        "Name": "magnum-v4-12b-Q2_K.gguf",
        "Link": "https://huggingface.co/bartowski/magnum-v4-12b-GGUF/blob/main/magnum-v4-12b-Q2_K.gguf",
        "Type": "Q2_K",
        "Size": "4.79GB",
        "Notes": "Very low quality but surprisingly usable."
      },
      {
        "Name": "magnum-v4-12b-IQ2_M.gguf",
        "Link": "https://huggingface.co/bartowski/magnum-v4-12b-GGUF/blob/main/magnum-v4-12b-IQ2_M.gguf",
        "Type": "IQ2_M",
        "Size": "4.44GB",
        "Notes": "Relatively low quality, uses SOTA techniques to be surprisingly usable."
      },
      {
        "Name": "magnum-v4-12b-IQ2_S.gguf",
        "Link": "https://huggingface.co/bartowski/magnum-v4-12b-GGUF/blob/main/magnum-v4-12b-IQ2_S.gguf",
        "Type": "IQ2_S",
        "Size": "4.14GB",
        "Notes": "Low quality, uses SOTA techniques to be usable."
      }
    ]
  },
  "Dataset": {
    "Name": "imatrix calibration dataset",
    "Sources": "https://gist.github.com/bartowski1182/eb213dccb3571f863da82e99418f81e8",
    "Description": "Dataset used for imatrix quantization calibration."
  },
  "Model_Architecture": {
    "Architecture_Type": "Not provided",
    "Base_Architecture": "magnum-v4-12b",
    "Number_Parameters": "12B",
    "Parameters": "Not provided",
    "Input_Type": "Text",
    "Output_Type": "Text"
  },
  "Training_Details": {
    "Training_Data": "Not provided",
    "Preprocessing": "Not provided",
    "Hyperparameters": "Not provided"
  },
  "Evaluation": {
    "Evaluation_Data": "Not provided",
    "Performance_Metrics": "Not provided",
    "Source": "Not provided"
  },
  "Intended_Use": {
    "Task": [
      "text generation",
      "chat"
    ]
  },
  "Bias_Risks_and_Limitations": {
    "Limitations": "Lower quality quantizations are available for low RAM, but may compromise performance. Specific Q4_0_X_X quants are optimized for ARM inference and are not recommended for Mac or Windows."
  },
  "License": "mrl"
}