{
  "Model_Description": {
    "Name": "bartowski/Ministral-8B-Instruct-2410-GGUF",
    "Description": "This model provides Llamacpp imatrix quantizations of the Ministral-8B-Instruct-2410 model, optimized for various hardware configurations and intended for text generation."
  },
  "Model_Sources": {
    "Repository": "https://huggingface.co/mistralai/Ministral-8B-Instruct-2410",
    "Paper": "Not provided",
    "Demo": "https://lmstudio.ai/"
  },
  "Citation": "Not provided",
  "Contact": {
    "Author": "bartowski",
    "Email": "Not provided",
    "Community": [
      "https://ko-fi.com/bartowski"
    ]
  },
  "Technical_Requirements": {
    "Software": [
      "llama.cpp b3930",
      "LM Studio",
      "huggingface_hub[cli]"
    ],
    "Hardware": {
      "CPU": "Not provided",
      "GPU": [
        "Nvidia (cuBLAS)",
        "AMD (rocBLAS)",
        "ARM chips"
      ],
      "RAM": "Not provided",
      "Storage": "Not provided"
    }
  },
  "Access_and_Distribution": {
    "Download_Link": "Not provided",
    "Model_Variants": [
      {
        "Name": "Ministral-8B-Instruct-2410-f16.gguf",
        "Link": "https://huggingface.co/bartowski/Ministral-8B-Instruct-2410-GGUF/blob/main/Ministral-8B-Instruct-2410-f16.gguf",
        "Type": "f16",
        "Size": "16.05GB",
        "Notes": "Full F16 weights."
      },
      {
        "Name": "Ministral-8B-Instruct-2410-Q8_0.gguf",
        "Link": "https://huggingface.co/bartowski/Ministral-8B-Instruct-2410-GGUF/blob/main/Ministral-8B-Instruct-2410-Q8_0.gguf",
        "Type": "Q8_0",
        "Size": "8.53GB",
        "Notes": "Extremely high quality, generally unneeded but max available quant."
      },
      {
        "Name": "Ministral-8B-Instruct-2410-Q6_K_L.gguf",
        "Link": "https://huggingface.co/bartowski/Ministral-8B-Instruct-2410-GGUF/blob/main/Ministral-8B-Instruct-2410-Q6_K_L.gguf",
        "Type": "Q6_K_L",
        "Size": "6.85GB",
        "Notes": "Uses Q8_0 for embed and output weights. Very high quality, near perfect, recommended."
      },
      {
        "Name": "Ministral-8B-Instruct-2410-Q6_K.gguf",
        "Link": "https://huggingface.co/bartowski/Ministral-8B-Instruct-2410-GGUF/blob/main/Ministral-8B-Instruct-2410-Q6_K.gguf",
        "Type": "Q6_K",
        "Size": "6.59GB",
        "Notes": "Very high quality, near perfect, recommended."
      },
      {
        "Name": "Ministral-8B-Instruct-2410-Q5_K_L.gguf",
        "Link": "https://huggingface.co/bartowski/Ministral-8B-Instruct-2410-GGUF/blob/main/Ministral-8B-Instruct-2410-Q5_K_L.gguf",
        "Type": "Q5_K_L",
        "Size": "6.06GB",
        "Notes": "Uses Q8_0 for embed and output weights. High quality, recommended."
      },
      {
        "Name": "Ministral-8B-Instruct-2410-Q5_K_M.gguf",
        "Link": "https://huggingface.co/bartowski/Ministral-8B-Instruct-2410-GGUF/blob/main/Ministral-8B-Instruct-2410-Q5_K_M.gguf",
        "Type": "Q5_K_M",
        "Size": "5.72GB",
        "Notes": "High quality, recommended."
      },
      {
        "Name": "Ministral-8B-Instruct-2410-Q5_K_S.gguf",
        "Link": "https://huggingface.co/bartowski/Ministral-8B-Instruct-2410-GGUF/blob/main/Ministral-8B-Instruct-2410-Q5_K_S.gguf",
        "Type": "Q5_K_S",
        "Size": "5.59GB",
        "Notes": "High quality, recommended."
      },
      {
        "Name": "Ministral-8B-Instruct-2410-Q4_K_L.gguf",
        "Link": "https://huggingface.co/bartowski/Ministral-8B-Instruct-2410-GGUF/blob/main/Ministral-8B-Instruct-2410-Q4_K_L.gguf",
        "Type": "Q4_K_L",
        "Size": "5.31GB",
        "Notes": "Uses Q8_0 for embed and output weights. Good quality, recommended."
      },
      {
        "Name": "Ministral-8B-Instruct-2410-Q4_K_M.gguf",
        "Link": "https://huggingface.co/bartowski/Ministral-8B-Instruct-2410-GGUF/blob/main/Ministral-8B-Instruct-2410-Q4_K_M.gguf",
        "Type": "Q4_K_M",
        "Size": "4.91GB",
        "Notes": "Good quality, default size for must use cases, recommended."
      },
      {
        "Name": "Ministral-8B-Instruct-2410-Q3_K_XL.gguf",
        "Link": "https://huggingface.co/bartowski/Ministral-8B-Instruct-2410-GGUF/blob/main/Ministral-8B-Instruct-2410-Q3_K_XL.gguf",
        "Type": "Q3_K_XL",
        "Size": "4.80GB",
        "Notes": "Uses Q8_0 for embed and output weights. Lower quality but usable, good for low RAM availability."
      },
      {
        "Name": "Ministral-8B-Instruct-2410-Q4_K_S.gguf",
        "Link": "https://huggingface.co/bartowski/Ministral-8B-Instruct-2410-GGUF/blob/main/Ministral-8B-Instruct-2410-Q4_K_S.gguf",
        "Type": "Q4_K_S",
        "Size": "4.69GB",
        "Notes": "Slightly lower quality with more space savings, recommended."
      },
      {
        "Name": "Ministral-8B-Instruct-2410-Q4_0.gguf",
        "Link": "https://huggingface.co/bartowski/Ministral-8B-Instruct-2410-GGUF/blob/main/Ministral-8B-Instruct-2410-Q4_0.gguf",
        "Type": "Q4_0",
        "Size": "4.67GB",
        "Notes": "Legacy format, generally not worth using over similarly sized formats"
      },
      {
        "Name": "Ministral-8B-Instruct-2410-Q4_0_8_8.gguf",
        "Link": "https://huggingface.co/bartowski/Ministral-8B-Instruct-2410-GGUF/blob/main/Ministral-8B-Instruct-2410-Q4_0_8_8.gguf",
        "Type": "Q4_0_8_8",
        "Size": "4.66GB",
        "Notes": "Optimized for ARM inference. Requires 'sve' support. Don't use on Mac or Windows."
      },
      {
        "Name": "Ministral-8B-Instruct-2410-Q4_0_4_8.gguf",
        "Link": "https://huggingface.co/bartowski/Ministral-8B-Instruct-2410-GGUF/blob/main/Ministral-8B-Instruct-2410-Q4_0_4_8.gguf",
        "Type": "Q4_0_4_8",
        "Size": "4.66GB",
        "Notes": "Optimized for ARM inference. Requires 'i8mm' support. Don't use on Mac or Windows."
      },
      {
        "Name": "Ministral-8B-Instruct-2410-Q4_0_4_4.gguf",
        "Link": "https://huggingface.co/bartowski/Ministral-8B-Instruct-2410-GGUF/blob/main/Ministral-8B-Instruct-2410-Q4_0_4_4.gguf",
        "Type": "Q4_0_4_4",
        "Size": "4.66GB",
        "Notes": "Optimized for ARM inference. Should work well on all ARM chips, pick this if you're unsure. Don't use on Mac or Windows."
      },
      {
        "Name": "Ministral-8B-Instruct-2410-IQ4_XS.gguf",
        "Link": "https://huggingface.co/bartowski/Ministral-8B-Instruct-2410-GGUF/blob/main/Ministral-8B-Instruct-2410-IQ4_XS.gguf",
        "Type": "IQ4_XS",
        "Size": "4.45GB",
        "Notes": "Decent quality, smaller than Q4_K_S with similar performance, recommended."
      },
      {
        "Name": "Ministral-8B-Instruct-2410-Q3_K_L.gguf",
        "Link": "https://huggingface.co/bartowski/Ministral-8B-Instruct-2410-GGUF/blob/main/Ministral-8B-Instruct-2410-Q3_K_L.gguf",
        "Type": "Q3_K_L",
        "Size": "4.33GB",
        "Notes": "Lower quality but usable, good for low RAM availability."
      },
      {
        "Name": "Ministral-8B-Instruct-2410-Q3_K_M.gguf",
        "Link": "https://huggingface.co/bartowski/Ministral-8B-Instruct-2410-GGUF/blob/main/Ministral-8B-Instruct-2410-Q3_K_M.gguf",
        "Type": "Q3_K_M",
        "Size": "4.02GB",
        "Notes": "Low quality."
      },
      {
        "Name": "Ministral-8B-Instruct-2410-IQ3_M.gguf",
        "Link": "https://huggingface.co/bartowski/Ministral-8B-Instruct-2410-GGUF/blob/main/Ministral-8B-Instruct-2410-IQ3_M.gguf",
        "Type": "IQ3_M",
        "Size": "3.79GB",
        "Notes": "Medium-low quality, new method with decent performance comparable to Q3_K_M."
      },
      {
        "Name": "Ministral-8B-Instruct-2410-Q2_K_L.gguf",
        "Link": "https://huggingface.co/bartowski/Ministral-8B-Instruct-2410-GGUF/blob/main/Ministral-8B-Instruct-2410-Q2_K_L.gguf",
        "Type": "Q2_K_L",
        "Size": "3.71GB",
        "Notes": "Uses Q8_0 for embed and output weights. Very low quality but surprisingly usable."
      },
      {
        "Name": "Ministral-8B-Instruct-2410-Q3_K_S.gguf",
        "Link": "https://huggingface.co/bartowski/Ministral-8B-Instruct-2410-GGUF/blob/main/Ministral-8B-Instruct-2410-Q3_K_S.gguf",
        "Type": "Q3_K_S",
        "Size": "3.66GB",
        "Notes": "Low quality, not recommended."
      },
      {
        "Name": "Ministral-8B-Instruct-2410-IQ3_XS.gguf",
        "Link": "https://huggingface.co/bartowski/Ministral-8B-Instruct-2410-GGUF/blob/main/Ministral-8B-Instruct-2410-IQ3_XS.gguf",
        "Type": "IQ3_XS",
        "Size": "3.52GB",
        "Notes": "Lower quality, new method with decent performance, slightly better than Q3_K_S."
      },
      {
        "Name": "Ministral-8B-Instruct-2410-Q2_K.gguf",
        "Link": "https://huggingface.co/bartowski/Ministral-8B-Instruct-2410-GGUF/blob/main/Ministral-8B-Instruct-2410-Q2_K.gguf",
        "Type": "Q2_K",
        "Size": "3.19GB",
        "Notes": "Very low quality but surprisingly usable."
      },
      {
        "Name": "Ministral-8B-Instruct-2410-IQ2_M.gguf",
        "Link": "https://huggingface.co/bartowski/Ministral-8B-Instruct-2410-GGUF/blob/main/Ministral-8B-Instruct-2410-IQ2_M.gguf",
        "Type": "IQ2_M",
        "Size": "2.96GB",
        "Notes": "Relatively low quality, uses SOTA techniques to be surprisingly usable."
      }
    ]
  },
  "Dataset": {
    "Name": "Not provided",
    "Sources": "https://gist.github.com/bartowski1182/eb213dccb3571f863da82e99418f81e8",
    "Description": "Not provided"
  },
  "Model_Architecture": {
    "Architecture_Type": "Not provided",
    "Base_Architecture": "Ministral-8B-Instruct-2410",
    "Number_Parameters": "8B",
    "Parameters": "Not provided",
    "Input_Type": "Text",
    "Output_Type": "Text"
  },
  "Training_Details": {
    "Training_Data": "Not provided",
    "Preprocessing": "imatrix quantization using a calibration dataset.",
    "Hyperparameters": "Not provided"
  },
  "Evaluation": {
    "Evaluation_Data": "Not provided",
    "Performance_Metrics": "Not provided",
    "Source": "https://gist.github.com/Artefact2/b5f810600771265fc1e39442288e8ec9"
  },
  "Intended_Use": {
    "Task": [
      "text generation"
    ]
  },
  "Bias_Risks_and_Limitations": {
    "Limitations": "The model and its derivatives are intended only for personal, scientific, or academic research, and for non-profit and non-commercial purposes. Mistral AI does not warrant that the models will be error-free or meet specific requirements."
  },
  "License": "Mistral AI Research License"
}