{
  "Model_Description": {
    "Name": "bartowski/Mistral-Nemo-Instruct-2407-GGUF",
    "Description": "This model card provides Llamacpp imatrix quantizations of the Mistral-Nemo-Instruct-2407 model, offering various optimized versions for different quality and hardware requirements."
  },
  "Model_Sources": {
    "Repository": "https://huggingface.co/mistralai/Mistral-Nemo-Instruct-2407",
    "Paper": "Not provided",
    "Demo": "https://lmstudio.ai/"
  },
  "Citation": "Not provided",
  "Contact": {
    "Author": "bartowski",
    "Email": "Not provided",
    "Community": [
      "https://ko-fi.com/bartowski"
    ]
  },
  "Technical_Requirements": {
    "Software": [
      "llama.cpp b4014",
      "huggingface_hub[cli]",
      "LM Studio"
    ],
    "Hardware": {
      "CPU": "Not provided",
      "GPU": [
        "NVIDIA (cuBLAS)",
        "AMD (rocBLAS)",
        "ARM chips"
      ],
      "RAM": "Not provided",
      "Storage": "Not provided"
    }
  },
  "Access_and_Distribution": {
    "Download_Link": "Not provided",
    "Model_Variants": [
      {
        "Name": "Mistral-Nemo-Instruct-2407-f16.gguf",
        "Link": "https://huggingface.co/bartowski/Mistral-Nemo-Instruct-2407-GGUF/blob/main/Mistral-Nemo-Instruct-2407-f16.gguf",
        "Type": "f16",
        "Size": "24.50GB",
        "Notes": "Full F16 weights."
      },
      {
        "Name": "Mistral-Nemo-Instruct-2407-Q8_0.gguf",
        "Link": "https://huggingface.co/bartowski/Mistral-Nemo-Instruct-2407-GGUF/blob/main/Mistral-Nemo-Instruct-2407-Q8_0.gguf",
        "Type": "Q8_0",
        "Size": "13.02GB",
        "Notes": "Extremely high quality, generally unneeded but max available quant."
      },
      {
        "Name": "Mistral-Nemo-Instruct-2407-Q6_K_L.gguf",
        "Link": "https://huggingface.co/bartowski/Mistral-Nemo-Instruct-2407-GGUF/blob/main/Mistral-Nemo-Instruct-2407-Q6_K_L.gguf",
        "Type": "Q6_K_L",
        "Size": "10.38GB",
        "Notes": "Uses Q8_0 for embed and output weights. Very high quality, near perfect, *recommended*."
      },
      {
        "Name": "Mistral-Nemo-Instruct-2407-Q6_K.gguf",
        "Link": "https://huggingface.co/bartowski/Mistral-Nemo-Instruct-2407-GGUF/blob/main/Mistral-Nemo-Instruct-2407-Q6_K.gguf",
        "Type": "Q6_K",
        "Size": "10.06GB",
        "Notes": "Very high quality, near perfect, *recommended*."
      },
      {
        "Name": "Mistral-Nemo-Instruct-2407-Q5_K_L.gguf",
        "Link": "https://huggingface.co/bartowski/Mistral-Nemo-Instruct-2407-GGUF/blob/main/Mistral-Nemo-Instruct-2407-Q5_K_L.gguf",
        "Type": "Q5_K_L",
        "Size": "9.14GB",
        "Notes": "Uses Q8_0 for embed and output weights. High quality, *recommended*."
      },
      {
        "Name": "Mistral-Nemo-Instruct-2407-Q5_K_M.gguf",
        "Link": "https://huggingface.co/bartowski/Mistral-Nemo-Instruct-2407-GGUF/blob/main/Mistral-Nemo-Instruct-2407-Q5_K_M.gguf",
        "Type": "Q5_K_M",
        "Size": "8.73GB",
        "Notes": "High quality, *recommended*."
      },
      {
        "Name": "Mistral-Nemo-Instruct-2407-Q5_K_S.gguf",
        "Link": "https://huggingface.co/bartowski/Mistral-Nemo-Instruct-2407-GGUF/blob/main/Mistral-Nemo-Instruct-2407-Q5_K_S.gguf",
        "Type": "Q5_K_S",
        "Size": "8.52GB",
        "Notes": "High quality, *recommended*."
      },
      {
        "Name": "Mistral-Nemo-Instruct-2407-Q4_K_L.gguf",
        "Link": "https://huggingface.co/bartowski/Mistral-Nemo-Instruct-2407-GGUF/blob/main/Mistral-Nemo-Instruct-2407-Q4_K_L.gguf",
        "Type": "Q4_K_L",
        "Size": "7.98GB",
        "Notes": "Uses Q8_0 for embed and output weights. Good quality, *recommended*."
      },
      {
        "Name": "Mistral-Nemo-Instruct-2407-Q4_K_M.gguf",
        "Link": "https://huggingface.co/bartowski/Mistral-Nemo-Instruct-2407-GGUF/blob/main/Mistral-Nemo-Instruct-2407-Q4_K_M.gguf",
        "Type": "Q4_K_M",
        "Size": "7.48GB",
        "Notes": "Good quality, default size for must use cases, *recommended*."
      },
      {
        "Name": "Mistral-Nemo-Instruct-2407-Q3_K_XL.gguf",
        "Link": "https://huggingface.co/bartowski/Mistral-Nemo-Instruct-2407-GGUF/blob/main/Mistral-Nemo-Instruct-2407-Q3_K_XL.gguf",
        "Type": "Q3_K_XL",
        "Size": "7.15GB",
        "Notes": "Uses Q8_0 for embed and output weights. Lower quality but usable, good for low RAM availability."
      },
      {
        "Name": "Mistral-Nemo-Instruct-2407-Q4_K_S.gguf",
        "Link": "https://huggingface.co/bartowski/Mistral-Nemo-Instruct-2407-GGUF/blob/main/Mistral-Nemo-Instruct-2407-Q4_K_S.gguf",
        "Type": "Q4_K_S",
        "Size": "7.12GB",
        "Notes": "Slightly lower quality with more space savings, *recommended*."
      },
      {
        "Name": "Mistral-Nemo-Instruct-2407-Q4_0.gguf",
        "Link": "https://huggingface.co/bartowski/Mistral-Nemo-Instruct-2407-GGUF/blob/main/Mistral-Nemo-Instruct-2407-Q4_0.gguf",
        "Type": "Q4_0",
        "Size": "7.09GB",
        "Notes": "Legacy format, generally not worth using over similarly sized formats"
      },
      {
        "Name": "Mistral-Nemo-Instruct-2407-Q4_0_8_8.gguf",
        "Link": "https://huggingface.co/bartowski/Mistral-Nemo-Instruct-2407-GGUF/blob/main/Mistral-Nemo-Instruct-2407-Q4_0_8_8.gguf",
        "Type": "Q4_0_8_8",
        "Size": "7.07GB",
        "Notes": "Optimized for ARM inference. Requires 'sve' support (see link below). *Don't use on Mac or Windows*."
      },
      {
        "Name": "Mistral-Nemo-Instruct-2407-Q4_0_4_8.gguf",
        "Link": "https://huggingface.co/bartowski/Mistral-Nemo-Instruct-2407-GGUF/blob/main/Mistral-Nemo-Instruct-2407-Q4_0_4_8.gguf",
        "Type": "Q4_0_4_8",
        "Size": "7.07GB",
        "Notes": "Optimized for ARM inference. Requires 'i8mm' support (see link below). *Don't use on Mac or Windows*."
      },
      {
        "Name": "Mistral-Nemo-Instruct-2407-Q4_0_4_4.gguf",
        "Link": "https://huggingface.co/bartowski/Mistral-Nemo-Instruct-2407-GGUF/blob/main/Mistral-Nemo-Instruct-2407-Q4_0_4_4.gguf",
        "Type": "Q4_0_4_4",
        "Size": "7.07GB",
        "Notes": "Optimized for ARM inference. Should work well on all ARM chips, pick this if you're unsure. *Don't use on Mac or Windows*."
      },
      {
        "Name": "Mistral-Nemo-Instruct-2407-IQ4_XS.gguf",
        "Link": "https://huggingface.co/bartowski/Mistral-Nemo-Instruct-2407-GGUF/blob/main/Mistral-Nemo-Instruct-2407-IQ4_XS.gguf",
        "Type": "IQ4_XS",
        "Size": "6.74GB",
        "Notes": "Decent quality, smaller than Q4_K_S with similar performance, *recommended*."
      },
      {
        "Name": "Mistral-Nemo-Instruct-2407-Q3_K_L.gguf",
        "Link": "https://huggingface.co/bartowski/Mistral-Nemo-Instruct-2407-GGUF/blob/main/Mistral-Nemo-Instruct-2407-Q3_K_L.gguf",
        "Type": "Q3_K_L",
        "Size": "6.56GB",
        "Notes": "Lower quality but usable, good for low RAM availability."
      },
      {
        "Name": "Mistral-Nemo-Instruct-2407-Q3_K_M.gguf",
        "Link": "https://huggingface.co/bartowski/Mistral-Nemo-Instruct-2407-GGUF/blob/main/Mistral-Nemo-Instruct-2407-Q3_K_M.gguf",
        "Type": "Q3_K_M",
        "Size": "6.08GB",
        "Notes": "Low quality."
      },
      {
        "Name": "Mistral-Nemo-Instruct-2407-IQ3_M.gguf",
        "Link": "https://huggingface.co/bartowski/Mistral-Nemo-Instruct-2407-GGUF/blob/main/Mistral-Nemo-Instruct-2407-IQ3_M.gguf",
        "Type": "IQ3_M",
        "Size": "5.72GB",
        "Notes": "Medium-low quality, new method with decent performance comparable to Q3_K_M."
      },
      {
        "Name": "Mistral-Nemo-Instruct-2407-Q3_K_S.gguf",
        "Link": "https://huggingface.co/bartowski/Mistral-Nemo-Instruct-2407-GGUF/blob/main/Mistral-Nemo-Instruct-2407-Q3_K_S.gguf",
        "Type": "Q3_K_S",
        "Size": "5.53GB",
        "Notes": "Low quality, not recommended."
      },
      {
        "Name": "Mistral-Nemo-Instruct-2407-Q2_K_L.gguf",
        "Link": "https://huggingface.co/bartowski/Mistral-Nemo-Instruct-2407-GGUF/blob/main/Mistral-Nemo-Instruct-2407-Q2_K_L.gguf",
        "Type": "Q2_K_L",
        "Size": "5.45GB",
        "Notes": "Uses Q8_0 for embed and output weights. Very low quality but surprisingly usable."
      },
      {
        "Name": "Mistral-Nemo-Instruct-2407-IQ3_XS.gguf",
        "Link": "https://huggingface.co/bartowski/Mistral-Nemo-Instruct-2407-GGUF/blob/main/Mistral-Nemo-Instruct-2407-IQ3_XS.gguf",
        "Type": "IQ3_XS",
        "Size": "5.31GB",
        "Notes": "Lower quality, new method with decent performance, slightly better than Q3_K_S."
      },
      {
        "Name": "Mistral-Nemo-Instruct-2407-Q2_K.gguf",
        "Link": "https://huggingface.co/bartowski/Mistral-Nemo-Instruct-2407-GGUF/blob/main/Mistral-Nemo-Instruct-2407-Q2_K.gguf",
        "Type": "Q2_K",
        "Size": "4.79GB",
        "Notes": "Very low quality but surprisingly usable."
      },
      {
        "Name": "Mistral-Nemo-Instruct-2407-IQ2_M.gguf",
        "Link": "https://huggingface.co/bartowski/Mistral-Nemo-Instruct-2407-GGUF/blob/main/Mistral-Nemo-Instruct-2407-IQ2_M.gguf",
        "Type": "IQ2_M",
        "Size": "4.44GB",
        "Notes": "Relatively low quality, uses SOTA techniques to be surprisingly usable."
      }
    ]
  },
  "Dataset": {
    "Name": "Not provided",
    "Sources": "https://gist.github.com/bartowski1182/eb213dccb3571f863da82e99418f81e8",
    "Description": "imatrix calibration dataset"
  },
  "Model_Architecture": {
    "Architecture_Type": "Not provided",
    "Base_Architecture": "Mistral-Nemo-Instruct-2407",
    "Number_Parameters": "Not provided",
    "Parameters": "Not provided",
    "Input_Type": "Text",
    "Output_Type": "Text"
  },
  "Training_Details": {
    "Training_Data": "Not provided",
    "Preprocessing": "Quantization using imatrix option with a calibration dataset; some variants use Q8_0 for embeddings and output weights.",
    "Hyperparameters": "Not provided"
  },
  "Evaluation": {
    "Evaluation_Data": "Not provided",
    "Performance_Metrics": "Not provided",
    "Source": "https://gist.github.com/Artefact2/b5f810600771265fc1e39442288e8ec9"
  },
  "Intended_Use": {
    "Task": [
      "text-generation"
    ]
  },
  "Bias_Risks_and_Limitations": {
    "Limitations": "Some quantized versions offer lower quality. I-quants are not compatible with Vulcan. ARM-optimized Q4_0_X_X quants are not for Metal (Apple) offloading and should not be used on Mac or Windows."
  },
  "License": "Apache-2.0"
}