{
  "Model_Description": {
    "Name": "bartowski/NemoMix-Unleashed-12B-GGUF",
    "Description": "This model card provides GGUF quantized versions of the NemoMix-Unleashed-12B model, created using llama.cpp with imatrix quantization."
  },
  "Model_Sources": {
    "Repository": "https://huggingface.co/bartowski/NemoMix-Unleashed-12B-GGUF",
    "Paper": "Not provided",
    "Demo": "Not provided"
  },
  "Citation": "Not provided",
  "Contact": {
    "Author": "bartowski",
    "Email": "Not provided",
    "Community": [
      "https://ko-fi.com/bartowski"
    ]
  },
  "Technical_Requirements": {
    "Software": [
      "llama.cpp b3600",
      "LM Studio"
    ],
    "Hardware": {
      "CPU": "Not provided",
      "GPU": "Not provided",
      "RAM": "Not provided",
      "Storage": "Not provided"
    }
  },
  "Access_and_Distribution": {
    "Download_Link": "",
    "Model_Variants": [
      {
        "Name": "NemoMix-Unleashed-12B-f16.gguf",
        "Link": "https://huggingface.co/bartowski/NemoMix-Unleashed-12B-GGUF/blob/main/NemoMix-Unleashed-12B-f16.gguf",
        "Type": "f16",
        "Size": "24.50GB",
        "Notes": "Full F16 weights."
      },
      {
        "Name": "NemoMix-Unleashed-12B-Q8_0.gguf",
        "Link": "https://huggingface.co/bartowski/NemoMix-Unleashed-12B-GGUF/blob/main/NemoMix-Unleashed-12B-Q8_0.gguf",
        "Type": "Q8_0",
        "Size": "13.02GB",
        "Notes": "Extremely high quality, generally unneeded but max available quant."
      },
      {
        "Name": "NemoMix-Unleashed-12B-Q6_K_L.gguf",
        "Link": "https://huggingface.co/bartowski/NemoMix-Unleashed-12B-GGUF/blob/main/NemoMix-Unleashed-12B-Q6_K_L.gguf",
        "Type": "Q6_K_L",
        "Size": "10.38GB",
        "Notes": "Uses Q8_0 for embed and output weights. Very high quality, near perfect, recommended."
      },
      {
        "Name": "NemoMix-Unleashed-12B-Q6_K.gguf",
        "Link": "https://huggingface.co/bartowski/NemoMix-Unleashed-12B-GGUF/blob/main/NemoMix-Unleashed-12B-Q6_K.gguf",
        "Type": "Q6_K",
        "Size": "10.06GB",
        "Notes": "Very high quality, near perfect, recommended."
      },
      {
        "Name": "NemoMix-Unleashed-12B-Q5_K_L.gguf",
        "Link": "https://huggingface.co/bartowski/NemoMix-Unleashed-12B-GGUF/blob/main/NemoMix-Unleashed-12B-Q5_K_L.gguf",
        "Type": "Q5_K_L",
        "Size": "9.14GB",
        "Notes": "Uses Q8_0 for embed and output weights. High quality, recommended."
      },
      {
        "Name": "NemoMix-Unleashed-12B-Q5_K_M.gguf",
        "Link": "https://huggingface.co/bartowski/NemoMix-Unleashed-12B-GGUF/blob/main/NemoMix-Unleashed-12B-Q5_K_M.gguf",
        "Type": "Q5_K_M",
        "Size": "8.73GB",
        "Notes": "High quality, recommended."
      },
      {
        "Name": "NemoMix-Unleashed-12B-Q5_K_S.gguf",
        "Link": "https://huggingface.co/bartowski/NemoMix-Unleashed-12B-GGUF/blob/main/NemoMix-Unleashed-12B-Q5_K_S.gguf",
        "Type": "Q5_K_S",
        "Size": "8.52GB",
        "Notes": "High quality, recommended."
      },
      {
        "Name": "NemoMix-Unleashed-12B-Q4_K_L.gguf",
        "Link": "https://huggingface.co/bartowski/NemoMix-Unleashed-12B-GGUF/blob/main/NemoMix-Unleashed-12B-Q4_K_L.gguf",
        "Type": "Q4_K_L",
        "Size": "7.98GB",
        "Notes": "Uses Q8_0 for embed and output weights. Good quality, recommended."
      },
      {
        "Name": "NemoMix-Unleashed-12B-Q4_K_M.gguf",
        "Link": "https://huggingface.co/bartowski/NemoMix-Unleashed-12B-GGUF/blob/main/NemoMix-Unleashed-12B-Q4_K_M.gguf",
        "Type": "Q4_K_M",
        "Size": "7.48GB",
        "Notes": "Good quality, default size for must use cases, recommended."
      },
      {
        "Name": "NemoMix-Unleashed-12B-Q3_K_XL.gguf",
        "Link": "https://huggingface.co/bartowski/NemoMix-Unleashed-12B-GGUF/blob/main/NemoMix-Unleashed-12B-Q3_K_XL.gguf",
        "Type": "Q3_K_XL",
        "Size": "7.15GB",
        "Notes": "Uses Q8_0 for embed and output weights. Lower quality but usable, good for low RAM availability."
      },
      {
        "Name": "NemoMix-Unleashed-12B-Q4_K_S.gguf",
        "Link": "https://huggingface.co/bartowski/NemoMix-Unleashed-12B-GGUF/blob/main/NemoMix-Unleashed-12B-Q4_K_S.gguf",
        "Type": "Q4_K_S",
        "Size": "7.12GB",
        "Notes": "Slightly lower quality with more space savings, recommended."
      },
      {
        "Name": "NemoMix-Unleashed-12B-IQ4_XS.gguf",
        "Link": "https://huggingface.co/bartowski/NemoMix-Unleashed-12B-GGUF/blob/main/NemoMix-Unleashed-12B-IQ4_XS.gguf",
        "Type": "IQ4_XS",
        "Size": "6.74GB",
        "Notes": "Decent quality, smaller than Q4_K_S with similar performance, recommended."
      },
      {
        "Name": "NemoMix-Unleashed-12B-Q3_K_L.gguf",
        "Link": "https://huggingface.co/bartowski/NemoMix-Unleashed-12B-GGUF/blob/main/NemoMix-Unleashed-12B-Q3_K_L.gguf",
        "Type": "Q3_K_L",
        "Size": "6.56GB",
        "Notes": "Lower quality but usable, good for low RAM availability."
      },
      {
        "Name": "NemoMix-Unleashed-12B-Q3_K_M.gguf",
        "Link": "https://huggingface.co/bartowski/NemoMix-Unleashed-12B-GGUF/blob/main/NemoMix-Unleashed-12B-Q3_K_M.gguf",
        "Type": "Q3_K_M",
        "Size": "6.08GB",
        "Notes": "Low quality."
      },
      {
        "Name": "NemoMix-Unleashed-12B-IQ3_M.gguf",
        "Link": "https://huggingface.co/bartowski/NemoMix-Unleashed-12B-GGUF/blob/main/NemoMix-Unleashed-12B-IQ3_M.gguf",
        "Type": "IQ3_M",
        "Size": "5.72GB",
        "Notes": "Medium-low quality, new method with decent performance comparable to Q3_K_M."
      },
      {
        "Name": "NemoMix-Unleashed-12B-Q3_K_S.gguf",
        "Link": "https://huggingface.co/bartowski/NemoMix-Unleashed-12B-GGUF/blob/main/NemoMix-Unleashed-12B-Q3_K_S.gguf",
        "Type": "Q3_K_S",
        "Size": "5.53GB",
        "Notes": "Low quality, not recommended."
      },
      {
        "Name": "NemoMix-Unleashed-12B-Q2_K_L.gguf",
        "Link": "https://huggingface.co/bartowski/NemoMix-Unleashed-12B-GGUF/blob/main/NemoMix-Unleashed-12B-Q2_K_L.gguf",
        "Type": "Q2_K_L",
        "Size": "5.45GB",
        "Notes": "Uses Q8_0 for embed and output weights. Very low quality but surprisingly usable."
      },
      {
        "Name": "NemoMix-Unleashed-12B-IQ3_XS.gguf",
        "Link": "https://huggingface.co/bartowski/NemoMix-Unleashed-12B-GGUF/blob/main/NemoMix-Unleashed-12B-IQ3_XS.gguf",
        "Type": "IQ3_XS",
        "Size": "5.31GB",
        "Notes": "Lower quality, new method with decent performance, slightly better than Q3_K_S."
      },
      {
        "Name": "NemoMix-Unleashed-12B-Q2_K.gguf",
        "Link": "https://huggingface.co/bartowski/NemoMix-Unleashed-12B-GGUF/blob/main/NemoMix-Unleashed-12B-Q2_K.gguf",
        "Type": "Q2_K",
        "Size": "4.79GB",
        "Notes": "Very low quality but surprisingly usable."
      },
      {
        "Name": "NemoMix-Unleashed-12B-IQ2_M.gguf",
        "Link": "https://huggingface.co/bartowski/NemoMix-Unleashed-12B-GGUF/blob/main/NemoMix-Unleashed-12B-IQ2_M.gguf",
        "Type": "IQ2_M",
        "Size": "4.44GB",
        "Notes": "Relatively low quality, uses SOTA techniques to be surprisingly usable."
      }
    ]
  },
  "Dataset": {
    "Name": "Not provided",
    "Sources": "https://gist.github.com/bartowski1182/eb213dccb3571f863da82e99418f81e8",
    "Description": "imatrix calibration dataset"
  },
  "Model_Architecture": {
    "Architecture_Type": "Not provided",
    "Base_Architecture": "NemoMix-Unleashed-12B",
    "Number_Parameters": "12B",
    "Parameters": "Not provided",
    "Input_Type": "Text",
    "Output_Type": "Text"
  },
  "Training_Details": {
    "Training_Data": "Not provided",
    "Preprocessing": "Not provided",
    "Hyperparameters": "Not provided"
  },
  "Evaluation": {
    "Evaluation_Data": "Not provided",
    "Performance_Metrics": "Not provided",
    "Source": "https://gist.github.com/Artefact2/b5f810600771265fc1e39442288e8ec9"
  },
  "Intended_Use": {
    "Task": [
      "text-generation"
    ]
  },
  "Bias_Risks_and_Limitations": {
    "Limitations": "The model lacks an explicit prompt format, requiring users to check the original model. Some quantized versions offer lower quality, and I-quants are incompatible with Vulcan."
  },
  "License": "Not provided"
}