{
  "Model_Description": {
    "Name": "bartowski/NousResearch_Hermes-4-14B-GGUF",
    "Description": "This model card provides Llamacpp imatrix quantizations of the NousResearch Hermes-4-14B model, offering various quantized versions for different quality and size trade-offs."
  },
  "Model_Sources": {
    "Repository": "https://huggingface.co/NousResearch/Hermes-4-14B",
    "Paper": "Not provided",
    "Demo": "Not provided"
  },
  "Citation": "Not provided",
  "Contact": {
    "Author": "bartowski",
    "Email": "Not provided",
    "Community": "Not provided"
  },
  "Technical_Requirements": {
    "Software": [
      "llama.cpp release b6317",
      "huggingface_hub[cli]"
    ],
    "Hardware": {
      "CPU": [
        "ARM",
        "AVX",
        "AVX2"
      ],
      "GPU": [
        "NVIDIA (cuBLAS)",
        "AMD (rocBLAS)"
      ],
      "RAM": "Not provided",
      "Storage": "Not provided"
    }
  },
  "Access_and_Distribution": {
    "Download_Link": "Not provided",
    "Model_Variants": [
      {
        "Name": "Hermes-4-14B-bf16.gguf",
        "Link": "https://huggingface.co/bartowski/NousResearch_Hermes-4-14B-GGUF/blob/main/NousResearch_Hermes-4-14B-bf16.gguf",
        "Type": "bf16",
        "Size": "29.54GB",
        "Notes": "Full BF16 weights."
      },
      {
        "Name": "Hermes-4-14B-Q8_0.gguf",
        "Link": "https://huggingface.co/bartowski/NousResearch_Hermes-4-14B-GGUF/blob/main/NousResearch_Hermes-4-14B-Q8_0.gguf",
        "Type": "Q8_0",
        "Size": "15.70GB",
        "Notes": "Extremely high quality, generally unneeded but max available quant."
      },
      {
        "Name": "Hermes-4-14B-Q6_K_L.gguf",
        "Link": "https://huggingface.co/bartowski/NousResearch_Hermes-4-14B-GGUF/blob/main/NousResearch_Hermes-4-14B-Q6_K_L.gguf",
        "Type": "Q6_K_L",
        "Size": "12.50GB",
        "Notes": "Uses Q8_0 for embed and output weights. Very high quality, near perfect, recommended."
      },
      {
        "Name": "Hermes-4-14B-Q6_K.gguf",
        "Link": "https://huggingface.co/bartowski/NousResearch_Hermes-4-14B-GGUF/blob/main/NousResearch_Hermes-4-14B-Q6_K.gguf",
        "Type": "Q6_K",
        "Size": "12.12GB",
        "Notes": "Very high quality, near perfect, recommended."
      },
      {
        "Name": "Hermes-4-14B-Q5_K_L.gguf",
        "Link": "https://huggingface.co/bartowski/NousResearch_Hermes-4-14B-GGUF/blob/main/NousResearch_Hermes-4-14B-Q5_K_L.gguf",
        "Type": "Q5_K_L",
        "Size": "10.99GB",
        "Notes": "Uses Q8_0 for embed and output weights. High quality, recommended."
      },
      {
        "Name": "Hermes-4-14B-Q5_K_M.gguf",
        "Link": "https://huggingface.co/bartowski/NousResearch_Hermes-4-14B-GGUF/blob/main/NousResearch_Hermes-4-14B-Q5_K_M.gguf",
        "Type": "Q5_K_M",
        "Size": "10.51GB",
        "Notes": "High quality, recommended."
      },
      {
        "Name": "Hermes-4-14B-Q5_K_S.gguf",
        "Link": "https://huggingface.co/bartowski/NousResearch_Hermes-4-14B-GGUF/blob/main/NousResearch_Hermes-4-14B-Q5_K_S.gguf",
        "Type": "Q5_K_S",
        "Size": "10.26GB",
        "Notes": "High quality, recommended."
      },
      {
        "Name": "Hermes-4-14B-Q4_K_L.gguf",
        "Link": "https://huggingface.co/bartowski/NousResearch_Hermes-4-14B-GGUF/blob/main/NousResearch_Hermes-4-14B-Q4_K_L.gguf",
        "Type": "Q4_K_L",
        "Size": "9.58GB",
        "Notes": "Uses Q8_0 for embed and output weights. Good quality, recommended."
      },
      {
        "Name": "Hermes-4-14B-Q4_1.gguf",
        "Link": "https://huggingface.co/bartowski/NousResearch_Hermes-4-14B-GGUF/blob/main/NousResearch_Hermes-4-14B-Q4_1.gguf",
        "Type": "Q4_1",
        "Size": "9.39GB",
        "Notes": "Legacy format, similar performance to Q4_K_S but with improved tokens/watt on Apple silicon."
      },
      {
        "Name": "Hermes-4-14B-Q4_K_M.gguf",
        "Link": "https://huggingface.co/bartowski/NousResearch_Hermes-4-14B-GGUF/blob/main/NousResearch_Hermes-4-14B-Q4_K_M.gguf",
        "Type": "Q4_K_M",
        "Size": "9.00GB",
        "Notes": "Good quality, default size for most use cases, recommended."
      },
      {
        "Name": "Hermes-4-14B-Q3_K_XL.gguf",
        "Link": "https://huggingface.co/bartowski/NousResearch_Hermes-4-14B-GGUF/blob/main/NousResearch_Hermes-4-14B-Q3_K_XL.gguf",
        "Type": "Q3_K_XL",
        "Size": "8.58GB",
        "Notes": "Uses Q8_0 for embed and output weights. Lower quality but usable, good for low RAM availability."
      },
      {
        "Name": "Hermes-4-14B-Q4_K_S.gguf",
        "Link": "https://huggingface.co/bartowski/NousResearch_Hermes-4-14B-GGUF/blob/main/NousResearch_Hermes-4-14B-Q4_K_S.gguf",
        "Type": "Q4_K_S",
        "Size": "8.57GB",
        "Notes": "Slightly lower quality with more space savings, recommended."
      },
      {
        "Name": "Hermes-4-14B-Q4_0.gguf",
        "Link": "https://huggingface.co/bartowski/NousResearch_Hermes-4-14B-GGUF/blob/main/NousResearch_Hermes-4-14B-Q4_0.gguf",
        "Type": "Q4_0",
        "Size": "8.54GB",
        "Notes": "Legacy format, offers online repacking for ARM and AVX CPU inference."
      },
      {
        "Name": "Hermes-4-14B-IQ4_NL.gguf",
        "Link": "https://huggingface.co/bartowski/NousResearch_Hermes-4-14B-GGUF/blob/main/NousResearch_Hermes-4-14B-IQ4_NL.gguf",
        "Type": "IQ4_NL",
        "Size": "8.54GB",
        "Notes": "Similar to IQ4_XS, but slightly larger. Offers online repacking for ARM CPU inference."
      },
      {
        "Name": "Hermes-4-14B-IQ4_XS.gguf",
        "Link": "https://huggingface.co/bartowski/NousResearch_Hermes-4-14B-GGUF/blob/main/NousResearch_Hermes-4-14B-IQ4_XS.gguf",
        "Type": "IQ4_XS",
        "Size": "8.11GB",
        "Notes": "Decent quality, smaller than Q4_K_S with similar performance, recommended."
      },
      {
        "Name": "Hermes-4-14B-Q3_K_L.gguf",
        "Link": "https://huggingface.co/bartowski/NousResearch_Hermes-4-14B-GGUF/blob/main/NousResearch_Hermes-4-14B-Q3_K_L.gguf",
        "Type": "Q3_K_L",
        "Size": "7.90GB",
        "Notes": "Lower quality but usable, good for low RAM availability."
      },
      {
        "Name": "Hermes-4-14B-Q3_K_M.gguf",
        "Link": "https://huggingface.co/bartowski/NousResearch_Hermes-4-14B-GGUF/blob/main/NousResearch_Hermes-4-14B-Q3_K_M.gguf",
        "Type": "Q3_K_M",
        "Size": "7.32GB",
        "Notes": "Low quality."
      },
      {
        "Name": "Hermes-4-14B-IQ3_M.gguf",
        "Link": "https://huggingface.co/bartowski/NousResearch_Hermes-4-14B-GGUF/blob/main/NousResearch_Hermes-4-14B-IQ3_M.gguf",
        "Type": "IQ3_M",
        "Size": "6.88GB",
        "Notes": "Medium-low quality, new method with decent performance comparable to Q3_K_M."
      },
      {
        "Name": "Hermes-4-14B-Q3_K_S.gguf",
        "Link": "https://huggingface.co/bartowski/NousResearch_Hermes-4-14B-GGUF/blob/main/NousResearch_Hermes-4-14B-Q3_K_S.gguf",
        "Type": "Q3_K_S",
        "Size": "6.66GB",
        "Notes": "Low quality, not recommended."
      },
      {
        "Name": "Hermes-4-14B-Q2_K_L.gguf",
        "Link": "https://huggingface.co/bartowski/NousResearch_Hermes-4-14B-GGUF/blob/main/NousResearch_Hermes-4-14B-Q2_K_L.gguf",
        "Type": "Q2_K_L",
        "Size": "6.51GB",
        "Notes": "Uses Q8_0 for embed and output weights. Very low quality but surprisingly usable."
      },
      {
        "Name": "Hermes-4-14B-IQ3_XS.gguf",
        "Link": "https://huggingface.co/bartowski/NousResearch_Hermes-4-14B-GGUF/blob/main/NousResearch_Hermes-4-14B-IQ3_XS.gguf",
        "Type": "IQ3_XS",
        "Size": "6.38GB",
        "Notes": "Lower quality, new method with decent performance, slightly better than Q3_K_S."
      },
      {
        "Name": "Hermes-4-14B-IQ3_XXS.gguf",
        "Link": "https://huggingface.co/bartowski/NousResearch_Hermes-4-14B-GGUF/blob/main/NousResearch_Hermes-4-14B-IQ3_XXS.gguf",
        "Type": "IQ3_XXS",
        "Size": "5.94GB",
        "Notes": "Lower quality, new method with decent performance, comparable to Q3 quants."
      },
      {
        "Name": "Hermes-4-14B-Q2_K.gguf",
        "Link": "https://huggingface.co/bartowski/NousResearch_Hermes-4-14B-GGUF/blob/main/NousResearch_Hermes-4-14B-Q2_K.gguf",
        "Type": "Q2_K",
        "Size": "5.75GB",
        "Notes": "Very low quality but surprisingly usable."
      },
      {
        "Name": "Hermes-4-14B-IQ2_M.gguf",
        "Link": "https://huggingface.co/bartowski/NousResearch_Hermes-4-14B-GGUF/blob/main/NousResearch_Hermes-4-14B-IQ2_M.gguf",
        "Type": "IQ2_M",
        "Size": "5.32GB",
        "Notes": "Relatively low quality, uses SOTA techniques to be surprisingly usable."
      },
      {
        "Name": "Hermes-4-14B-IQ2_S.gguf",
        "Link": "https://huggingface.co/bartowski/NousResearch_Hermes-4-14B-GGUF/blob/main/NousResearch_Hermes-4-14B-IQ2_S.gguf",
        "Type": "IQ2_S",
        "Size": "4.96GB",
        "Notes": "Low quality, uses SOTA techniques to be usable."
      },
      {
        "Name": "Hermes-4-14B-IQ2_XS.gguf",
        "Link": "https://huggingface.co/bartowski/NousResearch_Hermes-4-14B-GGUF/blob/main/NousResearch_Hermes-4-14B-IQ2_XS.gguf",
        "Type": "IQ2_XS",
        "Size": "4.69GB",
        "Notes": "Low quality, uses SOTA techniques to be usable."
      }
    ]
  },
  "Dataset": {
    "Name": [
      "imatrix calibration dataset",
      "combined_all_small.parquet"
    ],
    "Sources": [
      "https://gist.github.com/bartowski1182/eb213dccb3571f863da82e99418f81e8",
      "https://huggingface.co/datasets/eaddario/imatrix-calibration/blob/main/combined_all_small.parquet"
    ],
    "Description": "Datasets used for imatrix quantization."
  },
  "Model_Architecture": {
    "Architecture_Type": "Not provided",
    "Base_Architecture": "Hermes-4",
    "Number_Parameters": "14B",
    "Parameters": "Not provided",
    "Input_Type": "Text",
    "Output_Type": "Text"
  },
  "Training_Details": {
    "Training_Data": "Not provided",
    "Preprocessing": "imatrix option with dataset from https://gist.github.com/bartowski1182/eb213dccb3571f863da82e99418f81e8 combined with a subset of combined_all_small.parquet from Ed Addario https://huggingface.co/datasets/eaddario/imatrix-calibration/blob/main/combined_all_small.parquet; online repacking for weights for ARM and AVX CPU inference.",
    "Hyperparameters": "Not provided"
  },
  "Evaluation": {
    "Evaluation_Data": "Not provided",
    "Performance_Metrics": "Not provided",
    "Source": "Not provided"
  },
  "Intended_Use": {
    "Task": [
      "text-generation"
    ]
  },
  "Bias_Risks_and_Limitations": {
    "Limitations": "The model offers various quality levels, with some quantized versions explicitly noted as 'lower quality', 'low quality', or 'very low quality' but still usable."
  },
  "License": "Not provided"
}