{
  "Model_Description": {
    "Name": "bartowski/nvidia_NVIDIA-Nemotron-Nano-12B-v2-GGUF",
    "Description": "This model card provides various GGUF quantizations of the NVIDIA-Nemotron-Nano-12B-v2 model, optimized for different hardware and quality levels using llama.cpp."
  },
  "Model_Sources": {
    "Repository": "https://huggingface.co/nvidia/NVIDIA-Nemotron-Nano-12B-v2",
    "Paper": "Not provided",
    "Demo": "Not provided"
  },
  "Citation": "Not provided",
  "Contact": {
    "Author": "bartowski",
    "Email": "Not provided",
    "Community": [
      "https://ko-fi.com/bartowski"
    ]
  },
  "Technical_Requirements": {
    "Software": [
      "llama.cpp release b6317",
      "huggingface_hub[cli]"
    ],
    "Hardware": {
      "CPU": "ARM, AVX, AVX2 system (EPYC7702)",
      "GPU": [
        "Nvidia (cuBLAS)",
        "AMD (rocBLAS)",
        "Apple silicon"
      ],
      "RAM": "Not provided",
      "Storage": "Not provided"
    }
  },
  "Access_and_Distribution": {
    "Download_Link": "",
    "Model_Variants": [
      {
        "Name": "NVIDIA-Nemotron-Nano-12B-v2-bf16.gguf",
        "Link": "https://huggingface.co/bartowski/nvidia_NVIDIA-Nemotron-Nano-12B-v2-GGUF/blob/main/nvidia_NVIDIA-Nemotron-Nano-12B-v2-bf16.gguf",
        "Type": "bf16",
        "Size": "24.63GB",
        "Notes": "Full BF16 weights."
      },
      {
        "Name": "NVIDIA-Nemotron-Nano-12B-v2-Q8_0.gguf",
        "Link": "https://huggingface.co/bartowski/nvidia_NVIDIA-Nemotron-Nano-12B-v2-GGUF/blob/main/nvidia_NVIDIA-Nemotron-Nano-12B-v2-Q8_0.gguf",
        "Type": "Q8_0",
        "Size": "13.09GB",
        "Notes": "Extremely high quality, generally unneeded but max available quant."
      },
      {
        "Name": "NVIDIA-Nemotron-Nano-12B-v2-Q6_K_L.gguf",
        "Link": "https://huggingface.co/bartowski/nvidia_NVIDIA-Nemotron-Nano-12B-v2-GGUF/blob/main/nvidia_NVIDIA-Nemotron-Nano-12B-v2-Q6_K_L.gguf",
        "Type": "Q6_K_L",
        "Size": "10.44GB",
        "Notes": "Uses Q8_0 for embed and output weights. Very high quality, near perfect, recommended."
      },
      {
        "Name": "NVIDIA-Nemotron-Nano-12B-v2-Q6_K.gguf",
        "Link": "https://huggingface.co/bartowski/nvidia_NVIDIA-Nemotron-Nano-12B-v2-GGUF/blob/main/nvidia_NVIDIA-Nemotron-Nano-12B-v2-Q6_K.gguf",
        "Type": "Q6_K",
        "Size": "10.11GB",
        "Notes": "Very high quality, near perfect, recommended."
      },
      {
        "Name": "NVIDIA-Nemotron-Nano-12B-v2-Q5_K_L.gguf",
        "Link": "https://huggingface.co/bartowski/nvidia_NVIDIA-Nemotron-Nano-12B-v2-GGUF/blob/main/nvidia_NVIDIA-Nemotron-Nano-12B-v2-Q5_K_L.gguf",
        "Type": "Q5_K_L",
        "Size": "9.18GB",
        "Notes": "Uses Q8_0 for embed and output weights. High quality, recommended."
      },
      {
        "Name": "NVIDIA-Nemotron-Nano-12B-v2-Q5_K_M.gguf",
        "Link": "https://huggingface.co/bartowski/nvidia_NVIDIA-Nemotron-Nano-12B-v2-GGUF/blob/main/nvidia_NVIDIA-Nemotron-Nano-12B-v2-Q5_K_M.gguf",
        "Type": "Q5_K_M",
        "Size": "8.76GB",
        "Notes": "High quality, recommended."
      },
      {
        "Name": "NVIDIA-Nemotron-Nano-12B-v2-Q5_K_S.gguf",
        "Link": "https://huggingface.co/bartowski/nvidia_NVIDIA-Nemotron-Nano-12B-v2-GGUF/blob/main/nvidia_NVIDIA-Nemotron-Nano-12B-v2-Q5_K_S.gguf",
        "Type": "Q5_K_S",
        "Size": "8.57GB",
        "Notes": "High quality, recommended."
      },
      {
        "Name": "NVIDIA-Nemotron-Nano-12B-v2-Q4_K_L.gguf",
        "Link": "https://huggingface.co/bartowski/nvidia_NVIDIA-Nemotron-Nano-12B-v2-GGUF/blob/main/nvidia_NVIDIA-Nemotron-Nano-12B-v2-Q4_K_L.gguf",
        "Type": "Q4_K_L",
        "Size": "7.99GB",
        "Notes": "Uses Q8_0 for embed and output weights. Good quality, recommended."
      },
      {
        "Name": "NVIDIA-Nemotron-Nano-12B-v2-Q4_1.gguf",
        "Link": "https://huggingface.co/bartowski/nvidia_NVIDIA-Nemotron-Nano-12B-v2-GGUF/blob/main/nvidia_NVIDIA-Nemotron-Nano-12B-v2-Q4_1.gguf",
        "Type": "Q4_1",
        "Size": "7.84GB",
        "Notes": "Legacy format, similar performance to Q4_K_S but with improved tokens/watt on Apple silicon."
      },
      {
        "Name": "NVIDIA-Nemotron-Nano-12B-v2-Q4_K_M.gguf",
        "Link": "https://huggingface.co/bartowski/nvidia_NVIDIA-Nemotron-Nano-12B-v2-GGUF/blob/main/nvidia_NVIDIA-Nemotron-Nano-12B-v2-Q4_K_M.gguf",
        "Type": "Q4_K_M",
        "Size": "7.49GB",
        "Notes": "Good quality, default size for most use cases, recommended."
      },
      {
        "Name": "NVIDIA-Nemotron-Nano-12B-v2-Q4_K_S.gguf",
        "Link": "https://huggingface.co/bartowski/nvidia_NVIDIA-Nemotron-Nano-12B-v2-GGUF/blob/main/nvidia_NVIDIA-Nemotron-Nano-12B-v2-Q4_K_S.gguf",
        "Type": "Q4_K_S",
        "Size": "7.21GB",
        "Notes": "Slightly lower quality with more space savings, recommended."
      },
      {
        "Name": "NVIDIA-Nemotron-Nano-12B-v2-Q4_0.gguf",
        "Link": "https://huggingface.co/bartowski/nvidia_NVIDIA-Nemotron-Nano-12B-v2-GGUF/blob/main/nvidia_NVIDIA-Nemotron-Nano-12B-v2-Q4_0.gguf",
        "Type": "Q4_0",
        "Size": "7.16GB",
        "Notes": "Legacy format, offers online repacking for ARM and AVX CPU inference."
      },
      {
        "Name": "NVIDIA-Nemotron-Nano-12B-v2-IQ4_NL.gguf",
        "Link": "https://huggingface.co/bartowski/nvidia_NVIDIA-Nemotron-Nano-12B-v2-GGUF/blob/main/nvidia_NVIDIA-Nemotron-Nano-12B-v2-IQ4_NL.gguf",
        "Type": "IQ4_NL",
        "Size": "7.11GB",
        "Notes": "Similar to IQ4_XS, but slightly larger. Offers online repacking for ARM CPU inference."
      },
      {
        "Name": "NVIDIA-Nemotron-Nano-12B-v2-Q3_K_XL.gguf",
        "Link": "https://huggingface.co/bartowski/nvidia_NVIDIA-Nemotron-Nano-12B-v2-GGUF/blob/main/nvidia_NVIDIA-Nemotron-Nano-12B-v2-Q3_K_XL.gguf",
        "Type": "Q3_K_XL",
        "Size": "6.96GB",
        "Notes": "Uses Q8_0 for embed and output weights. Lower quality but usable, good for low RAM availability."
      },
      {
        "Name": "NVIDIA-Nemotron-Nano-12B-v2-IQ4_XS.gguf",
        "Link": "https://huggingface.co/bartowski/nvidia_NVIDIA-Nemotron-Nano-12B-v2-GGUF/blob/main/nvidia_NVIDIA-Nemotron-Nano-12B-v2-IQ4_XS.gguf",
        "Type": "IQ4_XS",
        "Size": "6.75GB",
        "Notes": "Decent quality, smaller than Q4_K_S with similar performance, recommended."
      },
      {
        "Name": "NVIDIA-Nemotron-Nano-12B-v2-Q3_K_L.gguf",
        "Link": "https://huggingface.co/bartowski/nvidia_NVIDIA-Nemotron-Nano-12B-v2-GGUF/blob/main/nvidia_NVIDIA-Nemotron-Nano-12B-v2-Q3_K_L.gguf",
        "Type": "Q3_K_L",
        "Size": "6.37GB",
        "Notes": "Lower quality but usable, good for low RAM availability."
      },
      {
        "Name": "NVIDIA-Nemotron-Nano-12B-v2-Q3_K_M.gguf",
        "Link": "https://huggingface.co/bartowski/nvidia_NVIDIA-Nemotron-Nano-12B-v2-GGUF/blob/main/nvidia_NVIDIA-Nemotron-Nano-12B-v2-Q3_K_M.gguf",
        "Type": "Q3_K_M",
        "Size": "6.02GB",
        "Notes": "Low quality."
      },
      {
        "Name": "NVIDIA-Nemotron-Nano-12B-v2-IQ3_M.gguf",
        "Link": "https://huggingface.co/bartowski/nvidia_NVIDIA-Nemotron-Nano-12B-v2-GGUF/blob/main/nvidia_NVIDIA-Nemotron-Nano-12B-v2-IQ3_M.gguf",
        "Type": "IQ3_M",
        "Size": "5.69GB",
        "Notes": "Medium-low quality, new method with decent performance comparable to Q3_K_M."
      },
      {
        "Name": "NVIDIA-Nemotron-Nano-12B-v2-Q3_K_S.gguf",
        "Link": "https://huggingface.co/bartowski/nvidia_NVIDIA-Nemotron-Nano-12B-v2-GGUF/blob/main/nvidia_NVIDIA-Nemotron-Nano-12B-v2-Q3_K_S.gguf",
        "Type": "Q3_K_S",
        "Size": "5.57GB",
        "Notes": "Low quality, not recommended."
      },
      {
        "Name": "NVIDIA-Nemotron-Nano-12B-v2-IQ3_XS.gguf",
        "Link": "https://huggingface.co/bartowski/nvidia_NVIDIA-Nemotron-Nano-12B-v2-GGUF/blob/main/nvidia_NVIDIA-Nemotron-Nano-12B-v2-IQ3_XS.gguf",
        "Type": "IQ3_XS",
        "Size": "5.46GB",
        "Notes": "Lower quality, new method with decent performance, slightly better than Q3_K_S."
      },
      {
        "Name": "NVIDIA-Nemotron-Nano-12B-v2-Q2_K_L.gguf",
        "Link": "https://huggingface.co/bartowski/nvidia_NVIDIA-Nemotron-Nano-12B-v2-GGUF/blob/main/nvidia_NVIDIA-Nemotron-Nano-12B-v2-Q2_K_L.gguf",
        "Type": "Q2_K_L",
        "Size": "5.36GB",
        "Notes": "Uses Q8_0 for embed and output weights. Very low quality but surprisingly usable."
      },
      {
        "Name": "NVIDIA-Nemotron-Nano-12B-v2-IQ3_XXS.gguf",
        "Link": "https://huggingface.co/bartowski/nvidia_NVIDIA-Nemotron-Nano-12B-v2-GGUF/blob/main/nvidia_NVIDIA-Nemotron-Nano-12B-v2-IQ3_XXS.gguf",
        "Type": "IQ3_XXS",
        "Size": "4.96GB",
        "Notes": "Lower quality, new method with decent performance, comparable to Q3 quants."
      },
      {
        "Name": "NVIDIA-Nemotron-Nano-12B-v2-Q2_K.gguf",
        "Link": "https://huggingface.co/bartowski/nvidia_NVIDIA-Nemotron-Nano-12B-v2-GGUF/blob/main/nvidia_NVIDIA-Nemotron-Nano-12B-v2-Q2_K.gguf",
        "Type": "Q2_K",
        "Size": "4.70GB",
        "Notes": "Very low quality but surprisingly usable."
      },
      {
        "Name": "NVIDIA-Nemotron-Nano-12B-v2-IQ2_M.gguf",
        "Link": "https://huggingface.co/bartowski/nvidia_NVIDIA-Nemotron-Nano-12B-v2-GGUF/blob/main/nvidia_NVIDIA-Nemotron-Nano-12B-v2-IQ2_M.gguf",
        "Type": "IQ2_M",
        "Size": "4.38GB",
        "Notes": "Relatively low quality, uses SOTA techniques to be surprisingly usable."
      },
      {
        "Name": "NVIDIA-Nemotron-Nano-12B-v2-IQ2_S.gguf",
        "Link": "https://huggingface.co/bartowski/nvidia_NVIDIA-Nemotron-Nano-12B-v2-GGUF/blob/main/nvidia_NVIDIA-Nemotron-Nano-12B-v2-IQ2_S.gguf",
        "Type": "IQ2_S",
        "Size": "4.07GB",
        "Notes": "Low quality, uses SOTA techniques to be usable."
      }
    ]
  },
  "Dataset": {
    "Name": [
      "imatrix calibration dataset",
      "combined_all_small.parquet"
    ],
    "Sources": [
      "https://gist.github.com/bartowski1182/eb213dccb3571f863da82e99418f81e8",
      "https://huggingface.co/datasets/eaddario/imatrix-calibration/blob/main/combined_all_small.parquet"
    ],
    "Description": "Dataset used for imatrix option quantization."
  },
  "Model_Architecture": {
    "Architecture_Type": "Not provided",
    "Base_Architecture": "NVIDIA-Nemotron-Nano-12B-v2",
    "Number_Parameters": "12B",
    "Parameters": "Not provided",
    "Input_Type": "Text",
    "Output_Type": "Text"
  },
  "Training_Details": {
    "Training_Data": "Not provided",
    "Preprocessing": "imatrix option with dataset from https://gist.github.com/bartowski1182/eb213dccb3571f863da82e99418f81e8 combined with a subset of combined_all_small.parquet from Ed Addario https://huggingface.co/datasets/eaddario/imatrix-calibration/blob/main/combined_all_small.parquet for quantization. Online repacking for ARM and AVX CPU inference. Embeddings and output weights quantized to Q8_0 for some variants.",
    "Hyperparameters": "Not provided"
  },
  "Evaluation": {
    "Evaluation_Data": "Not provided",
    "Performance_Metrics": "Not provided",
    "Source": "Not provided"
  },
  "Intended_Use": {
    "Task": [
      "text-generation"
    ]
  },
  "Bias_Risks_and_Limitations": {
    "Limitations": "Some quantized versions offer lower quality or are not recommended. IQ4_NL may have slower loading times."
  },
  "License": "Not provided"
}