{
  "Model_Description": {
    "Name": "bartowski/OpenGVLab_InternVL3_5-30B-A3B-GGUF",
    "Description": "This model card provides Llamacpp imatrix Quantizations of the InternVL3_5-30B-A3B model by OpenGVLab, offering various quantized versions for different use cases."
  },
  "Model_Sources": {
    "Repository": "https://huggingface.co/OpenGVLab/InternVL3_5-30B-A3B",
    "Paper": "Not provided",
    "Demo": "Not provided"
  },
  "Citation": "Not provided",
  "Contact": {
    "Author": "bartowski",
    "Email": "Not provided",
    "Community": "Not provided"
  },
  "Technical_Requirements": {
    "Software": [
      "llama.cpp",
      "LM Studio",
      "huggingface_hub[cli]"
    ],
    "Hardware": {
      "CPU": "Not provided",
      "GPU": "Not provided",
      "RAM": "Not provided",
      "Storage": "Not provided"
    }
  },
  "Access_and_Distribution": {
    "Download_Link": "Not provided",
    "Model_Variants": [
      {
        "Name": "InternVL3_5-30B-A3B-bf16.gguf",
        "Link": "https://huggingface.co/bartowski/OpenGVLab_InternVL3_5-30B-A3B-GGUF/tree/main/OpenGVLab_InternVL3_5-30B-A3B-bf16",
        "Type": "bf16",
        "Size": "61.10GB",
        "Notes": "Full BF16 weights."
      },
      {
        "Name": "InternVL3_5-30B-A3B-Q8_0.gguf",
        "Link": "https://huggingface.co/bartowski/OpenGVLab_InternVL3_5-30B-A3B-GGUF/blob/main/OpenGVLab_InternVL3_5-30B-A3B-Q8_0.gguf",
        "Type": "Q8_0",
        "Size": "32.48GB",
        "Notes": "Extremely high quality, generally unneeded but max available quant."
      },
      {
        "Name": "InternVL3_5-30B-A3B-Q6_K_L.gguf",
        "Link": "https://huggingface.co/bartowski/OpenGVLab_InternVL3_5-30B-A3B-GGUF/blob/main/OpenGVLab_InternVL3_5-30B-A3B-Q6_K_L.gguf",
        "Type": "Q6_K_L",
        "Size": "25.26GB",
        "Notes": "Uses Q8_0 for embed and output weights. Very high quality, near perfect, *recommended*."
      },
      {
        "Name": "InternVL3_5-30B-A3B-Q6_K.gguf",
        "Link": "https://huggingface.co/bartowski/OpenGVLab_InternVL3_5-30B-A3B-GGUF/blob/main/OpenGVLab_InternVL3_5-30B-A3B-Q6_K.gguf",
        "Type": "Q6_K",
        "Size": "25.10GB",
        "Notes": "Very high quality, near perfect, *recommended*."
      },
      {
        "Name": "InternVL3_5-30B-A3B-Q5_K_L.gguf",
        "Link": "https://huggingface.co/bartowski/OpenGVLab_InternVL3_5-30B-A3B-GGUF/blob/main/OpenGVLab_InternVL3_5-30B-A3B-Q5_K_L.gguf",
        "Type": "Q5_K_L",
        "Size": "21.94GB",
        "Notes": "Uses Q8_0 for embed and output weights. High quality, *recommended*."
      },
      {
        "Name": "InternVL3_5-30B-A3B-Q5_K_M.gguf",
        "Link": "https://huggingface.co/bartowski/OpenGVLab_InternVL3_5-30B-A3B-GGUF/blob/main/OpenGVLab_InternVL3_5-30B-A3B-Q5_K_M.gguf",
        "Type": "Q5_K_M",
        "Size": "21.74GB",
        "Notes": "High quality, *recommended*."
      },
      {
        "Name": "InternVL3_5-30B-A3B-Q5_K_S.gguf",
        "Link": "https://huggingface.co/bartowski/OpenGVLab_InternVL3_5-30B-A3B-GGUF/blob/main/OpenGVLab_InternVL3_5-30B-A3B-Q5_K_S.gguf",
        "Type": "Q5_K_S",
        "Size": "21.10GB",
        "Notes": "High quality, *recommended*."
      },
      {
        "Name": "InternVL3_5-30B-A3B-Q4_1.gguf",
        "Link": "https://huggingface.co/bartowski/OpenGVLab_InternVL3_5-30B-A3B-GGUF/blob/main/OpenGVLab_InternVL3_5-30B-A3B-Q4_1.gguf",
        "Type": "Q4_1",
        "Size": "19.21GB",
        "Notes": "Legacy format, similar performance to Q4_K_S but with improved tokens/watt on Apple silicon."
      },
      {
        "Name": "InternVL3_5-30B-A3B-Q4_K_L.gguf",
        "Link": "https://huggingface.co/bartowski/OpenGVLab_InternVL3_5-30B-A3B-GGUF/blob/main/OpenGVLab_InternVL3_5-30B-A3B-Q4_K_L.gguf",
        "Type": "Q4_K_L",
        "Size": "18.86GB",
        "Notes": "Uses Q8_0 for embed and output weights. Good quality, *recommended*."
      },
      {
        "Name": "InternVL3_5-30B-A3B-Q4_K_M.gguf",
        "Link": "https://huggingface.co/bartowski/OpenGVLab_InternVL3_5-30B-A3B-GGUF/blob/main/OpenGVLab_InternVL3_5-30B-A3B-Q4_K_M.gguf",
        "Type": "Q4_K_M",
        "Size": "18.63GB",
        "Notes": "Good quality, default size for most use cases, *recommended*."
      },
      {
        "Name": "InternVL3_5-30B-A3B-Q4_K_S.gguf",
        "Link": "https://huggingface.co/bartowski/OpenGVLab_InternVL3_5-30B-A3B-GGUF/blob/main/OpenGVLab_InternVL3_5-30B-A3B-Q4_K_S.gguf",
        "Type": "Q4_K_S",
        "Size": "17.98GB",
        "Notes": "Slightly lower quality with more space savings, *recommended*."
      },
      {
        "Name": "InternVL3_5-30B-A3B-Q4_0.gguf",
        "Link": "https://huggingface.co/bartowski/OpenGVLab_InternVL3_5-30B-A3B-GGUF/blob/main/OpenGVLab_InternVL3_5-30B-A3B-Q4_0.gguf",
        "Type": "Q4_0",
        "Size": "17.63GB",
        "Notes": "Legacy format, offers online repacking for ARM and AVX CPU inference."
      },
      {
        "Name": "InternVL3_5-30B-A3B-IQ4_NL.gguf",
        "Link": "https://huggingface.co/bartowski/OpenGVLab_InternVL3_5-30B-A3B-GGUF/blob/main/OpenGVLab_InternVL3_5-30B-A3B-IQ4_NL.gguf",
        "Type": "IQ4_NL",
        "Size": "17.39GB",
        "Notes": "Similar to IQ4_XS, but slightly larger. Offers online repacking for ARM CPU inference."
      },
      {
        "Name": "InternVL3_5-30B-A3B-IQ4_XS.gguf",
        "Link": "https://huggingface.co/bartowski/OpenGVLab_InternVL3_5-30B-A3B-GGUF/blob/main/OpenGVLab_InternVL3_5-30B-A3B-IQ4_XS.gguf",
        "Type": "IQ4_XS",
        "Size": "16.46GB",
        "Notes": "Decent quality, smaller than Q4_K_S with similar performance, *recommended*."
      },
      {
        "Name": "InternVL3_5-30B-A3B-Q3_K_XL.gguf",
        "Link": "https://huggingface.co/bartowski/OpenGVLab_InternVL3_5-30B-A3B-GGUF/blob/main/OpenGVLab_InternVL3_5-30B-A3B-Q3_K_XL.gguf",
        "Type": "Q3_K_XL",
        "Size": "14.86GB",
        "Notes": "Uses Q8_0 for embed and output weights. Lower quality but usable, good for low RAM availability."
      },
      {
        "Name": "InternVL3_5-30B-A3B-Q3_K_L.gguf",
        "Link": "https://huggingface.co/bartowski/OpenGVLab_InternVL3_5-30B-A3B-GGUF/blob/main/OpenGVLab_InternVL3_5-30B-A3B-Q3_K_L.gguf",
        "Type": "Q3_K_L",
        "Size": "14.58GB",
        "Notes": "Lower quality but usable, good for low RAM availability."
      },
      {
        "Name": "InternVL3_5-30B-A3B-Q3_K_M.gguf",
        "Link": "https://huggingface.co/bartowski/OpenGVLab_InternVL3_5-30B-A3B-GGUF/blob/main/OpenGVLab_InternVL3_5-30B-A3B-Q3_K_M.gguf",
        "Type": "Q3_K_M",
        "Size": "14.08GB",
        "Notes": "Low quality."
      },
      {
        "Name": "InternVL3_5-30B-A3B-IQ3_M.gguf",
        "Link": "https://huggingface.co/bartowski/OpenGVLab_InternVL3_5-30B-A3B-GGUF/blob/main/OpenGVLab_InternVL3_5-30B-A3B-IQ3_M.gguf",
        "Type": "IQ3_M",
        "Size": "14.08GB",
        "Notes": "Medium-low quality, new method with decent performance comparable to Q3_K_M."
      },
      {
        "Name": "InternVL3_5-30B-A3B-Q3_K_S.gguf",
        "Link": "https://huggingface.co/bartowski/OpenGVLab_InternVL3_5-30B-A3B-GGUF/blob/main/OpenGVLab_InternVL3_5-30B-A3B-Q3_K_S.gguf",
        "Type": "Q3_K_S",
        "Size": "13.43GB",
        "Notes": "Low quality, not recommended."
      },
      {
        "Name": "InternVL3_5-30B-A3B-IQ3_XS.gguf",
        "Link": "https://huggingface.co/bartowski/OpenGVLab_InternVL3_5-30B-A3B-GGUF/blob/main/OpenGVLab_InternVL3_5-30B-A3B-IQ3_XS.gguf",
        "Type": "IQ3_XS",
        "Size": "12.74GB",
        "Notes": "Lower quality, new method with decent performance, slightly better than Q3_K_S."
      },
      {
        "Name": "InternVL3_5-30B-A3B-IQ3_XXS.gguf",
        "Link": "https://huggingface.co/bartowski/OpenGVLab_InternVL3_5-30B-A3B-GGUF/blob/main/OpenGVLab_InternVL3_5-30B-A3B-IQ3_XXS.gguf",
        "Type": "IQ3_XXS",
        "Size": "12.22GB",
        "Notes": "Lower quality, new method with decent performance, comparable to Q3 quants."
      },
      {
        "Name": "InternVL3_5-30B-A3B-Q2_K_L.gguf",
        "Link": "https://huggingface.co/bartowski/OpenGVLab_InternVL3_5-30B-A3B-GGUF/blob/main/OpenGVLab_InternVL3_5-30B-A3B-Q2_K_L.gguf",
        "Type": "Q2_K_L",
        "Size": "11.21GB",
        "Notes": "Uses Q8_0 for embed and output weights. Very low quality but surprisingly usable."
      },
      {
        "Name": "InternVL3_5-30B-A3B-Q2_K.gguf",
        "Link": "https://huggingface.co/bartowski/OpenGVLab_InternVL3_5-30B-A3B-GGUF/blob/main/OpenGVLab_InternVL3_5-30B-A3B-Q2_K.gguf",
        "Type": "Q2_K",
        "Size": "10.91GB",
        "Notes": "Very low quality but surprisingly usable."
      },
      {
        "Name": "InternVL3_5-30B-A3B-IQ2_M.gguf",
        "Link": "https://huggingface.co/bartowski/OpenGVLab_InternVL3_5-30B-A3B-GGUF/blob/main/OpenGVLab_InternVL3_5-30B-A3B-IQ2_M.gguf",
        "Type": "IQ2_M",
        "Size": "9.87GB",
        "Notes": "Relatively low quality, uses SOTA techniques to be surprisingly usable."
      },
      {
        "Name": "InternVL3_5-30B-A3B-IQ2_S.gguf",
        "Link": "https://huggingface.co/bartowski/OpenGVLab_InternVL3_5-30B-A3B-GGUF/blob/main/OpenGVLab_InternVL3_5-30B-A3B-IQ2_S.gguf",
        "Type": "IQ2_S",
        "Size": "8.74GB",
        "Notes": "Low quality, uses SOTA techniques to be usable."
      },
      {
        "Name": "InternVL3_5-30B-A3B-IQ2_XS.gguf",
        "Link": "https://huggingface.co/bartowski/OpenGVLab_InternVL3_5-30B-A3B-GGUF/blob/main/OpenGVLab_InternVL3_5-30B-A3B-IQ2_XS.gguf",
        "Type": "IQ2_XS",
        "Size": "8.66GB",
        "Notes": "Low quality, uses SOTA techniques to be usable."
      },
      {
        "Name": "InternVL3_5-30B-A3B-IQ2_XXS.gguf",
        "Link": "https://huggingface.co/bartowski/OpenGVLab_InternVL3_5-30B-A3B-GGUF/blob/main/OpenGVLab_InternVL3_5-30B-A3B-IQ2_XXS.gguf",
        "Type": "IQ2_XXS",
        "Size": "7.57GB",
        "Notes": "Very low quality, uses SOTA techniques to be usable."
      }
    ]
  },
  "Dataset": {
    "Name": [
      "imatrix calibration dataset",
      "combined_all_small.parquet"
    ],
    "Sources": [
      "https://gist.github.com/bartowski1182/eb213dccb3571f863da82e99418f81e8",
      "https://huggingface.co/datasets/eaddario/imatrix-calibration/blob/main/combined_all_small.parquet"
    ],
    "Description": "Dataset used for imatrix quantization, including a subset of combined_all_small.parquet."
  },
  "Model_Architecture": {
    "Architecture_Type": "Not provided",
    "Base_Architecture": "InternVL3_5-30B-A3B",
    "Number_Parameters": "30B",
    "Parameters": "Not provided",
    "Input_Type": "Image-Text",
    "Output_Type": "Text"
  },
  "Training_Details": {
    "Training_Data": "Not provided",
    "Preprocessing": "imatrix option with dataset for quantization; online repacking for weights for ARM and AVX CPU inference.",
    "Hyperparameters": "Not provided"
  },
  "Evaluation": {
    "Evaluation_Data": "Not provided",
    "Performance_Metrics": "Not provided",
    "Source": "Not provided"
  },
  "Intended_Use": {
    "Task": [
      "image-text-to-text"
    ]
  },
  "Bias_Risks_and_Limitations": {
    "Limitations": "Not provided"
  },
  "License": "Not provided"
}