{
  "Model_Description": {
    "Name": "bartowski/OpenGVLab_InternVL3_5-8B-GGUF",
    "Description": "This model card provides Llamacpp imatrix quantizations of the InternVL3_5-8B model by OpenGVLab, offering various quality and size options for inference."
  },
  "Model_Sources": {
    "Repository": "https://huggingface.co/OpenGVLab/InternVL3_5-8B",
    "Paper": "Not provided",
    "Demo": "Not provided"
  },
  "Citation": "Not provided",
  "Contact": {
    "Author": "bartowski",
    "Email": "Not provided",
    "Community": [
      "https://ko-fi.com/bartowski"
    ]
  },
  "Technical_Requirements": {
    "Software": [
      "llama.cpp release b6258",
      "huggingface_hub[cli]"
    ],
    "Hardware": {
      "CPU": "ARM, AVX, Apple silicon",
      "GPU": [
        "Nvidia (cuBLAS)",
        "AMD (rocBLAS)"
      ],
      "RAM": "Not provided",
      "Storage": "Not provided"
    }
  },
  "Access_and_Distribution": {
    "Download_Link": "Not provided",
    "Model_Variants": [
      {
        "Name": "InternVL3_5-8B-bf16.gguf",
        "Link": "https://huggingface.co/bartowski/OpenGVLab_InternVL3_5-8B-GGUF/blob/main/OpenGVLab_InternVL3_5-8B-bf16.gguf",
        "Type": "bf16",
        "Size": "16.39GB",
        "Notes": "Full BF16 weights."
      },
      {
        "Name": "InternVL3_5-8B-Q8_0.gguf",
        "Link": "https://huggingface.co/bartowski/OpenGVLab_InternVL3_5-8B-GGUF/blob/main/OpenGVLab_InternVL3_5-8B-Q8_0.gguf",
        "Type": "Q8_0",
        "Size": "8.71GB",
        "Notes": "Extremely high quality, generally unneeded but max available quant."
      },
      {
        "Name": "InternVL3_5-8B-Q6_K_L.gguf",
        "Link": "https://huggingface.co/bartowski/OpenGVLab_InternVL3_5-8B-GGUF/blob/main/OpenGVLab_InternVL3_5-8B-Q6_K_L.gguf",
        "Type": "Q6_K_L",
        "Size": "7.03GB",
        "Notes": "Uses Q8_0 for embed and output weights. Very high quality, near perfect, recommended."
      },
      {
        "Name": "InternVL3_5-8B-Q6_K.gguf",
        "Link": "https://huggingface.co/bartowski/OpenGVLab_InternVL3_5-8B-GGUF/blob/main/OpenGVLab_InternVL3_5-8B-Q6_K.gguf",
        "Type": "Q6_K",
        "Size": "6.73GB",
        "Notes": "Very high quality, near perfect, recommended."
      },
      {
        "Name": "InternVL3_5-8B-Q5_K_L.gguf",
        "Link": "https://huggingface.co/bartowski/OpenGVLab_InternVL3_5-8B-GGUF/blob/main/OpenGVLab_InternVL3_5-8B-Q5_K_L.gguf",
        "Type": "Q5_K_L",
        "Size": "6.24GB",
        "Notes": "Uses Q8_0 for embed and output weights. High quality, recommended."
      },
      {
        "Name": "InternVL3_5-8B-Q5_K_M.gguf",
        "Link": "https://huggingface.co/bartowski/OpenGVLab_InternVL3_5-8B-GGUF/blob/main/OpenGVLab_InternVL3_5-8B-Q5_K_M.gguf",
        "Type": "Q5_K_M",
        "Size": "5.85GB",
        "Notes": "High quality, recommended."
      },
      {
        "Name": "InternVL3_5-8B-Q5_K_S.gguf",
        "Link": "https://huggingface.co/bartowski/OpenGVLab_InternVL3_5-8B-GGUF/blob/main/OpenGVLab_InternVL3_5-8B-Q5_K_S.gguf",
        "Type": "Q5_K_S",
        "Size": "5.72GB",
        "Notes": "High quality, recommended."
      },
      {
        "Name": "InternVL3_5-8B-Q4_K_L.gguf",
        "Link": "https://huggingface.co/bartowski/OpenGVLab_InternVL3_5-8B-GGUF/blob/main/OpenGVLab_InternVL3_5-8B-Q4_K_L.gguf",
        "Type": "Q4_K_L",
        "Size": "5.49GB",
        "Notes": "Uses Q8_0 for embed and output weights. Good quality, recommended."
      },
      {
        "Name": "InternVL3_5-8B-Q4_1.gguf",
        "Link": "https://huggingface.co/bartowski/OpenGVLab_InternVL3_5-8B-GGUF/blob/main/OpenGVLab_InternVL3_5-8B-Q4_1.gguf",
        "Type": "Q4_1",
        "Size": "5.25GB",
        "Notes": "Legacy format, similar performance to Q4_K_S but with improved tokens/watt on Apple silicon."
      },
      {
        "Name": "InternVL3_5-8B-Q4_K_M.gguf",
        "Link": "https://huggingface.co/bartowski/OpenGVLab_InternVL3_5-8B-GGUF/blob/main/OpenGVLab_InternVL3_5-8B-Q4_K_M.gguf",
        "Type": "Q4_K_M",
        "Size": "5.03GB",
        "Notes": "Good quality, default size for most use cases, recommended."
      },
      {
        "Name": "InternVL3_5-8B-Q3_K_XL.gguf",
        "Link": "https://huggingface.co/bartowski/OpenGVLab_InternVL3_5-8B-GGUF/blob/main/OpenGVLab_InternVL3_5-8B-Q3_K_XL.gguf",
        "Type": "Q3_K_XL",
        "Size": "4.98GB",
        "Notes": "Uses Q8_0 for embed and output weights. Lower quality but usable, good for low RAM availability."
      },
      {
        "Name": "InternVL3_5-8B-Q4_K_S.gguf",
        "Link": "https://huggingface.co/bartowski/OpenGVLab_InternVL3_5-8B-GGUF/blob/main/OpenGVLab_InternVL3_5-8B-Q4_K_S.gguf",
        "Type": "Q4_K_S",
        "Size": "4.80GB",
        "Notes": "Slightly lower quality with more space savings, recommended."
      },
      {
        "Name": "InternVL3_5-8B-Q4_0.gguf",
        "Link": "https://huggingface.co/bartowski/OpenGVLab_InternVL3_5-8B-GGUF/blob/main/OpenGVLab_InternVL3_5-8B-Q4_0.gguf",
        "Type": "Q4_0",
        "Size": "4.79GB",
        "Notes": "Legacy format, offers online repacking for ARM and AVX CPU inference."
      },
      {
        "Name": "InternVL3_5-8B-IQ4_NL.gguf",
        "Link": "https://huggingface.co/bartowski/OpenGVLab_InternVL3_5-8B-GGUF/blob/main/OpenGVLab_InternVL3_5-8B-IQ4_NL.gguf",
        "Type": "IQ4_NL",
        "Size": "4.79GB",
        "Notes": "Similar to IQ4_XS, but slightly larger. Offers online repacking for ARM CPU inference."
      },
      {
        "Name": "InternVL3_5-8B-IQ4_XS.gguf",
        "Link": "https://huggingface.co/bartowski/OpenGVLab_InternVL3_5-8B-GGUF/blob/main/OpenGVLab_InternVL3_5-8B-IQ4_XS.gguf",
        "Type": "IQ4_XS",
        "Size": "4.56GB",
        "Notes": "Decent quality, smaller than Q4_K_S with similar performance, recommended."
      },
      {
        "Name": "InternVL3_5-8B-Q3_K_L.gguf",
        "Link": "https://huggingface.co/bartowski/OpenGVLab_InternVL3_5-8B-GGUF/blob/main/OpenGVLab_InternVL3_5-8B-Q3_K_L.gguf",
        "Type": "Q3_K_L",
        "Size": "4.43GB",
        "Notes": "Lower quality but usable, good for low RAM availability."
      },
      {
        "Name": "InternVL3_5-8B-Q3_K_M.gguf",
        "Link": "https://huggingface.co/bartowski/OpenGVLab_InternVL3_5-8B-GGUF/blob/main/OpenGVLab_InternVL3_5-8B-Q3_K_M.gguf",
        "Type": "Q3_K_M",
        "Size": "4.12GB",
        "Notes": "Low quality."
      },
      {
        "Name": "InternVL3_5-8B-IQ3_M.gguf",
        "Link": "https://huggingface.co/bartowski/OpenGVLab_InternVL3_5-8B-GGUF/blob/main/OpenGVLab_InternVL3_5-8B-IQ3_M.gguf",
        "Type": "IQ3_M",
        "Size": "3.90GB",
        "Notes": "Medium-low quality, new method with decent performance comparable to Q3_K_M."
      },
      {
        "Name": "InternVL3_5-8B-Q2_K_L.gguf",
        "Link": "https://huggingface.co/bartowski/OpenGVLab_InternVL3_5-8B-GGUF/blob/main/OpenGVLab_InternVL3_5-8B-Q2_K_L.gguf",
        "Type": "Q2_K_L",
        "Size": "3.89GB",
        "Notes": "Uses Q8_0 for embed and output weights. Very low quality but surprisingly usable."
      },
      {
        "Name": "InternVL3_5-8B-Q3_K_S.gguf",
        "Link": "https://huggingface.co/bartowski/OpenGVLab_InternVL3_5-8B-GGUF/blob/main/OpenGVLab_InternVL3_5-8B-Q3_K_S.gguf",
        "Type": "Q3_K_S",
        "Size": "3.77GB",
        "Notes": "Low quality, not recommended."
      },
      {
        "Name": "InternVL3_5-8B-IQ3_XS.gguf",
        "Link": "https://huggingface.co/bartowski/OpenGVLab_InternVL3_5-8B-GGUF/blob/main/OpenGVLab_InternVL3_5-8B-IQ3_XS.gguf",
        "Type": "IQ3_XS",
        "Size": "3.63GB",
        "Notes": "Lower quality, new method with decent performance, slightly better than Q3_K_S."
      },
      {
        "Name": "InternVL3_5-8B-IQ3_XXS.gguf",
        "Link": "https://huggingface.co/bartowski/OpenGVLab_InternVL3_5-8B-GGUF/blob/main/OpenGVLab_InternVL3_5-8B-IQ3_XXS.gguf",
        "Type": "IQ3_XXS",
        "Size": "3.37GB",
        "Notes": "Lower quality, new method with decent performance, comparable to Q3 quants."
      },
      {
        "Name": "InternVL3_5-8B-Q2_K.gguf",
        "Link": "https://huggingface.co/bartowski/OpenGVLab_InternVL3_5-8B-GGUF/blob/main/OpenGVLab_InternVL3_5-8B-Q2_K.gguf",
        "Type": "Q2_K",
        "Size": "3.28GB",
        "Notes": "Very low quality but surprisingly usable."
      },
      {
        "Name": "InternVL3_5-8B-IQ2_M.gguf",
        "Link": "https://huggingface.co/bartowski/OpenGVLab_InternVL3_5-8B-GGUF/blob/main/OpenGVLab_InternVL3_5-8B-IQ2_M.gguf",
        "Type": "IQ2_M",
        "Size": "3.05GB",
        "Notes": "Relatively low quality, uses SOTA techniques to be surprisingly usable."
      }
    ]
  },
  "Dataset": {
    "Name": [
      "imatrix calibration dataset",
      "combined_all_small.parquet"
    ],
    "Sources": [
      "https://gist.github.com/bartowski1182/eb213dccb3571f863da82e99418f81e8",
      "https://huggingface.co/datasets/eaddario/imatrix-calibration/blob/main/combined_all_small.parquet"
    ],
    "Description": "Dataset used for imatrix quantization calibration, combining a dataset from bartowski1182 with a subset of combined_all_small.parquet from Ed Addario."
  },
  "Model_Architecture": {
    "Architecture_Type": "Not provided",
    "Base_Architecture": "InternVL3_5-8B",
    "Number_Parameters": "8B",
    "Parameters": "Not provided",
    "Input_Type": "Image-Text",
    "Output_Type": "Text"
  },
  "Training_Details": {
    "Training_Data": "Not provided",
    "Preprocessing": "Not provided",
    "Hyperparameters": "Not provided"
  },
  "Evaluation": {
    "Evaluation_Data": "Not provided",
    "Performance_Metrics": "Not provided",
    "Source": "Not provided"
  },
  "Intended_Use": {
    "Task": [
      "image-text-to-text"
    ]
  },
  "Bias_Risks_and_Limitations": {
    "Limitations": "The model card describes various quality levels for different quantized variants, ranging from 'extremely high quality' to 'very low quality but surprisingly usable' or 'low quality, not recommended', indicating performance trade-offs based on quantization type and file size."
  },
  "License": "Not provided"
}