{
  "Model_Description": {
    "Name": "bartowski/Phi-3.5-mini-instruct-GGUF",
    "Description": "This model card describes GGUF quantizations of the Phi-3.5-mini-instruct model, created using llama.cpp with imatrix option."
  },
  "Model_Sources": {
    "Repository": "https://huggingface.co/microsoft/Phi-3.5-mini-instruct",
    "Paper": "Not provided",
    "Demo": "https://lmstudio.ai/"
  },
  "Citation": "Not provided",
  "Contact": {
    "Author": "bartowski",
    "Email": "Not provided",
    "Community": [
      "https://ko-fi.com/bartowski"
    ]
  },
  "Technical_Requirements": {
    "Software": [
      "llama.cpp b3751",
      "huggingface_hub[cli]",
      "LM Studio"
    ],
    "Hardware": {
      "CPU": "ARM chips",
      "GPU": [
        "Nvidia (cuBLAS)",
        "AMD (rocBLAS)",
        "Apple Metal"
      ],
      "RAM": "Not provided",
      "Storage": "Not provided"
    }
  },
  "Access_and_Distribution": {
    "Download_Link": "Not provided",
    "Model_Variants": [
      {
        "Name": "Phi-3.5-mini-instruct-f32.gguf",
        "Link": "https://huggingface.co/bartowski/Phi-3.5-mini-instruct-GGUF/blob/main/Phi-3.5-mini-instruct-f32.gguf",
        "Type": "f32",
        "Size": "15.29GB",
        "Notes": "Full F32 weights."
      },
      {
        "Name": "Phi-3.5-mini-instruct-Q8_0.gguf",
        "Link": "https://huggingface.co/bartowski/Phi-3.5-mini-instruct-GGUF/blob/main/Phi-3.5-mini-instruct-Q8_0.gguf",
        "Type": "Q8_0",
        "Size": "4.06GB",
        "Notes": "Extremely high quality, generally unneeded but max available quant."
      },
      {
        "Name": "Phi-3.5-mini-instruct-Q6_K_L.gguf",
        "Link": "https://huggingface.co/bartowski/Phi-3.5-mini-instruct-GGUF/blob/main/Phi-3.5-mini-instruct-Q6_K_L.gguf",
        "Type": "Q6_K_L",
        "Size": "3.18GB",
        "Notes": "Uses Q8_0 for embed and output weights. Very high quality, near perfect, *recommended*."
      },
      {
        "Name": "Phi-3.5-mini-instruct-Q6_K.gguf",
        "Link": "https://huggingface.co/bartowski/Phi-3.5-mini-instruct-GGUF/blob/main/Phi-3.5-mini-instruct-Q6_K.gguf",
        "Type": "Q6_K",
        "Size": "3.14GB",
        "Notes": "Very high quality, near perfect, *recommended*."
      },
      {
        "Name": "Phi-3.5-mini-instruct-Q5_K_L.gguf",
        "Link": "https://huggingface.co/bartowski/Phi-3.5-mini-instruct-GGUF/blob/main/Phi-3.5-mini-instruct-Q5_K_L.gguf",
        "Type": "Q5_K_L",
        "Size": "2.88GB",
        "Notes": "Uses Q8_0 for embed and output weights. High quality, *recommended*."
      },
      {
        "Name": "Phi-3.5-mini-instruct-Q5_K_M.gguf",
        "Link": "https://huggingface.co/bartowski/Phi-3.5-mini-instruct-GGUF/blob/main/Phi-3.5-mini-instruct-Q5_K_M.gguf",
        "Type": "Q5_K_M",
        "Size": "2.82GB",
        "Notes": "High quality, *recommended*."
      },
      {
        "Name": "Phi-3.5-mini-instruct-Q5_K_S.gguf",
        "Link": "https://huggingface.co/bartowski/Phi-3.5-mini-instruct-GGUF/blob/main/Phi-3.5-mini-instruct-Q5_K_S.gguf",
        "Type": "Q5_K_S",
        "Size": "2.64GB",
        "Notes": "High quality, *recommended*."
      },
      {
        "Name": "Phi-3.5-mini-instruct-Q4_K_L.gguf",
        "Link": "https://huggingface.co/bartowski/Phi-3.5-mini-instruct-GGUF/blob/main/Phi-3.5-mini-instruct-Q4_K_L.gguf",
        "Type": "Q4_K_L",
        "Size": "2.47GB",
        "Notes": "Uses Q8_0 for embed and output weights. Good quality, *recommended*."
      },
      {
        "Name": "Phi-3.5-mini-instruct-Q4_K_M.gguf",
        "Link": "https://huggingface.co/bartowski/Phi-3.5-mini-instruct-GGUF/blob/main/Phi-3.5-mini-instruct-Q4_K_M.gguf",
        "Type": "Q4_K_M",
        "Size": "2.39GB",
        "Notes": "Good quality, default size for must use cases, *recommended*."
      },
      {
        "Name": "Phi-3.5-mini-instruct-Q4_K_S.gguf",
        "Link": "https://huggingface.co/bartowski/Phi-3.5-mini-instruct-GGUF/blob/main/Phi-3.5-mini-instruct-Q4_K_S.gguf",
        "Type": "Q4_K_S",
        "Size": "2.19GB",
        "Notes": "Slightly lower quality with more space savings, *recommended*."
      },
      {
        "Name": "Phi-3.5-mini-instruct-Q4_0_8_8.gguf",
        "Link": "https://huggingface.co/bartowski/Phi-3.5-mini-instruct-GGUF/blob/main/Phi-3.5-mini-instruct-Q4_0_8_8.gguf",
        "Type": "Q4_0_8_8",
        "Size": "2.18GB",
        "Notes": "Optimized for ARM inference. Requires 'sve' support (see link below)."
      },
      {
        "Name": "Phi-3.5-mini-instruct-Q4_0_4_8.gguf",
        "Link": "https://huggingface.co/bartowski/Phi-3.5-mini-instruct-GGUF/blob/main/Phi-3.5-mini-instruct-Q4_0_4_8.gguf",
        "Type": "Q4_0_4_8",
        "Size": "2.18GB",
        "Notes": "Optimized for ARM inference. Requires 'i8mm' support (see link below)."
      },
      {
        "Name": "Phi-3.5-mini-instruct-Q4_0_4_4.gguf",
        "Link": "https://huggingface.co/bartowski/Phi-3.5-mini-instruct-GGUF/blob/main/Phi-3.5-mini-instruct-Q4_0_4_4.gguf",
        "Type": "Q4_0_4_4",
        "Size": "2.18GB",
        "Notes": "Optimized for ARM inference. Should work well on all ARM chips, pick this if you're unsure."
      },
      {
        "Name": "Phi-3.5-mini-instruct-Q4_0.gguf",
        "Link": "https://huggingface.co/bartowski/Phi-3.5-mini-instruct-GGUF/blob/main/Phi-3.5-mini-instruct-Q4_0.gguf",
        "Type": "Q4_0",
        "Size": "2.18GB",
        "Notes": "Legacy format, generally not worth using over similarly sized formats"
      },
      {
        "Name": "Phi-3.5-mini-instruct-Q3_K_XL.gguf",
        "Link": "https://huggingface.co/bartowski/Phi-3.5-mini-instruct-GGUF/blob/main/Phi-3.5-mini-instruct-Q3_K_XL.gguf",
        "Type": "Q3_K_XL",
        "Size": "2.17GB",
        "Notes": "Uses Q8_0 for embed and output weights. Lower quality but usable, good for low RAM availability."
      },
      {
        "Name": "Phi-3.5-mini-instruct-Q3_K_L.gguf",
        "Link": "https://huggingface.co/bartowski/Phi-3.5-mini-instruct-GGUF/blob/main/Phi-3.5-mini-instruct-Q3_K_L.gguf",
        "Type": "Q3_K_L",
        "Size": "2.09GB",
        "Notes": "Lower quality but usable, good for low RAM availability."
      },
      {
        "Name": "Phi-3.5-mini-instruct-IQ4_XS.gguf",
        "Link": "https://huggingface.co/bartowski/Phi-3.5-mini-instruct-GGUF/blob/main/Phi-3.5-mini-instruct-IQ4_XS.gguf",
        "Type": "IQ4_XS",
        "Size": "2.06GB",
        "Notes": "Decent quality, smaller than Q4_K_S with similar performance, *recommended*."
      },
      {
        "Name": "Phi-3.5-mini-instruct-Q3_K_M.gguf",
        "Link": "https://huggingface.co/bartowski/Phi-3.5-mini-instruct-GGUF/blob/main/Phi-3.5-mini-instruct-Q3_K_M.gguf",
        "Type": "Q3_K_M",
        "Size": "1.96GB",
        "Notes": "Low quality."
      },
      {
        "Name": "Phi-3.5-mini-instruct-IQ3_M.gguf",
        "Link": "https://huggingface.co/bartowski/Phi-3.5-mini-instruct-GGUF/blob/main/Phi-3.5-mini-instruct-IQ3_M.gguf",
        "Type": "IQ3_M",
        "Size": "1.86GB",
        "Notes": "Medium-low quality, new method with decent performance comparable to Q3_K_M."
      },
      {
        "Name": "Phi-3.5-mini-instruct-Q3_K_S.gguf",
        "Link": "https://huggingface.co/bartowski/Phi-3.5-mini-instruct-GGUF/blob/main/Phi-3.5-mini-instruct-Q3_K_S.gguf",
        "Type": "Q3_K_S",
        "Size": "1.68GB",
        "Notes": "Low quality, not recommended."
      },
      {
        "Name": "Phi-3.5-mini-instruct-IQ3_XS.gguf",
        "Link": "https://huggingface.co/bartowski/Phi-3.5-mini-instruct-GGUF/blob/main/Phi-3.5-mini-instruct-IQ3_XS.gguf",
        "Type": "IQ3_XS",
        "Size": "1.63GB",
        "Notes": "Lower quality, new method with decent performance, slightly better than Q3_K_S."
      },
      {
        "Name": "Phi-3.5-mini-instruct-Q2_K_L.gguf",
        "Link": "https://huggingface.co/bartowski/Phi-3.5-mini-instruct-GGUF/blob/main/Phi-3.5-mini-instruct-Q2_K_L.gguf",
        "Type": "Q2_K_L",
        "Size": "1.51GB",
        "Notes": "Uses Q8_0 for embed and output weights. Very low quality but surprisingly usable."
      },
      {
        "Name": "Phi-3.5-mini-instruct-Q2_K.gguf",
        "Link": "https://huggingface.co/bartowski/Phi-3.5-mini-instruct-GGUF/blob/main/Phi-3.5-mini-instruct-Q2_K.gguf",
        "Type": "Q2_K",
        "Size": "1.42GB",
        "Notes": "Very low quality but surprisingly usable."
      },
      {
        "Name": "Phi-3.5-mini-instruct-IQ2_M.gguf",
        "Link": "https://huggingface.co/bartowski/Phi-3.5-mini-instruct-GGUF/blob/main/Phi-3.5-mini-instruct-IQ2_M.gguf",
        "Type": "IQ2_M",
        "Size": "1.32GB",
        "Notes": "Relatively low quality, uses SOTA techniques to be surprisingly usable."
      }
    ]
  },
  "Dataset": {
    "Name": "Not provided",
    "Sources": "https://gist.github.com/bartowski1182/eb213dccb3571f863da82e99418f81e8",
    "Description": "Dataset used for imatrix quantization calibration."
  },
  "Model_Architecture": {
    "Architecture_Type": "Not provided",
    "Base_Architecture": "Phi-3.5-mini-instruct",
    "Number_Parameters": "Not provided",
    "Parameters": "Not provided",
    "Input_Type": "Text",
    "Output_Type": "Text"
  },
  "Training_Details": {
    "Training_Data": "Not provided",
    "Preprocessing": "Not provided",
    "Hyperparameters": "Not provided"
  },
  "Evaluation": {
    "Evaluation_Data": "Not provided",
    "Performance_Metrics": "Not provided",
    "Source": "Not provided"
  },
  "Intended_Use": {
    "Task": [
      "text-generation",
      "nlp",
      "code"
    ]
  },
  "Bias_Risks_and_Limitations": {
    "Limitations": "Some I-quants are not compatible with Vulcan. There is a tradeoff between speed and performance, and lower quality is expected for smaller quantizations."
  },
  "License": "MIT"
}