{
  "Model_Description": {
    "Name": "bartowski/PocketDoc_Dans-PersonalityEngine-V1.2.0-24b-GGUF",
    "Description": "This model card provides Llamacpp imatrix quantizations of the Dans-PersonalityEngine-V1.2.0-24b model by PocketDoc, offering various quantized versions for efficient inference."
  },
  "Model_Sources": {
    "Repository": "https://huggingface.co/PocketDoc/Dans-PersonalityEngine-V1.2.0-24b",
    "Paper": "Not provided",
    "Demo": "Not provided"
  },
  "Citation": "Not provided",
  "Contact": {
    "Author": "bartowski",
    "Email": "Not provided",
    "Community": [
      "https://ko-fi.com/bartowski"
    ]
  },
  "Technical_Requirements": {
    "Software": [
      "llama.cpp release b4738",
      "LM Studio",
      "huggingface_hub[cli]"
    ],
    "Hardware": {
      "CPU": "ARM, AVX, AVX2 system (EPYC7702)",
      "GPU": [
        "cuBLAS (Nvidia)",
        "rocBLAS (AMD)",
        "Apple Metal",
        "Vulcan (AMD)"
      ],
      "RAM": "Not provided",
      "Storage": "Not provided"
    }
  },
  "Access_and_Distribution": {
    "Download_Link": "",
    "Model_Variants": [
      {
        "Name": "Dans-PersonalityEngine-V1.2.0-24b-Q8_0.gguf",
        "Link": "https://huggingface.co/bartowski/PocketDoc_Dans-PersonalityEngine-V1.2.0-24b-GGUF/blob/main/PocketDoc_Dans-PersonalityEngine-V1.2.0-24b-Q8_0.gguf",
        "Type": "Q8_0",
        "Size": "25.05GB",
        "Notes": "Extremely high quality, generally unneeded but max available quant."
      },
      {
        "Name": "Dans-PersonalityEngine-V1.2.0-24b-Q6_K_L.gguf",
        "Link": "https://huggingface.co/bartowski/PocketDoc_Dans-PersonalityEngine-V1.2.0-24b-GGUF/blob/main/PocketDoc_Dans-PersonalityEngine-V1.2.0-24b-Q6_K_L.gguf",
        "Type": "Q6_K_L",
        "Size": "19.67GB",
        "Notes": "Uses Q8_0 for embed and output weights. Very high quality, near perfect, recommended."
      },
      {
        "Name": "Dans-PersonalityEngine-V1.2.0-24b-Q6_K.gguf",
        "Link": "https://huggingface.co/bartowski/PocketDoc_Dans-PersonalityEngine-V1.2.0-24b-GGUF/blob/main/PocketDoc_Dans-PersonalityEngine-V1.2.0-24b-Q6_K.gguf",
        "Type": "Q6_K",
        "Size": "19.35GB",
        "Notes": "Very high quality, near perfect, recommended."
      },
      {
        "Name": "Dans-PersonalityEngine-V1.2.0-24b-Q5_K_L.gguf",
        "Link": "https://huggingface.co/bartowski/PocketDoc_Dans-PersonalityEngine-V1.2.0-24b-GGUF/blob/main/PocketDoc_Dans-PersonalityEngine-V1.2.0-24b-Q5_K_L.gguf",
        "Type": "Q5_K_L",
        "Size": "17.18GB",
        "Notes": "Uses Q8_0 for embed and output weights. High quality, recommended."
      },
      {
        "Name": "Dans-PersonalityEngine-V1.2.0-24b-Q5_K_M.gguf",
        "Link": "https://huggingface.co/bartowski/PocketDoc_Dans-PersonalityEngine-V1.2.0-24b-GGUF/blob/main/PocketDoc_Dans-PersonalityEngine-V1.2.0-24b-Q5_K_M.gguf",
        "Type": "Q5_K_M",
        "Size": "16.76GB",
        "Notes": "High quality, recommended."
      },
      {
        "Name": "Dans-PersonalityEngine-V1.2.0-24b-Q5_K_S.gguf",
        "Link": "https://huggingface.co/bartowski/PocketDoc_Dans-PersonalityEngine-V1.2.0-24b-GGUF/blob/main/PocketDoc_Dans-PersonalityEngine-V1.2.0-24b-Q5_K_S.gguf",
        "Type": "Q5_K_S",
        "Size": "16.30GB",
        "Notes": "High quality, recommended."
      },
      {
        "Name": "Dans-PersonalityEngine-V1.2.0-24b-Q4_1.gguf",
        "Link": "https://huggingface.co/bartowski/PocketDoc_Dans-PersonalityEngine-V1.2.0-24b-GGUF/blob/main/PocketDoc_Dans-PersonalityEngine-V1.2.0-24b-Q4_1.gguf",
        "Type": "Q4_1",
        "Size": "14.87GB",
        "Notes": "Legacy format, similar performance to Q4_K_S but with improved tokens/watt on Apple silicon."
      },
      {
        "Name": "Dans-PersonalityEngine-V1.2.0-24b-Q4_K_L.gguf",
        "Link": "https://huggingface.co/bartowski/PocketDoc_Dans-PersonalityEngine-V1.2.0-24b-GGUF/blob/main/PocketDoc_Dans-PersonalityEngine-V1.2.0-24b-Q4_K_L.gguf",
        "Type": "Q4_K_L",
        "Size": "14.83GB",
        "Notes": "Uses Q8_0 for embed and output weights. Good quality, recommended."
      },
      {
        "Name": "Dans-PersonalityEngine-V1.2.0-24b-Q4_K_M.gguf",
        "Link": "https://huggingface.co/bartowski/PocketDoc_Dans-PersonalityEngine-V1.2.0-24b-GGUF/blob/main/PocketDoc_Dans-PersonalityEngine-V1.2.0-24b-Q4_K_M.gguf",
        "Type": "Q4_K_M",
        "Size": "14.33GB",
        "Notes": "Good quality, default size for most use cases, recommended."
      },
      {
        "Name": "Dans-PersonalityEngine-V1.2.0-24b-Q4_K_S.gguf",
        "Link": "https://huggingface.co/bartowski/PocketDoc_Dans-PersonalityEngine-V1.2.0-24b-GGUF/blob/main/PocketDoc_Dans-PersonalityEngine-V1.2.0-24b-Q4_K_S.gguf",
        "Type": "Q4_K_S",
        "Size": "13.55GB",
        "Notes": "Slightly lower quality with more space savings, recommended."
      },
      {
        "Name": "Dans-PersonalityEngine-V1.2.0-24b-Q4_0.gguf",
        "Link": "https://huggingface.co/bartowski/PocketDoc_Dans-PersonalityEngine-V1.2.0-24b-GGUF/blob/main/PocketDoc_Dans-PersonalityEngine-V1.2.0-24b-Q4_0.gguf",
        "Type": "Q4_0",
        "Size": "13.49GB",
        "Notes": "Legacy format, offers online repacking for ARM and AVX CPU inference."
      },
      {
        "Name": "Dans-PersonalityEngine-V1.2.0-24b-IQ4_NL.gguf",
        "Link": "https://huggingface.co/bartowski/PocketDoc_Dans-PersonalityEngine-V1.2.0-24b-GGUF/blob/main/PocketDoc_Dans-PersonalityEngine-V1.2.0-24b-IQ4_NL.gguf",
        "Type": "IQ4_NL",
        "Size": "13.47GB",
        "Notes": "Similar to IQ4_XS, but slightly larger. Offers online repacking for ARM CPU inference."
      },
      {
        "Name": "Dans-PersonalityEngine-V1.2.0-24b-Q3_K_XL.gguf",
        "Link": "https://huggingface.co/bartowski/PocketDoc_Dans-PersonalityEngine-V1.2.0-24b-GGUF/blob/main/PocketDoc_Dans-PersonalityEngine-V1.2.0-24b-Q3_K_XL.gguf",
        "Type": "Q3_K_XL",
        "Size": "12.99GB",
        "Notes": "Uses Q8_0 for embed and output weights. Lower quality but usable, good for low RAM availability."
      },
      {
        "Name": "Dans-PersonalityEngine-V1.2.0-24b-IQ4_XS.gguf",
        "Link": "https://huggingface.co/bartowski/PocketDoc_Dans-PersonalityEngine-V1.2.0-24b-GGUF/blob/main/PocketDoc_Dans-PersonalityEngine-V1.2.0-24b-IQ4_XS.gguf",
        "Type": "IQ4_XS",
        "Size": "12.76GB",
        "Notes": "Decent quality, smaller than Q4_K_S with similar performance, recommended."
      },
      {
        "Name": "Dans-PersonalityEngine-V1.2.0-24b-Q3_K_L.gguf",
        "Link": "https://huggingface.co/bartowski/PocketDoc_Dans-PersonalityEngine-V1.2.0-24b-GGUF/blob/main/PocketDoc_Dans-PersonalityEngine-V1.2.0-24b-Q3_K_L.gguf",
        "Type": "Q3_K_L",
        "Size": "12.40GB",
        "Notes": "Lower quality but usable, good for low RAM availability."
      },
      {
        "Name": "Dans-PersonalityEngine-V1.2.0-24b-Q3_K_M.gguf",
        "Link": "https://huggingface.co/bartowski/PocketDoc_Dans-PersonalityEngine-V1.2.0-24b-GGUF/blob/main/PocketDoc_Dans-PersonalityEngine-V1.2.0-24b-Q3_K_M.gguf",
        "Type": "Q3_K_M",
        "Size": "11.47GB",
        "Notes": "Low quality."
      },
      {
        "Name": "Dans-PersonalityEngine-V1.2.0-24b-IQ3_M.gguf",
        "Link": "https://huggingface.co/bartowski/PocketDoc_Dans-PersonalityEngine-V1.2.0-24b-GGUF/blob/main/PocketDoc_Dans-PersonalityEngine-V1.2.0-24b-IQ3_M.gguf",
        "Type": "IQ3_M",
        "Size": "10.65GB",
        "Notes": "Medium-low quality, new method with decent performance comparable to Q3_K_M."
      },
      {
        "Name": "Dans-PersonalityEngine-V1.2.0-24b-Q3_K_S.gguf",
        "Link": "https://huggingface.co/bartowski/PocketDoc_Dans-PersonalityEngine-V1.2.0-24b-GGUF/blob/main/PocketDoc_Dans-PersonalityEngine-V1.2.0-24b-Q3_K_S.gguf",
        "Type": "Q3_K_S",
        "Size": "10.40GB",
        "Notes": "Low quality, not recommended."
      },
      {
        "Name": "Dans-PersonalityEngine-V1.2.0-24b-IQ3_XS.gguf",
        "Link": "https://huggingface.co/bartowski/PocketDoc_Dans-PersonalityEngine-V1.2.0-24b-GGUF/blob/main/PocketDoc_Dans-PersonalityEngine-V1.2.0-24b-IQ3_XS.gguf",
        "Type": "IQ3_XS",
        "Size": "9.91GB",
        "Notes": "Lower quality, new method with decent performance, slightly better than Q3_K_S."
      },
      {
        "Name": "Dans-PersonalityEngine-V1.2.0-24b-Q2_K_L.gguf",
        "Link": "https://huggingface.co/bartowski/PocketDoc_Dans-PersonalityEngine-V1.2.0-24b-GGUF/blob/main/PocketDoc_Dans-PersonalityEngine-V1.2.0-24b-Q2_K_L.gguf",
        "Type": "Q2_K_L",
        "Size": "9.55GB",
        "Notes": "Uses Q8_0 for embed and output weights. Very low quality but surprisingly usable."
      },
      {
        "Name": "Dans-PersonalityEngine-V1.2.0-24b-IQ3_XXS.gguf",
        "Link": "https://huggingface.co/bartowski/PocketDoc_Dans-PersonalityEngine-V1.2.0-24b-GGUF/blob/main/PocketDoc_Dans-PersonalityEngine-V1.2.0-24b-IQ3_XXS.gguf",
        "Type": "IQ3_XXS",
        "Size": "9.28GB",
        "Notes": "Lower quality, new method with decent performance, comparable to Q3 quants."
      },
      {
        "Name": "Dans-PersonalityEngine-V1.2.0-24b-Q2_K.gguf",
        "Link": "https://huggingface.co/bartowski/PocketDoc_Dans-PersonalityEngine-V1.2.0-24b-GGUF/blob/main/PocketDoc_Dans-PersonalityEngine-V1.2.0-24b-Q2_K.gguf",
        "Type": "Q2_K",
        "Size": "8.89GB",
        "Notes": "Very low quality but surprisingly usable."
      },
      {
        "Name": "Dans-PersonalityEngine-V1.2.0-24b-IQ2_M.gguf",
        "Link": "https://huggingface.co/bartowski/PocketDoc_Dans-PersonalityEngine-V1.2.0-24b-GGUF/blob/main/PocketDoc_Dans-PersonalityEngine-V1.2.0-24b-IQ2_M.gguf",
        "Type": "IQ2_M",
        "Size": "8.11GB",
        "Notes": "Relatively low quality, uses SOTA techniques to be surprisingly usable."
      },
      {
        "Name": "Dans-PersonalityEngine-V1.2.0-24b-IQ2_S.gguf",
        "Link": "https://huggingface.co/bartowski/PocketDoc_Dans-PersonalityEngine-V1.2.0-24b-GGUF/blob/main/PocketDoc_Dans-PersonalityEngine-V1.2.0-24b-IQ2_S.gguf",
        "Type": "IQ2_S",
        "Size": "7.48GB",
        "Notes": "Low quality, uses SOTA techniques to be usable."
      },
      {
        "Name": "Dans-PersonalityEngine-V1.2.0-24b-IQ2_XS.gguf",
        "Link": "https://huggingface.co/bartowski/PocketDoc_Dans-PersonalityEngine-V1.2.0-24b-GGUF/blob/main/PocketDoc_Dans-PersonalityEngine-V1.2.0-24b-IQ2_XS.gguf",
        "Type": "IQ2_XS",
        "Size": "7.21GB",
        "Notes": "Low quality, uses SOTA techniques to be usable."
      }
    ]
  },
  "Dataset": {
    "Name": [
      "PocketDoc/Dans-MemoryCore-CoreCurriculum-Small",
      "AquaV/US-Army-Survival-Sharegpt",
      "AquaV/Multi-Environment-Operations-Sharegpt",
      "AquaV/Resistance-Sharegpt",
      "AquaV/Interrogation-Sharegpt",
      "AquaV/Chemical-Biological-Safety-Applications-Sharegpt",
      "AquaV/Energetic-Materials-Sharegpt",
      "PocketDoc/Dans-Mathmaxx",
      "PocketDoc/Dans-Mathmaxx-Numina-CoT",
      "PJMixers/Math-Multiturn-1K-ShareGPT",
      "PocketDoc/Dans-Benchmaxx-COT",
      "PocketDoc/Dans-Codemaxx-LeetCode",
      "PocketDoc/Dans-Codemaxx-CodeFeedback-Conversations",
      "PocketDoc/Dans-Codemaxx-CodeFeedback-SingleTurn",
      "PocketDoc/Dans-Codemaxx-Bigcode-SelfInstruct",
      "PocketDoc/Dans-Taskmaxx",
      "PocketDoc/Dans-Taskmaxx-DataPrepper",
      "PocketDoc/Dans-Taskmaxx-ConcurrentQA-Reworked",
      "PocketDoc/Dans-Taskmaxx-TableGPT",
      "PocketDoc/Dans-Taskmaxx-SciRIFF",
      "PocketDoc/Dans-Taskmaxx-Edit",
      "PocketDoc/Dans-Toolmaxx-Agent",
      "PocketDoc/Dans-Toolmaxx-ShellCommands",
      "PocketDoc/Dans-Toolmaxx-Functions-Toolbench",
      "PocketDoc/Dans-Toolmaxx-Functions-ToolACE",
      "PocketDoc/Dans-ASCIIMaxx-Wordart",
      "PocketDoc/Dans-Prosemaxx-Gutenberg",
      "PocketDoc/Dans-Prosemaxx-Cowriter-3-XL",
      "PocketDoc/Dans-Prosemaxx-Adventure",
      "PocketDoc/Dans-Failuremaxx-Adventure-3",
      "PocketDoc/Dans-Prosemaxx-InstructWriter-ZeroShot-2",
      "PocketDoc/Dans-Prosemaxx-InstructWriter-Continue-2",
      "PocketDoc/Dans-Assistantmaxx-Sharegpt",
      "PocketDoc/Dans-Assistantmaxx-OpenAssistant2",
      "PocketDoc/Dans-Assistantmaxx-Opus-Merge",
      "PocketDoc/Dans-Assistantmaxx-sonnetorca-subset",
      "PocketDoc/Dans-Assistantmaxx-sonnetorca-subset-2",
      "PocketDoc/Dans-Assistantmaxx-NoRobots",
      "PocketDoc/Dans-Assistantmaxx-Synthia",
      "PocketDoc/Dans-Assistantmaxx-ASL",
      "PocketDoc/Dans-Assistantmaxx-PersonaLLM-Opus",
      "PocketDoc/Dans-Assistantmaxx-UnnaturalInstructions-GPT4",
      "PocketDoc/Dans-Assistantmaxx-LongAlign",
      "PocketDoc/Dans-Assistantmaxx-EvolKit",
      "PocketDoc/Dans-Assistantmaxx-Camel-GPT4",
      "PocketDoc/Dans-Assistantmaxx-OpenLeecher-Instruct",
      "PocketDoc/Dans-Assistantmaxx-Tulu3-IF",
      "PocketDoc/Dans-Systemmaxx",
      "PocketDoc/Dans-Logicmaxx-Skunkworks",
      "PocketDoc/Dans-Logicmaxx-FI-VeriMed",
      "PocketDoc/Dans-Logicmaxx-SAT-AP",
      "PocketDoc/Dans-Logicmaxx-Magpie-Ultra",
      "PJMixers/grimulkan_theory-of-mind-ShareGPT",
      "PJMixers/grimulkan_physical-reasoning-ShareGPT",
      "PocketDoc/Dans-Personamaxx",
      "PocketDoc/Dans-Personamaxx-Rainy",
      "PocketDoc/Dans-Personamaxx-C1",
      "PocketDoc/Dans-Personamaxx-VN",
      "imatrix calibration dataset"
    ],
    "Sources": [
      "https://huggingface.co/datasets/PocketDoc/Dans-MemoryCore-CoreCurriculum-Small",
      "https://huggingface.co/datasets/AquaV/US-Army-Survival-Sharegpt",
      "https://huggingface.co/datasets/AquaV/Multi-Environment-Operations-Sharegpt",
      "https://huggingface.co/datasets/AquaV/Resistance-Sharegpt",
      "https://huggingface.co/datasets/AquaV/Interrogation-Sharegpt",
      "https://huggingface.co/datasets/AquaV/Chemical-Biological-Safety-Applications-Sharegpt",
      "https://huggingface.co/datasets/AquaV/Energetic-Materials-Sharegpt",
      "https://huggingface.co/datasets/PocketDoc/Dans-Mathmaxx",
      "https://huggingface.co/datasets/PocketDoc/Dans-Mathmaxx-Numina-CoT",
      "https://huggingface.co/datasets/PJMixers/Math-Multiturn-1K-ShareGPT",
      "https://huggingface.co/datasets/PocketDoc/Dans-Benchmaxx-COT",
      "https://huggingface.co/datasets/PocketDoc/Dans-Codemaxx-LeetCode",
      "https://huggingface.co/datasets/PocketDoc/Dans-Codemaxx-CodeFeedback-Conversations",
      "https://huggingface.co/datasets/PocketDoc/Dans-Codemaxx-CodeFeedback-SingleTurn",
      "https://huggingface.co/datasets/PocketDoc/Dans-Codemaxx-Bigcode-SelfInstruct",
      "https://huggingface.co/datasets/PocketDoc/Dans-Taskmaxx",
      "https://huggingface.co/datasets/PocketDoc/Dans-Taskmaxx-DataPrepper",
      "https://huggingface.co/datasets/PocketDoc/Dans-Taskmaxx-ConcurrentQA-Reworked",
      "https://huggingface.co/datasets/PocketDoc/Dans-Taskmaxx-TableGPT",
      "https://huggingface.co/datasets/PocketDoc/Dans-Taskmaxx-SciRIFF",
      "https://huggingface.co/datasets/PocketDoc/Dans-Taskmaxx-Edit",
      "https://huggingface.co/datasets/PocketDoc/Dans-Toolmaxx-Agent",
      "https://huggingface.co/datasets/PocketDoc/Dans-Toolmaxx-ShellCommands",
      "https://huggingface.co/datasets/PocketDoc/Dans-Toolmaxx-Functions-Toolbench",
      "https://huggingface.co/datasets/PocketDoc/Dans-Toolmaxx-Functions-ToolACE",
      "https://huggingface.co/datasets/PocketDoc/Dans-ASCIIMaxx-Wordart",
      "https://huggingface.co/datasets/PocketDoc/Dans-Prosemaxx-Gutenberg",
      "https://huggingface.co/datasets/PocketDoc/Dans-Prosemaxx-Cowriter-3-XL",
      "https://huggingface.co/datasets/PocketDoc/Dans-Prosemaxx-Adventure",
      "https://huggingface.co/datasets/PocketDoc/Dans-Failuremaxx-Adventure-3",
      "https://huggingface.co/datasets/PocketDoc/Dans-Prosemaxx-InstructWriter-ZeroShot-2",
      "https://huggingface.co/datasets/PocketDoc/Dans-Prosemaxx-InstructWriter-Continue-2",
      "https://huggingface.co/datasets/PocketDoc/Dans-Assistantmaxx-Sharegpt",
      "https://huggingface.co/datasets/PocketDoc/Dans-Assistantmaxx-OpenAssistant2",
      "https://huggingface.co/datasets/PocketDoc/Dans-Assistantmaxx-Opus-Merge",
      "https://huggingface.co/datasets/PocketDoc/Dans-Assistantmaxx-sonnetorca-subset",
      "https://huggingface.co/datasets/PocketDoc/Dans-Assistantmaxx-sonnetorca-subset-2",
      "https://huggingface.co/datasets/PocketDoc/Dans-Assistantmaxx-NoRobots",
      "https://huggingface.co/datasets/PocketDoc/Dans-Assistantmaxx-Synthia",
      "https://huggingface.co/datasets/PocketDoc/Dans-Assistantmaxx-ASL",
      "https://huggingface.co/datasets/PocketDoc/Dans-Assistantmaxx-PersonaLLM-Opus",
      "https://huggingface.co/datasets/PocketDoc/Dans-Assistantmaxx-UnnaturalInstructions-GPT4",
      "https://huggingface.co/datasets/PocketDoc/Dans-Assistantmaxx-LongAlign",
      "https://huggingface.co/datasets/PocketDoc/Dans-Assistantmaxx-EvolKit",
      "https://huggingface.co/datasets/PocketDoc/Dans-Assistantmaxx-Camel-GPT4",
      "https://huggingface.co/datasets/PocketDoc/Dans-Assistantmaxx-OpenLeecher-Instruct",
      "https://huggingface.co/datasets/PocketDoc/Dans-Assistantmaxx-Tulu3-IF",
      "https://huggingface.co/datasets/PocketDoc/Dans-Systemmaxx",
      "https://huggingface.co/datasets/PocketDoc/Dans-Logicmaxx-Skunkworks",
      "https://huggingface.co/datasets/PocketDoc/Dans-Logicmaxx-FI-VeriMed",
      "https://huggingface.co/datasets/PocketDoc/Dans-Logicmaxx-SAT-AP",
      "https://huggingface.co/datasets/PocketDoc/Dans-Logicmaxx-Magpie-Ultra",
      "https://huggingface.co/datasets/PJMixers/grimulkan_theory-of-mind-ShareGPT",
      "https://huggingface.co/datasets/PJMixers/grimulkan_physical-reasoning-ShareGPT",
      "https://huggingface.co/datasets/PocketDoc/Dans-Personamaxx",
      "https://huggingface.co/datasets/PocketDoc/Dans-Personamaxx-Rainy",
      "https://huggingface.co/datasets/PocketDoc/Dans-Personamaxx-C1",
      "https://huggingface.co/datasets/PocketDoc/Dans-Personamaxx-VN",
      "https://gist.github.com/bartowski1182/eb213dccb3571f863da82e99418f81e8"
    ],
    "Description": "Not provided"
  },
  "Model_Architecture": {
    "Architecture_Type": "Not provided",
    "Base_Architecture": "Dans-PersonalityEngine-V1.2.0-24b",
    "Number_Parameters": "Not provided",
    "Parameters": "Not provided",
    "Input_Type": "Text",
    "Output_Type": "Text"
  },
  "Training_Details": {
    "Training_Data": [
      "PocketDoc/Dans-MemoryCore-CoreCurriculum-Small",
      "AquaV/US-Army-Survival-Sharegpt",
      "AquaV/Multi-Environment-Operations-Sharegpt",
      "AquaV/Resistance-Sharegpt",
      "AquaV/Interrogation-Sharegpt",
      "AquaV/Chemical-Biological-Safety-Applications-Sharegpt",
      "AquaV/Energetic-Materials-Sharegpt",
      "PocketDoc/Dans-Mathmaxx",
      "PocketDoc/Dans-Mathmaxx-Numina-CoT",
      "PJMixers/Math-Multiturn-1K-ShareGPT",
      "PocketDoc/Dans-Benchmaxx-COT",
      "PocketDoc/Dans-Codemaxx-LeetCode",
      "PocketDoc/Dans-Codemaxx-CodeFeedback-Conversations",
      "PocketDoc/Dans-Codemaxx-CodeFeedback-SingleTurn",
      "PocketDoc/Dans-Codemaxx-Bigcode-SelfInstruct",
      "PocketDoc/Dans-Taskmaxx",
      "PocketDoc/Dans-Taskmaxx-DataPrepper",
      "PocketDoc/Dans-Taskmaxx-ConcurrentQA-Reworked",
      "PocketDoc/Dans-Taskmaxx-TableGPT",
      "PocketDoc/Dans-Taskmaxx-SciRIFF",
      "PocketDoc/Dans-Taskmaxx-Edit",
      "PocketDoc/Dans-Toolmaxx-Agent",
      "PocketDoc/Dans-Toolmaxx-ShellCommands",
      "PocketDoc/Dans-Toolmaxx-Functions-Toolbench",
      "PocketDoc/Dans-Toolmaxx-Functions-ToolACE",
      "PocketDoc/Dans-ASCIIMaxx-Wordart",
      "PocketDoc/Dans-Prosemaxx-Gutenberg",
      "PocketDoc/Dans-Prosemaxx-Cowriter-3-XL",
      "PocketDoc/Dans-Prosemaxx-Adventure",
      "PocketDoc/Dans-Failuremaxx-Adventure-3",
      "PocketDoc/Dans-Prosemaxx-InstructWriter-ZeroShot-2",
      "PocketDoc/Dans-Prosemaxx-InstructWriter-Continue-2",
      "PocketDoc/Dans-Assistantmaxx-Sharegpt",
      "PocketDoc/Dans-Assistantmaxx-OpenAssistant2",
      "PocketDoc/Dans-Assistantmaxx-Opus-Merge",
      "PocketDoc/Dans-Assistantmaxx-sonnetorca-subset",
      "PocketDoc/Dans-Assistantmaxx-sonnetorca-subset-2",
      "PocketDoc/Dans-Assistantmaxx-NoRobots",
      "PocketDoc/Dans-Assistantmaxx-Synthia",
      "PocketDoc/Dans-Assistantmaxx-ASL",
      "PocketDoc/Dans-Assistantmaxx-PersonaLLM-Opus",
      "PocketDoc/Dans-Assistantmaxx-UnnaturalInstructions-GPT4",
      "PocketDoc/Dans-Assistantmaxx-LongAlign",
      "PocketDoc/Dans-Assistantmaxx-EvolKit",
      "PocketDoc/Dans-Assistantmaxx-Camel-GPT4",
      "PocketDoc/Dans-Assistantmaxx-OpenLeecher-Instruct",
      "PocketDoc/Dans-Assistantmaxx-Tulu3-IF",
      "PocketDoc/Dans-Systemmaxx",
      "PocketDoc/Dans-Logicmaxx-Skunkworks",
      "PocketDoc/Dans-Logicmaxx-FI-VeriMed",
      "PocketDoc/Dans-Logicmaxx-SAT-AP",
      "PocketDoc/Dans-Logicmaxx-Magpie-Ultra",
      "PJMixers/grimulkan_theory-of-mind-ShareGPT",
      "PJMixers/grimulkan_physical-reasoning-ShareGPT",
      "PocketDoc/Dans-Personamaxx",
      "PocketDoc/Dans-Personamaxx-Rainy",
      "PocketDoc/Dans-Personamaxx-C1",
      "PocketDoc/Dans-Personamaxx-VN"
    ],
    "Preprocessing": "All quantizations made using imatrix option with a specific dataset. Some quants use Q8_0 for embed and output weights. Online repacking for weights is offered for ARM and AVX CPU inference.",
    "Hyperparameters": "Not provided"
  },
  "Evaluation": {
    "Evaluation_Data": "Not provided",
    "Performance_Metrics": "Not provided",
    "Source": "Not provided"
  },
  "Intended_Use": {
    "Task": [
      "text-generation",
      "general-purpose",
      "roleplay"
    ]
  },
  "Bias_Risks_and_Limitations": {
    "Limitations": "Some quantized versions offer lower quality and are not recommended. I-quants are not compatible with Vulcan (AMD) builds."
  },
  "License": "apache-2.0"
}