{
  "Model_Description": {
    "Name": "bartowski/TheDrummer_Valkyrie-49B-v2-GGUF",
    "Description": "This model card provides various GGUF quantized versions of the Valkyrie-49B-v2 model, optimized for different quality and size trade-offs using imatrix quantization."
  },
  "Model_Sources": {
    "Repository": "https://huggingface.co/TheDrummer/Valkyrie-49B-v2",
    "Paper": "Not provided",
    "Demo": "Not provided"
  },
  "Citation": "Not provided",
  "Contact": {
    "Author": "bartowski",
    "Email": "Not provided",
    "Community": [
      "https://ko-fi.com/bartowski"
    ]
  },
  "Technical_Requirements": {
    "Software": [
      "llama.cpp b6317",
      "LM Studio",
      "huggingface_hub[cli]"
    ],
    "Hardware": {
      "CPU": "ARM, AVX, AVX2",
      "GPU": [
        "Nvidia (cuBLAS)",
        "AMD (rocBLAS)"
      ],
      "RAM": "Not provided",
      "Storage": "99.74GB"
    }
  },
  "Access_and_Distribution": {
    "Download_Link": "Not provided",
    "Model_Variants": [
      {
        "Name": "Valkyrie-49B-v2-bf16.gguf",
        "Link": "https://huggingface.co/bartowski/TheDrummer_Valkyrie-49B-v2-GGUF/tree/main/TheDrummer_Valkyrie-49B-v2-bf16",
        "Type": "bf16",
        "Size": "99.74GB",
        "Notes": "Full BF16 weights."
      },
      {
        "Name": "Valkyrie-49B-v2-Q8_0.gguf",
        "Link": "https://huggingface.co/bartowski/TheDrummer_Valkyrie-49B-v2-GGUF/tree/main/TheDrummer_Valkyrie-49B-v2-Q8_0",
        "Type": "Q8_0",
        "Size": "52.99GB",
        "Notes": "Extremely high quality, generally unneeded but max available quant."
      },
      {
        "Name": "Valkyrie-49B-v2-Q6_K_L.gguf",
        "Link": "https://huggingface.co/bartowski/TheDrummer_Valkyrie-49B-v2-GGUF/blob/main/TheDrummer_Valkyrie-49B-v2-Q6_K_L.gguf",
        "Type": "Q6_K_L",
        "Size": "41.43GB",
        "Notes": "Uses Q8_0 for embed and output weights. Very high quality, near perfect, *recommended*."
      },
      {
        "Name": "Valkyrie-49B-v2-Q6_K.gguf",
        "Link": "https://huggingface.co/bartowski/TheDrummer_Valkyrie-49B-v2-GGUF/blob/main/TheDrummer_Valkyrie-49B-v2-Q6_K.gguf",
        "Type": "Q6_K",
        "Size": "40.92GB",
        "Notes": "Very high quality, near perfect, *recommended*."
      },
      {
        "Name": "Valkyrie-49B-v2-Q5_K_L.gguf",
        "Link": "https://huggingface.co/bartowski/TheDrummer_Valkyrie-49B-v2-GGUF/blob/main/TheDrummer_Valkyrie-49B-v2-Q5_K_L.gguf",
        "Type": "Q5_K_L",
        "Size": "36.04GB",
        "Notes": "Uses Q8_0 for embed and output weights. High quality, *recommended*."
      },
      {
        "Name": "Valkyrie-49B-v2-Q5_K_M.gguf",
        "Link": "https://huggingface.co/bartowski/TheDrummer_Valkyrie-49B-v2-GGUF/blob/main/TheDrummer_Valkyrie-49B-v2-Q5_K_M.gguf",
        "Type": "Q5_K_M",
        "Size": "35.39GB",
        "Notes": "High quality, *recommended*."
      },
      {
        "Name": "Valkyrie-49B-v2-Q5_K_S.gguf",
        "Link": "https://huggingface.co/bartowski/TheDrummer_Valkyrie-49B-v2-GGUF/blob/main/TheDrummer_Valkyrie-49B-v2-Q5_K_S.gguf",
        "Type": "Q5_K_S",
        "Size": "34.43GB",
        "Notes": "High quality, *recommended*."
      },
      {
        "Name": "Valkyrie-49B-v2-Q4_1.gguf",
        "Link": "https://huggingface.co/bartowski/TheDrummer_Valkyrie-49B-v2-GGUF/blob/main/TheDrummer_Valkyrie-49B-v2-Q4_1.gguf",
        "Type": "Q4_1",
        "Size": "31.38GB",
        "Notes": "Legacy format, similar performance to Q4_K_S but with improved tokens/watt on Apple silicon."
      },
      {
        "Name": "Valkyrie-49B-v2-Q4_K_L.gguf",
        "Link": "https://huggingface.co/bartowski/TheDrummer_Valkyrie-49B-v2-GGUF/blob/main/TheDrummer_Valkyrie-49B-v2-Q4_K_L.gguf",
        "Type": "Q4_K_L",
        "Size": "31.00GB",
        "Notes": "Uses Q8_0 for embed and output weights. Good quality, *recommended*."
      },
      {
        "Name": "Valkyrie-49B-v2-Q4_K_M.gguf",
        "Link": "https://huggingface.co/bartowski/TheDrummer_Valkyrie-49B-v2-GGUF/blob/main/TheDrummer_Valkyrie-49B-v2-Q4_K_M.gguf",
        "Type": "Q4_K_M",
        "Size": "30.22GB",
        "Notes": "Good quality, default size for most use cases, *recommended*."
      },
      {
        "Name": "Valkyrie-49B-v2-Q4_K_S.gguf",
        "Link": "https://huggingface.co/bartowski/TheDrummer_Valkyrie-49B-v2-GGUF/blob/main/TheDrummer_Valkyrie-49B-v2-Q4_K_S.gguf",
        "Type": "Q4_K_S",
        "Size": "28.63GB",
        "Notes": "Slightly lower quality with more space savings, *recommended*."
      },
      {
        "Name": "Valkyrie-49B-v2-Q4_0.gguf",
        "Link": "https://huggingface.co/bartowski/TheDrummer_Valkyrie-49B-v2-GGUF/blob/main/TheDrummer_Valkyrie-49B-v2-Q4_0.gguf",
        "Type": "Q4_0",
        "Size": "28.46GB",
        "Notes": "Legacy format, offers online repacking for ARM and AVX CPU inference."
      },
      {
        "Name": "Valkyrie-49B-v2-IQ4_NL.gguf",
        "Link": "https://huggingface.co/bartowski/TheDrummer_Valkyrie-49B-v2-GGUF/blob/main/TheDrummer_Valkyrie-49B-v2-IQ4_NL.gguf",
        "Type": "IQ4_NL",
        "Size": "28.38GB",
        "Notes": "Similar to IQ4_XS, but slightly larger. Offers online repacking for ARM CPU inference."
      },
      {
        "Name": "Valkyrie-49B-v2-Q3_K_XL.gguf",
        "Link": "https://huggingface.co/bartowski/TheDrummer_Valkyrie-49B-v2-GGUF/blob/main/TheDrummer_Valkyrie-49B-v2-Q3_K_XL.gguf",
        "Type": "Q3_K_XL",
        "Size": "27.19GB",
        "Notes": "Uses Q8_0 for embed and output weights. Lower quality but usable, good for low RAM availability."
      },
      {
        "Name": "Valkyrie-49B-v2-IQ4_XS.gguf",
        "Link": "https://huggingface.co/bartowski/TheDrummer_Valkyrie-49B-v2-GGUF/blob/main/TheDrummer_Valkyrie-49B-v2-IQ4_XS.gguf",
        "Type": "IQ4_XS",
        "Size": "26.87GB",
        "Notes": "Decent quality, smaller than Q4_K_S with similar performance, *recommended*."
      },
      {
        "Name": "Valkyrie-49B-v2-Q3_K_L.gguf",
        "Link": "https://huggingface.co/bartowski/TheDrummer_Valkyrie-49B-v2-GGUF/blob/main/TheDrummer_Valkyrie-49B-v2-Q3_K_L.gguf",
        "Type": "Q3_K_L",
        "Size": "26.27GB",
        "Notes": "Lower quality but usable, good for low RAM availability."
      },
      {
        "Name": "Valkyrie-49B-v2-Q3_K_M.gguf",
        "Link": "https://huggingface.co/bartowski/TheDrummer_Valkyrie-49B-v2-GGUF/blob/main/TheDrummer_Valkyrie-49B-v2-Q3_K_M.gguf",
        "Type": "Q3_K_M",
        "Size": "24.31GB",
        "Notes": "Low quality."
      },
      {
        "Name": "Valkyrie-49B-v2-IQ3_M.gguf",
        "Link": "https://huggingface.co/bartowski/TheDrummer_Valkyrie-49B-v2-GGUF/blob/main/TheDrummer_Valkyrie-49B-v2-IQ3_M.gguf",
        "Type": "IQ3_M",
        "Size": "22.66GB",
        "Notes": "Medium-low quality, new method with decent performance comparable to Q3_K_M."
      },
      {
        "Name": "Valkyrie-49B-v2-Q3_K_S.gguf",
        "Link": "https://huggingface.co/bartowski/TheDrummer_Valkyrie-49B-v2-GGUF/blob/main/TheDrummer_Valkyrie-49B-v2-Q3_K_S.gguf",
        "Type": "Q3_K_S",
        "Size": "21.96GB",
        "Notes": "Low quality, not recommended."
      },
      {
        "Name": "Valkyrie-49B-v2-IQ3_XS.gguf",
        "Link": "https://huggingface.co/bartowski/TheDrummer_Valkyrie-49B-v2-GGUF/blob/main/TheDrummer_Valkyrie-49B-v2-IQ3_XS.gguf",
        "Type": "IQ3_XS",
        "Size": "20.91GB",
        "Notes": "Lower quality, new method with decent performance, slightly better than Q3_K_S."
      },
      {
        "Name": "Valkyrie-49B-v2-Q2_K_L.gguf",
        "Link": "https://huggingface.co/bartowski/TheDrummer_Valkyrie-49B-v2-GGUF/blob/main/TheDrummer_Valkyrie-49B-v2-Q2_K_L.gguf",
        "Type": "Q2_K_L",
        "Size": "19.77GB",
        "Notes": "Uses Q8_0 for embed and output weights. Very low quality but surprisingly usable."
      },
      {
        "Name": "Valkyrie-49B-v2-IQ3_XXS.gguf",
        "Link": "https://huggingface.co/bartowski/TheDrummer_Valkyrie-49B-v2-GGUF/blob/main/TheDrummer_Valkyrie-49B-v2-IQ3_XXS.gguf",
        "Type": "IQ3_XXS",
        "Size": "19.52GB",
        "Notes": "Lower quality, new method with decent performance, comparable to Q3 quants."
      },
      {
        "Name": "Valkyrie-49B-v2-Q2_K.gguf",
        "Link": "https://huggingface.co/bartowski/TheDrummer_Valkyrie-49B-v2-GGUF/blob/main/TheDrummer_Valkyrie-49B-v2-Q2_K.gguf",
        "Type": "Q2_K",
        "Size": "18.74GB",
        "Notes": "Very low quality but surprisingly usable."
      },
      {
        "Name": "Valkyrie-49B-v2-IQ2_M.gguf",
        "Link": "https://huggingface.co/bartowski/TheDrummer_Valkyrie-49B-v2-GGUF/blob/main/TheDrummer_Valkyrie-49B-v2-IQ2_M.gguf",
        "Type": "IQ2_M",
        "Size": "17.16GB",
        "Notes": "Relatively low quality, uses SOTA techniques to be surprisingly usable."
      },
      {
        "Name": "Valkyrie-49B-v2-IQ2_S.gguf",
        "Link": "https://huggingface.co/bartowski/TheDrummer_Valkyrie-49B-v2-GGUF/blob/main/TheDrummer_Valkyrie-49B-v2-IQ2_S.gguf",
        "Type": "IQ2_S",
        "Size": "15.85GB",
        "Notes": "Low quality, uses SOTA techniques to be usable."
      },
      {
        "Name": "Valkyrie-49B-v2-IQ2_XS.gguf",
        "Link": "https://huggingface.co/bartowski/TheDrummer_Valkyrie-49B-v2-GGUF/blob/main/TheDrummer_Valkyrie-49B-v2-IQ2_XS.gguf",
        "Type": "IQ2_XS",
        "Size": "15.08GB",
        "Notes": "Low quality, uses SOTA techniques to be usable."
      },
      {
        "Name": "Valkyrie-49B-v2-IQ2_XXS.gguf",
        "Link": "https://huggingface.co/bartowski/TheDrummer_Valkyrie-49B-v2-GGUF/blob/main/TheDrummer_Valkyrie-49B-v2-IQ2_XXS.gguf",
        "Type": "IQ2_XXS",
        "Size": "13.66GB",
        "Notes": "Very low quality, uses SOTA techniques to be usable."
      }
    ]
  },
  "Dataset": {
    "Name": [
      "imatrix calibration dataset",
      "combined_all_small.parquet"
    ],
    "Sources": [
      "https://gist.github.com/bartowski1182/eb213dccb3571f863da82e99418f81e8",
      "https://huggingface.co/datasets/eaddario/imatrix-calibration/blob/main/combined_all_small.parquet"
    ],
    "Description": "Dataset used for imatrix quantization, combined from a gist and a subset of combined_all_small.parquet."
  },
  "Model_Architecture": {
    "Architecture_Type": "Not provided",
    "Base_Architecture": "Valkyrie-49B-v2",
    "Number_Parameters": "49B",
    "Parameters": {
      "embed and output weights": "quantized to Q8_0 for some variants"
    },
    "Input_Type": "Text",
    "Output_Type": "Text"
  },
  "Training_Details": {
    "Training_Data": [
      "imatrix calibration dataset",
      "combined_all_small.parquet"
    ],
    "Preprocessing": "imatrix option with dataset for quantization; online repacking for ARM and AVX CPU inference for Q4_0 and IQ4_NL.",
    "Hyperparameters": "Not provided"
  },
  "Evaluation": {
    "Evaluation_Data": "Not provided",
    "Performance_Metrics": "Not provided",
    "Source": "https://gist.github.com/Artefact2/b5f810600771265fc1e39442288e8ec9"
  },
  "Intended_Use": {
    "Task": [
      "text-generation"
    ]
  },
  "Bias_Risks_and_Limitations": {
    "Limitations": "Some quantized versions offer lower quality but are usable, while others are not recommended due to low quality. IQ4_NL may have slower loading times but result in overall speed increase."
  },
  "License": "Not provided"
}