{
  "Model_Description": {
    "Name": "bartowski/TheDrummer_Cydonia-24B-v4.1-GGUF",
    "Description": "This model card provides various GGUF quantized versions of the Cydonia-24B-v4.1 model, created using llama.cpp's imatrix quantization option."
  },
  "Model_Sources": {
    "Repository": "https://huggingface.co/TheDrummer/Cydonia-24B-v4.1",
    "Paper": "Not provided",
    "Demo": "Not provided"
  },
  "Citation": "Not provided",
  "Contact": {
    "Author": "bartowski",
    "Email": "Not provided",
    "Community": [
      "https://ko-fi.com/bartowski"
    ]
  },
  "Technical_Requirements": {
    "Software": [
      "llama.cpp release b6182",
      "LM Studio",
      "huggingface_hub[cli]"
    ],
    "Hardware": {
      "CPU": "Not provided",
      "GPU": "Not provided",
      "RAM": "Not provided",
      "Storage": "Not provided"
    }
  },
  "Access_and_Distribution": {
    "Download_Link": "Not provided",
    "Model_Variants": [
      {
        "Name": "Cydonia-24B-v4.1-bf16.gguf",
        "Link": "https://huggingface.co/bartowski/TheDrummer_Cydonia-24B-v4.1-GGUF/blob/main/TheDrummer_Cydonia-24B-v4.1-bf16.gguf",
        "Type": "bf16",
        "Size": "47.15GB",
        "Notes": "Full BF16 weights."
      },
      {
        "Name": "Cydonia-24B-v4.1-Q8_0.gguf",
        "Link": "https://huggingface.co/bartowski/TheDrummer_Cydonia-24B-v4.1-GGUF/blob/main/TheDrummer_Cydonia-24B-v4.1-Q8_0.gguf",
        "Type": "Q8_0",
        "Size": "25.05GB",
        "Notes": "Extremely high quality, generally unneeded but max available quant."
      },
      {
        "Name": "Cydonia-24B-v4.1-Q6_K_L.gguf",
        "Link": "https://huggingface.co/bartowski/TheDrummer_Cydonia-24B-v4.1-GGUF/blob/main/TheDrummer_Cydonia-24B-v4.1-Q6_K_L.gguf",
        "Type": "Q6_K_L",
        "Size": "19.67GB",
        "Notes": "Uses Q8_0 for embed and output weights. Very high quality, near perfect, recommended."
      },
      {
        "Name": "Cydonia-24B-v4.1-Q6_K.gguf",
        "Link": "https://huggingface.co/bartowski/TheDrummer_Cydonia-24B-v4.1-GGUF/blob/main/TheDrummer_Cydonia-24B-v4.1-Q6_K.gguf",
        "Type": "Q6_K",
        "Size": "19.35GB",
        "Notes": "Very high quality, near perfect, recommended."
      },
      {
        "Name": "Cydonia-24B-v4.1-Q5_K_L.gguf",
        "Link": "https://huggingface.co/bartowski/TheDrummer_Cydonia-24B-v4.1-GGUF/blob/main/TheDrummer_Cydonia-24B-v4.1-Q5_K_L.gguf",
        "Type": "Q5_K_L",
        "Size": "17.18GB",
        "Notes": "Uses Q8_0 for embed and output weights. High quality, recommended."
      },
      {
        "Name": "Cydonia-24B-v4.1-Q5_K_M.gguf",
        "Link": "https://huggingface.co/bartowski/TheDrummer_Cydonia-24B-v4.1-GGUF/blob/main/TheDrummer_Cydonia-24B-v4.1-Q5_K_M.gguf",
        "Type": "Q5_K_M",
        "Size": "16.76GB",
        "Notes": "High quality, recommended."
      },
      {
        "Name": "Cydonia-24B-v4.1-Q5_K_S.gguf",
        "Link": "https://huggingface.co/bartowski/TheDrummer_Cydonia-24B-v4.1-GGUF/blob/main/TheDrummer_Cydonia-24B-v4.1-Q5_K_S.gguf",
        "Type": "Q5_K_S",
        "Size": "16.30GB",
        "Notes": "High quality, recommended."
      },
      {
        "Name": "Cydonia-24B-v4.1-Q4_1.gguf",
        "Link": "https://huggingface.co/bartowski/TheDrummer_Cydonia-24B-v4.1-GGUF/blob/main/TheDrummer_Cydonia-24B-v4.1-Q4_1.gguf",
        "Type": "Q4_1",
        "Size": "14.87GB",
        "Notes": "Legacy format, similar performance to Q4_K_S but with improved tokens/watt on Apple silicon."
      },
      {
        "Name": "Cydonia-24B-v4.1-Q4_K_L.gguf",
        "Link": "https://huggingface.co/bartowski/TheDrummer_Cydonia-24B-v4.1-GGUF/blob/main/TheDrummer_Cydonia-24B-v4.1-Q4_K_L.gguf",
        "Type": "Q4_K_L",
        "Size": "14.83GB",
        "Notes": "Uses Q8_0 for embed and output weights. Good quality, recommended."
      },
      {
        "Name": "Cydonia-24B-v4.1-Q4_K_M.gguf",
        "Link": "https://huggingface.co/bartowski/TheDrummer_Cydonia-24B-v4.1-GGUF/blob/main/TheDrummer_Cydonia-24B-v4.1-Q4_K_M.gguf",
        "Type": "Q4_K_M",
        "Size": "14.33GB",
        "Notes": "Good quality, default size for most use cases, recommended."
      },
      {
        "Name": "Cydonia-24B-v4.1-Q4_K_S.gguf",
        "Link": "https://huggingface.co/bartowski/TheDrummer_Cydonia-24B-v4.1-GGUF/blob/main/TheDrummer_Cydonia-24B-v4.1-Q4_K_S.gguf",
        "Type": "Q4_K_S",
        "Size": "13.55GB",
        "Notes": "Slightly lower quality with more space savings, recommended."
      },
      {
        "Name": "Cydonia-24B-v4.1-Q4_0.gguf",
        "Link": "https://huggingface.co/bartowski/TheDrummer_Cydonia-24B-v4.1-GGUF/blob/main/TheDrummer_Cydonia-24B-v4.1-Q4_0.gguf",
        "Type": "Q4_0",
        "Size": "13.49GB",
        "Notes": "Legacy format, offers online repacking for ARM and AVX CPU inference."
      },
      {
        "Name": "Cydonia-24B-v4.1-IQ4_NL.gguf",
        "Link": "https://huggingface.co/bartowski/TheDrummer_Cydonia-24B-v4.1-GGUF/blob/main/TheDrummer_Cydonia-24B-v4.1-IQ4_NL.gguf",
        "Type": "IQ4_NL",
        "Size": "13.47GB",
        "Notes": "Similar to IQ4_XS, but slightly larger. Offers online repacking for ARM CPU inference."
      },
      {
        "Name": "Cydonia-24B-v4.1-Q3_K_XL.gguf",
        "Link": "https://huggingface.co/bartowski/TheDrummer_Cydonia-24B-v4.1-GGUF/blob/main/TheDrummer_Cydonia-24B-v4.1-Q3_K_XL.gguf",
        "Type": "Q3_K_XL",
        "Size": "12.99GB",
        "Notes": "Uses Q8_0 for embed and output weights. Lower quality but usable, good for low RAM availability."
      },
      {
        "Name": "Cydonia-24B-v4.1-IQ4_XS.gguf",
        "Link": "https://huggingface.co/bartowski/TheDrummer_Cydonia-24B-v4.1-GGUF/blob/main/TheDrummer_Cydonia-24B-v4.1-IQ4_XS.gguf",
        "Type": "IQ4_XS",
        "Size": "12.76GB",
        "Notes": "Decent quality, smaller than Q4_K_S with similar performance, recommended."
      },
      {
        "Name": "Cydonia-24B-v4.1-Q3_K_L.gguf",
        "Link": "https://huggingface.co/bartowski/TheDrummer_Cydonia-24B-v4.1-GGUF/blob/main/TheDrummer_Cydonia-24B-v4.1-Q3_K_L.gguf",
        "Type": "Q3_K_L",
        "Size": "12.40GB",
        "Notes": "Lower quality but usable, good for low RAM availability."
      },
      {
        "Name": "Cydonia-24B-v4.1-Q3_K_M.gguf",
        "Link": "https://huggingface.co/bartowski/TheDrummer_Cydonia-24B-v4.1-GGUF/blob/main/TheDrummer_Cydonia-24B-v4.1-Q3_K_M.gguf",
        "Type": "Q3_K_M",
        "Size": "11.47GB",
        "Notes": "Low quality."
      },
      {
        "Name": "Cydonia-24B-v4.1-IQ3_M.gguf",
        "Link": "https://huggingface.co/bartowski/TheDrummer_Cydonia-24B-v4.1-GGUF/blob/main/TheDrummer_Cydonia-24B-v4.1-IQ3_M.gguf",
        "Type": "IQ3_M",
        "Size": "10.65GB",
        "Notes": "Medium-low quality, new method with decent performance comparable to Q3_K_M."
      },
      {
        "Name": "Cydonia-24B-v4.1-Q3_K_S.gguf",
        "Link": "https://huggingface.co/bartowski/TheDrummer_Cydonia-24B-v4.1-GGUF/blob/main/TheDrummer_Cydonia-24B-v4.1-Q3_K_S.gguf",
        "Type": "Q3_K_S",
        "Size": "10.40GB",
        "Notes": "Low quality, not recommended."
      },
      {
        "Name": "Cydonia-24B-v4.1-IQ3_XS.gguf",
        "Link": "https://huggingface.co/bartowski/TheDrummer_Cydonia-24B-v4.1-GGUF/blob/main/TheDrummer_Cydonia-24B-v4.1-IQ3_XS.gguf",
        "Type": "IQ3_XS",
        "Size": "9.91GB",
        "Notes": "Lower quality, new method with decent performance, slightly better than Q3_K_S."
      },
      {
        "Name": "Cydonia-24B-v4.1-Q2_K_L.gguf",
        "Link": "https://huggingface.co/bartowski/TheDrummer_Cydonia-24B-v4.1-GGUF/blob/main/TheDrummer_Cydonia-24B-v4.1-Q2_K_L.gguf",
        "Type": "Q2_K_L",
        "Size": "9.55GB",
        "Notes": "Uses Q8_0 for embed and output weights. Very low quality but surprisingly usable."
      },
      {
        "Name": "Cydonia-24B-v4.1-IQ3_XXS.gguf",
        "Link": "https://huggingface.co/bartowski/TheDrummer_Cydonia-24B-v4.1-GGUF/blob/main/TheDrummer_Cydonia-24B-v4.1-IQ3_XXS.gguf",
        "Type": "IQ3_XXS",
        "Size": "9.28GB",
        "Notes": "Lower quality, new method with decent performance, comparable to Q3 quants."
      },
      {
        "Name": "Cydonia-24B-v4.1-Q2_K.gguf",
        "Link": "https://huggingface.co/bartowski/TheDrummer_Cydonia-24B-v4.1-GGUF/blob/main/TheDrummer_Cydonia-24B-v4.1-Q2_K.gguf",
        "Type": "Q2_K",
        "Size": "8.89GB",
        "Notes": "Very low quality but surprisingly usable."
      },
      {
        "Name": "Cydonia-24B-v4.1-IQ2_M.gguf",
        "Link": "https://huggingface.co/bartowski/TheDrummer_Cydonia-24B-v4.1-GGUF/blob/main/TheDrummer_Cydonia-24B-v4.1-IQ2_M.gguf",
        "Type": "IQ2_M",
        "Size": "8.11GB",
        "Notes": "Relatively low quality, uses SOTA techniques to be surprisingly usable."
      },
      {
        "Name": "Cydonia-24B-v4.1-IQ2_S.gguf",
        "Link": "https://huggingface.co/bartowski/TheDrummer_Cydonia-24B-v4.1-GGUF/blob/main/TheDrummer_Cydonia-24B-v4.1-IQ2_S.gguf",
        "Type": "IQ2_S",
        "Size": "7.48GB",
        "Notes": "Low quality, uses SOTA techniques to be usable."
      },
      {
        "Name": "Cydonia-24B-v4.1-IQ2_XS.gguf",
        "Link": "https://huggingface.co/bartowski/TheDrummer_Cydonia-24B-v4.1-GGUF/blob/main/TheDrummer_Cydonia-24B-v4.1-IQ2_XS.gguf",
        "Type": "IQ2_XS",
        "Size": "7.21GB",
        "Notes": "Low quality, uses SOTA techniques to be usable."
      }
    ]
  },
  "Dataset": {
    "Name": [
      "imatrix calibration dataset",
      "combined_all_small.parquet"
    ],
    "Sources": [
      "https://gist.github.com/bartowski1182/eb213dccb3571f863da82e99418f81e8",
      "https://huggingface.co/datasets/eaddario/imatrix-calibration/blob/main/combined_all_small.parquet"
    ],
    "Description": "Datasets used for imatrix quantization calibration."
  },
  "Model_Architecture": {
    "Architecture_Type": "Not provided",
    "Base_Architecture": "Cydonia-24B-v4.1",
    "Number_Parameters": "24B",
    "Parameters": "Not provided",
    "Input_Type": "Text",
    "Output_Type": "Text"
  },
  "Training_Details": {
    "Training_Data": "Not provided",
    "Preprocessing": "imatrix option applied using a custom dataset combined with a subset of combined_all_small.parquet for quantization. Some quants use Q8_0 for embed and output weights.",
    "Hyperparameters": "Not provided"
  },
  "Evaluation": {
    "Evaluation_Data": "Not provided",
    "Performance_Metrics": "Not provided",
    "Source": "Not provided"
  },
  "Intended_Use": {
    "Task": [
      "text-generation"
    ]
  },
  "Bias_Risks_and_Limitations": {
    "Limitations": "No prompt format is provided in this model card, requiring users to check the original model page. Some quantized versions offer lower quality in exchange for space savings."
  },
  "License": "Not provided"
}