{
  "Model_Description": {
    "Name": "bartowski/TheDrummer_Skyfall-31B-v4-GGUF",
    "Description": "This model card provides Llamacpp imatrix quantizations of the Skyfall-31B-v4 model by TheDrummer, created using llama.cpp."
  },
  "Model_Sources": {
    "Repository": "https://huggingface.co/TheDrummer/Skyfall-31B-v4",
    "Paper": "Not provided",
    "Demo": "Not provided"
  },
  "Citation": "Not provided",
  "Contact": {
    "Author": "bartowski",
    "Email": "Not provided",
    "Community": [
      "https://ko-fi.com/bartowski"
    ]
  },
  "Technical_Requirements": {
    "Software": [
      "llama.cpp b6317",
      "LM Studio",
      "huggingface_hub[cli]"
    ],
    "Hardware": {
      "CPU": "ARM, AVX",
      "GPU": [
        "Nvidia (cuBLAS)",
        "AMD (rocBLAS)"
      ],
      "RAM": "Not provided",
      "Storage": "Not provided"
    }
  },
  "Access_and_Distribution": {
    "Download_Link": "Not provided",
    "Model_Variants": [
      {
        "Name": "Skyfall-31B-v4-bf16.gguf",
        "Link": "https://huggingface.co/bartowski/TheDrummer_Skyfall-31B-v4-GGUF/tree/main/TheDrummer_Skyfall-31B-v4-bf16",
        "Type": "bf16",
        "Size": "62.71GB",
        "Notes": "Full BF16 weights."
      },
      {
        "Name": "Skyfall-31B-v4-Q8_0.gguf",
        "Link": "https://huggingface.co/bartowski/TheDrummer_Skyfall-31B-v4-GGUF/blob/main/TheDrummer_Skyfall-31B-v4-Q8_0.gguf",
        "Type": "Q8_0",
        "Size": "33.32GB",
        "Notes": "Extremely high quality, generally unneeded but max available quant."
      },
      {
        "Name": "Skyfall-31B-v4-Q6_K_L.gguf",
        "Link": "https://huggingface.co/bartowski/TheDrummer_Skyfall-31B-v4-GGUF/blob/main/TheDrummer_Skyfall-31B-v4-Q6_K_L.gguf",
        "Type": "Q6_K_L",
        "Size": "26.05GB",
        "Notes": "Uses Q8_0 for embed and output weights. Very high quality, near perfect, recommended."
      },
      {
        "Name": "Skyfall-31B-v4-Q6_K.gguf",
        "Link": "https://huggingface.co/bartowski/TheDrummer_Skyfall-31B-v4-GGUF/blob/main/TheDrummer_Skyfall-31B-v4-Q6_K.gguf",
        "Type": "Q6_K",
        "Size": "25.73GB",
        "Notes": "Very high quality, near perfect, recommended."
      },
      {
        "Name": "Skyfall-31B-v4-Q5_K_L.gguf",
        "Link": "https://huggingface.co/bartowski/TheDrummer_Skyfall-31B-v4-GGUF/blob/main/TheDrummer_Skyfall-31B-v4-Q5_K_L.gguf",
        "Type": "Q5_K_L",
        "Size": "22.67GB",
        "Notes": "Uses Q8_0 for embed and output weights. High quality, recommended."
      },
      {
        "Name": "Skyfall-31B-v4-Q5_K_M.gguf",
        "Link": "https://huggingface.co/bartowski/TheDrummer_Skyfall-31B-v4-GGUF/blob/main/TheDrummer_Skyfall-31B-v4-Q5_K_M.gguf",
        "Type": "Q5_K_M",
        "Size": "22.25GB",
        "Notes": "High quality, recommended."
      },
      {
        "Name": "Skyfall-31B-v4-Q5_K_S.gguf",
        "Link": "https://huggingface.co/bartowski/TheDrummer_Skyfall-31B-v4-GGUF/blob/main/TheDrummer_Skyfall-31B-v4-Q5_K_S.gguf",
        "Type": "Q5_K_S",
        "Size": "21.65GB",
        "Notes": "High quality, recommended."
      },
      {
        "Name": "Skyfall-31B-v4-Q4_1.gguf",
        "Link": "https://huggingface.co/bartowski/TheDrummer_Skyfall-31B-v4-GGUF/blob/main/TheDrummer_Skyfall-31B-v4-Q4_1.gguf",
        "Type": "Q4_1",
        "Size": "19.74GB",
        "Notes": "Legacy format, similar performance to Q4_K_S but with improved tokens/watt on Apple silicon."
      },
      {
        "Name": "Skyfall-31B-v4-Q4_K_L.gguf",
        "Link": "https://huggingface.co/bartowski/TheDrummer_Skyfall-31B-v4-GGUF/blob/main/TheDrummer_Skyfall-31B-v4-Q4_K_L.gguf",
        "Type": "Q4_K_L",
        "Size": "19.48GB",
        "Notes": "Uses Q8_0 for embed and output weights. Good quality, recommended."
      },
      {
        "Name": "Skyfall-31B-v4-Q4_K_M.gguf",
        "Link": "https://huggingface.co/bartowski/TheDrummer_Skyfall-31B-v4-GGUF/blob/main/TheDrummer_Skyfall-31B-v4-Q4_K_M.gguf",
        "Type": "Q4_K_M",
        "Size": "18.98GB",
        "Notes": "Good quality, default size for most use cases, recommended."
      },
      {
        "Name": "Skyfall-31B-v4-Q4_K_S.gguf",
        "Link": "https://huggingface.co/bartowski/TheDrummer_Skyfall-31B-v4-GGUF/blob/main/TheDrummer_Skyfall-31B-v4-Q4_K_S.gguf",
        "Type": "Q4_K_S",
        "Size": "17.95GB",
        "Notes": "Slightly lower quality with more space savings, recommended."
      },
      {
        "Name": "Skyfall-31B-v4-Q4_0.gguf",
        "Link": "https://huggingface.co/bartowski/TheDrummer_Skyfall-31B-v4-GGUF/blob/main/TheDrummer_Skyfall-31B-v4-Q4_0.gguf",
        "Type": "Q4_0",
        "Size": "17.88GB",
        "Notes": "Legacy format, offers online repacking for ARM and AVX CPU inference."
      },
      {
        "Name": "Skyfall-31B-v4-IQ4_NL.gguf",
        "Link": "https://huggingface.co/bartowski/TheDrummer_Skyfall-31B-v4-GGUF/blob/main/TheDrummer_Skyfall-31B-v4-IQ4_NL.gguf",
        "Type": "IQ4_NL",
        "Size": "17.85GB",
        "Notes": "Similar to IQ4_XS, but slightly larger. Offers online repacking for ARM CPU inference."
      },
      {
        "Name": "Skyfall-31B-v4-Q3_K_XL.gguf",
        "Link": "https://huggingface.co/bartowski/TheDrummer_Skyfall-31B-v4-GGUF/blob/main/TheDrummer_Skyfall-31B-v4-Q3_K_XL.gguf",
        "Type": "Q3_K_XL",
        "Size": "17.03GB",
        "Notes": "Uses Q8_0 for embed and output weights. Lower quality but usable, good for low RAM availability."
      },
      {
        "Name": "Skyfall-31B-v4-IQ4_XS.gguf",
        "Link": "https://huggingface.co/bartowski/TheDrummer_Skyfall-31B-v4-GGUF/blob/main/TheDrummer_Skyfall-31B-v4-IQ4_XS.gguf",
        "Type": "IQ4_XS",
        "Size": "16.90GB",
        "Notes": "Decent quality, smaller than Q4_K_S with similar performance, recommended."
      },
      {
        "Name": "Skyfall-31B-v4-Q3_K_L.gguf",
        "Link": "https://huggingface.co/bartowski/TheDrummer_Skyfall-31B-v4-GGUF/blob/main/TheDrummer_Skyfall-31B-v4-Q3_K_L.gguf",
        "Type": "Q3_K_L",
        "Size": "16.44GB",
        "Notes": "Lower quality but usable, good for low RAM availability."
      },
      {
        "Name": "Skyfall-31B-v4-Q3_K_M.gguf",
        "Link": "https://huggingface.co/bartowski/TheDrummer_Skyfall-31B-v4-GGUF/blob/main/TheDrummer_Skyfall-31B-v4-Q3_K_M.gguf",
        "Type": "Q3_K_M",
        "Size": "15.20GB",
        "Notes": "Low quality."
      },
      {
        "Name": "Skyfall-31B-v4-IQ3_M.gguf",
        "Link": "https://huggingface.co/bartowski/TheDrummer_Skyfall-31B-v4-GGUF/blob/main/TheDrummer_Skyfall-31B-v4-IQ3_M.gguf",
        "Type": "IQ3_M",
        "Size": "14.07GB",
        "Notes": "Medium-low quality, new method with decent performance comparable to Q3_K_M."
      },
      {
        "Name": "Skyfall-31B-v4-Q3_K_S.gguf",
        "Link": "https://huggingface.co/bartowski/TheDrummer_Skyfall-31B-v4-GGUF/blob/main/TheDrummer_Skyfall-31B-v4-Q3_K_S.gguf",
        "Type": "Q3_K_S",
        "Size": "13.74GB",
        "Notes": "Low quality, not recommended."
      },
      {
        "Name": "Skyfall-31B-v4-IQ3_XS.gguf",
        "Link": "https://huggingface.co/bartowski/TheDrummer_Skyfall-31B-v4-GGUF/blob/main/TheDrummer_Skyfall-31B-v4-IQ3_XS.gguf",
        "Type": "IQ3_XS",
        "Size": "13.07GB",
        "Notes": "Lower quality, new method with decent performance, slightly better than Q3_K_S."
      },
      {
        "Name": "Skyfall-31B-v4-Q2_K_L.gguf",
        "Link": "https://huggingface.co/bartowski/TheDrummer_Skyfall-31B-v4-GGUF/blob/main/TheDrummer_Skyfall-31B-v4-Q2_K_L.gguf",
        "Type": "Q2_K_L",
        "Size": "12.38GB",
        "Notes": "Uses Q8_0 for embed and output weights. Very low quality but surprisingly usable."
      },
      {
        "Name": "Skyfall-31B-v4-IQ3_XXS.gguf",
        "Link": "https://huggingface.co/bartowski/TheDrummer_Skyfall-31B-v4-GGUF/blob/main/TheDrummer_Skyfall-31B-v4-IQ3_XXS.gguf",
        "Type": "IQ3_XXS",
        "Size": "12.26GB",
        "Notes": "Lower quality, new method with decent performance, comparable to Q3 quants."
      },
      {
        "Name": "Skyfall-31B-v4-Q2_K.gguf",
        "Link": "https://huggingface.co/bartowski/TheDrummer_Skyfall-31B-v4-GGUF/blob/main/TheDrummer_Skyfall-31B-v4-Q2_K.gguf",
        "Type": "Q2_K",
        "Size": "11.73GB",
        "Notes": "Very low quality but surprisingly usable."
      },
      {
        "Name": "Skyfall-31B-v4-IQ2_M.gguf",
        "Link": "https://huggingface.co/bartowski/TheDrummer_Skyfall-31B-v4-GGUF/blob/main/TheDrummer_Skyfall-31B-v4-IQ2_M.gguf",
        "Type": "IQ2_M",
        "Size": "10.68GB",
        "Notes": "Relatively low quality, uses SOTA techniques to be surprisingly usable."
      },
      {
        "Name": "Skyfall-31B-v4-IQ2_S.gguf",
        "Link": "https://huggingface.co/bartowski/TheDrummer_Skyfall-31B-v4-GGUF/blob/main/TheDrummer_Skyfall-31B-v4-IQ2_S.gguf",
        "Type": "IQ2_S",
        "Size": "9.81GB",
        "Notes": "Low quality, uses SOTA techniques to be usable."
      },
      {
        "Name": "Skyfall-31B-v4-IQ2_XS.gguf",
        "Link": "https://huggingface.co/bartowski/TheDrummer_Skyfall-31B-v4-GGUF/blob/main/TheDrummer_Skyfall-31B-v4-IQ2_XS.gguf",
        "Type": "IQ2_XS",
        "Size": "9.48GB",
        "Notes": "Low quality, uses SOTA techniques to be usable."
      },
      {
        "Name": "Skyfall-31B-v4-IQ2_XXS.gguf",
        "Link": "https://huggingface.co/bartowski/TheDrummer_Skyfall-31B-v4-GGUF/blob/main/TheDrummer_Skyfall-31B-v4-IQ2_XXS.gguf",
        "Type": "IQ2_XXS",
        "Size": "8.59GB",
        "Notes": "Very low quality, uses SOTA techniques to be usable."
      }
    ]
  },
  "Dataset": {
    "Name": [
      "imatrix calibration dataset",
      "combined_all_small.parquet"
    ],
    "Sources": [
      "https://gist.github.com/bartowski1182/eb213dccb3571f863da82e99418f81e8",
      "https://huggingface.co/datasets/eaddario/imatrix-calibration/blob/main/combined_all_small.parquet"
    ],
    "Description": "Datasets used for imatrix quantization."
  },
  "Model_Architecture": {
    "Architecture_Type": "Not provided",
    "Base_Architecture": "Skyfall-31B-v4",
    "Number_Parameters": "31B",
    "Parameters": "Not provided",
    "Input_Type": "Text",
    "Output_Type": "Text"
  },
  "Training_Details": {
    "Training_Data": "Not provided",
    "Preprocessing": "imatrix quantization using a combined dataset; some variants use Q8_0 for embed and output weights; online repacking for ARM and AVX CPU inference for certain quants.",
    "Hyperparameters": "Not provided"
  },
  "Evaluation": {
    "Evaluation_Data": "Not provided",
    "Performance_Metrics": "Not provided",
    "Source": "Not provided"
  },
  "Intended_Use": {
    "Task": [
      "text-generation"
    ]
  },
  "Bias_Risks_and_Limitations": {
    "Limitations": "Quality varies significantly across different quantization levels, with lower quality for smaller file sizes, especially for Q3 and Q2 quants. Some legacy formats are deprecated."
  },
  "License": "Not provided"
}