{
  "Model_Description": {
    "Name": "bartowski/TheDrummer_Cydonia-24B-v2-GGUF",
    "Description": "This model card provides Llamacpp imatrix quantizations of the Cydonia-24B-v2 model by TheDrummer, created using llama.cpp."
  },
  "Model_Sources": {
    "Repository": "https://huggingface.co/TheDrummer/Cydonia-24B-v2",
    "Paper": "Not provided",
    "Demo": "Not provided"
  },
  "Citation": "Not provided",
  "Contact": {
    "Author": "bartowski",
    "Email": "Not provided",
    "Community": [
      "https://ko-fi.com/bartowski"
    ]
  },
  "Technical_Requirements": {
    "Software": [
      "llama.cpp release b4688",
      "huggingface_hub[cli]",
      "LM Studio"
    ],
    "Hardware": {
      "CPU": [
        "ARM",
        "AVX",
        "AVX2"
      ],
      "GPU": [
        "Nvidia (cuBLAS)",
        "AMD (rocBLAS)",
        "Apple Metal",
        "AMD (Vulcan)"
      ],
      "RAM": "Not provided",
      "Storage": "Not provided"
    }
  },
  "Access_and_Distribution": {
    "Download_Link": "Not provided",
    "Model_Variants": [
      {
        "Name": "Cydonia-24B-v2-Q8_0.gguf",
        "Link": "https://huggingface.co/bartowski/TheDrummer_Cydonia-24B-v2-GGUF/blob/main/TheDrummer_Cydonia-24B-v2-Q8_0.gguf",
        "Type": "Q8_0",
        "Size": "25.05GB",
        "Notes": "Extremely high quality, generally unneeded but max available quant."
      },
      {
        "Name": "Cydonia-24B-v2-Q6_K_L.gguf",
        "Link": "https://huggingface.co/bartowski/TheDrummer_Cydonia-24B-v2-GGUF/blob/main/TheDrummer_Cydonia-24B-v2-Q6_K_L.gguf",
        "Type": "Q6_K_L",
        "Size": "19.67GB",
        "Notes": "Uses Q8_0 for embed and output weights. Very high quality, near perfect, *recommended*."
      },
      {
        "Name": "Cydonia-24B-v2-Q6_K.gguf",
        "Link": "https://huggingface.co/bartowski/TheDrummer_Cydonia-24B-v2-GGUF/blob/main/TheDrummer_Cydonia-24B-v2-Q6_K.gguf",
        "Type": "Q6_K",
        "Size": "19.35GB",
        "Notes": "Very high quality, near perfect, *recommended*."
      },
      {
        "Name": "Cydonia-24B-v2-Q5_K_L.gguf",
        "Link": "https://huggingface.co/bartowski/TheDrummer_Cydonia-24B-v2-GGUF/blob/main/TheDrummer_Cydonia-24B-v2-Q5_K_L.gguf",
        "Type": "Q5_K_L",
        "Size": "17.18GB",
        "Notes": "Uses Q8_0 for embed and output weights. High quality, *recommended*."
      },
      {
        "Name": "Cydonia-24B-v2-Q5_K_M.gguf",
        "Link": "https://huggingface.co/bartowski/TheDrummer_Cydonia-24B-v2-GGUF/blob/main/TheDrummer_Cydonia-24B-v2-Q5_K_M.gguf",
        "Type": "Q5_K_M",
        "Size": "16.76GB",
        "Notes": "High quality, *recommended*."
      },
      {
        "Name": "Cydonia-24B-v2-Q5_K_S.gguf",
        "Link": "https://huggingface.co/bartowski/TheDrummer_Cydonia-24B-v2-GGUF/blob/main/TheDrummer_Cydonia-24B-v2-Q5_K_S.gguf",
        "Type": "Q5_K_S",
        "Size": "16.30GB",
        "Notes": "High quality, *recommended*."
      },
      {
        "Name": "Cydonia-24B-v2-Q4_1.gguf",
        "Link": "https://huggingface.co/bartowski/TheDrummer_Cydonia-24B-v2-GGUF/blob/main/TheDrummer_Cydonia-24B-v2-Q4_1.gguf",
        "Type": "Q4_1",
        "Size": "14.87GB",
        "Notes": "Legacy format, similar performance to Q4_K_S but with improved tokens/watt on Apple silicon."
      },
      {
        "Name": "Cydonia-24B-v2-Q4_K_L.gguf",
        "Link": "https://huggingface.co/bartowski/TheDrummer_Cydonia-24B-v2-GGUF/blob/main/TheDrummer_Cydonia-24B-v2-Q4_K_L.gguf",
        "Type": "Q4_K_L",
        "Size": "14.83GB",
        "Notes": "Uses Q8_0 for embed and output weights. Good quality, *recommended*."
      },
      {
        "Name": "Cydonia-24B-v2-Q4_K_M.gguf",
        "Link": "https://huggingface.co/bartowski/TheDrummer_Cydonia-24B-v2-GGUF/blob/main/TheDrummer_Cydonia-24B-v2-Q4_K_M.gguf",
        "Type": "Q4_K_M",
        "Size": "14.33GB",
        "Notes": "Good quality, default size for most use cases, *recommended*."
      },
      {
        "Name": "Cydonia-24B-v2-Q4_K_S.gguf",
        "Link": "https://huggingface.co/bartowski/TheDrummer_Cydonia-24B-v2-GGUF/blob/main/TheDrummer_Cydonia-24B-v2-Q4_K_S.gguf",
        "Type": "Q4_K_S",
        "Size": "13.55GB",
        "Notes": "Slightly lower quality with more space savings, *recommended*."
      },
      {
        "Name": "Cydonia-24B-v2-Q4_0.gguf",
        "Link": "https://huggingface.co/bartowski/TheDrummer_Cydonia-24B-v2-GGUF/blob/main/TheDrummer_Cydonia-24B-v2-Q4_0.gguf",
        "Type": "Q4_0",
        "Size": "13.49GB",
        "Notes": "Legacy format, offers online repacking for ARM and AVX CPU inference."
      },
      {
        "Name": "Cydonia-24B-v2-IQ4_NL.gguf",
        "Link": "https://huggingface.co/bartowski/TheDrummer_Cydonia-24B-v2-GGUF/blob/main/TheDrummer_Cydonia-24B-v2-IQ4_NL.gguf",
        "Type": "IQ4_NL",
        "Size": "13.47GB",
        "Notes": "Similar to IQ4_XS, but slightly larger. Offers online repacking for ARM CPU inference."
      },
      {
        "Name": "Cydonia-24B-v2-Q3_K_XL.gguf",
        "Link": "https://huggingface.co/bartowski/TheDrummer_Cydonia-24B-v2-GGUF/blob/main/TheDrummer_Cydonia-24B-v2-Q3_K_XL.gguf",
        "Type": "Q3_K_XL",
        "Size": "12.99GB",
        "Notes": "Uses Q8_0 for embed and output weights. Lower quality but usable, good for low RAM availability."
      },
      {
        "Name": "Cydonia-24B-v2-IQ4_XS.gguf",
        "Link": "https://huggingface.co/bartowski/TheDrummer_Cydonia-24B-v2-GGUF/blob/main/TheDrummer_Cydonia-24B-v2-IQ4_XS.gguf",
        "Type": "IQ4_XS",
        "Size": "12.76GB",
        "Notes": "Decent quality, smaller than Q4_K_S with similar performance, *recommended*."
      },
      {
        "Name": "Cydonia-24B-v2-Q3_K_L.gguf",
        "Link": "https://huggingface.co/bartowski/TheDrummer_Cydonia-24B-v2-GGUF/blob/main/TheDrummer_Cydonia-24B-v2-Q3_K_L.gguf",
        "Type": "Q3_K_L",
        "Size": "12.40GB",
        "Notes": "Lower quality but usable, good for low RAM availability."
      },
      {
        "Name": "Cydonia-24B-v2-Q3_K_M.gguf",
        "Link": "https://huggingface.co/bartowski/TheDrummer_Cydonia-24B-v2-GGUF/blob/main/TheDrummer_Cydonia-24B-v2-Q3_K_M.gguf",
        "Type": "Q3_K_M",
        "Size": "11.47GB",
        "Notes": "Low quality."
      },
      {
        "Name": "Cydonia-24B-v2-IQ3_M.gguf",
        "Link": "https://huggingface.co/bartowski/TheDrummer_Cydonia-24B-v2-GGUF/blob/main/TheDrummer_Cydonia-24B-v2-IQ3_M.gguf",
        "Type": "IQ3_M",
        "Size": "10.65GB",
        "Notes": "Medium-low quality, new method with decent performance comparable to Q3_K_M."
      },
      {
        "Name": "Cydonia-24B-v2-Q3_K_S.gguf",
        "Link": "https://huggingface.co/bartowski/TheDrummer_Cydonia-24B-v2-GGUF/blob/main/TheDrummer_Cydonia-24B-v2-Q3_K_S.gguf",
        "Type": "Q3_K_S",
        "Size": "10.40GB",
        "Notes": "Low quality, not recommended."
      },
      {
        "Name": "Cydonia-24B-v2-IQ3_XS.gguf",
        "Link": "https://huggingface.co/bartowski/TheDrummer_Cydonia-24B-v2-GGUF/blob/main/TheDrummer_Cydonia-24B-v2-IQ3_XS.gguf",
        "Type": "IQ3_XS",
        "Size": "9.91GB",
        "Notes": "Lower quality, new method with decent performance, slightly better than Q3_K_S."
      },
      {
        "Name": "Cydonia-24B-v2-Q2_K_L.gguf",
        "Link": "https://huggingface.co/bartowski/TheDrummer_Cydonia-24B-v2-GGUF/blob/main/TheDrummer_Cydonia-24B-v2-Q2_K_L.gguf",
        "Type": "Q2_K_L",
        "Size": "9.55GB",
        "Notes": "Uses Q8_0 for embed and output weights. Very low quality but surprisingly usable."
      },
      {
        "Name": "Cydonia-24B-v2-IQ3_XXS.gguf",
        "Link": "https://huggingface.co/bartowski/TheDrummer_Cydonia-24B-v2-GGUF/blob/main/TheDrummer_Cydonia-24B-v2-IQ3_XXS.gguf",
        "Type": "IQ3_XXS",
        "Size": "9.28GB",
        "Notes": "Lower quality, new method with decent performance, comparable to Q3 quants."
      },
      {
        "Name": "Cydonia-24B-v2-Q2_K.gguf",
        "Link": "https://huggingface.co/bartowski/TheDrummer_Cydonia-24B-v2-GGUF/blob/main/TheDrummer_Cydonia-24B-v2-Q2_K.gguf",
        "Type": "Q2_K",
        "Size": "8.89GB",
        "Notes": "Very low quality but surprisingly usable."
      },
      {
        "Name": "Cydonia-24B-v2-IQ2_M.gguf",
        "Link": "https://huggingface.co/bartowski/TheDrummer_Cydonia-24B-v2-GGUF/blob/main/TheDrummer_Cydonia-24B-v2-IQ2_M.gguf",
        "Type": "IQ2_M",
        "Size": "8.11GB",
        "Notes": "Relatively low quality, uses SOTA techniques to be surprisingly usable."
      },
      {
        "Name": "Cydonia-24B-v2-IQ2_S.gguf",
        "Link": "https://huggingface.co/bartowski/TheDrummer_Cydonia-24B-v2-GGUF/blob/main/TheDrummer_Cydonia-24B-v2-IQ2_S.gguf",
        "Type": "IQ2_S",
        "Size": "7.48GB",
        "Notes": "Low quality, uses SOTA techniques to be usable."
      },
      {
        "Name": "Cydonia-24B-v2-IQ2_XS.gguf",
        "Link": "https://huggingface.co/bartowski/TheDrummer_Cydonia-24B-v2-GGUF/blob/main/TheDrummer_Cydonia-24B-v2-IQ2_XS.gguf",
        "Type": "IQ2_XS",
        "Size": "7.21GB",
        "Notes": "Low quality, uses SOTA techniques to be usable."
      }
    ]
  },
  "Dataset": {
    "Name": "Not provided",
    "Sources": "https://gist.github.com/bartowski1182/eb213dccb3571f863da82e99418f81e8",
    "Description": "Not provided"
  },
  "Model_Architecture": {
    "Architecture_Type": "Not provided",
    "Base_Architecture": "Cydonia-24B-v2",
    "Number_Parameters": "24B",
    "Parameters": "Not provided",
    "Input_Type": "Text",
    "Output_Type": "Text"
  },
  "Training_Details": {
    "Training_Data": "imatrix calibration dataset",
    "Preprocessing": "imatrix option; online repacking for weights",
    "Hyperparameters": "Not provided"
  },
  "Evaluation": {
    "Evaluation_Data": "Not provided",
    "Performance_Metrics": "Not provided",
    "Source": "Not provided"
  },
  "Intended_Use": {
    "Task": [
      "text-generation"
    ]
  },
  "Bias_Risks_and_Limitations": {
    "Limitations": "Some quantizations offer lower quality for space savings or low RAM, while others are very low quality and not recommended. I-quants may be slower on CPU/Apple Metal compared to K-quants and are not compatible with Vulcan."
  },
  "License": "other"
}