{
  "Model_Description": {
    "Name": "bartowski/TheDrummer_GLM-Steam-106B-A12B-v1-GGUF",
    "Description": "This model card provides various GGUF quantized versions of the GLM-Steam-106B-A12B-v1 model by TheDrummer, optimized for text generation using llama.cpp."
  },
  "Model_Sources": {
    "Repository": "https://huggingface.co/TheDrummer/GLM-Steam-106B-A12B-v1",
    "Paper": "Not provided",
    "Demo": "Not provided"
  },
  "Citation": "Not provided",
  "Contact": {
    "Author": "bartowski",
    "Email": "Not provided",
    "Community": [
      "https://ko-fi.com/bartowski"
    ]
  },
  "Technical_Requirements": {
    "Software": [
      "llama.cpp",
      "LM Studio",
      "huggingface_hub[cli]"
    ],
    "Hardware": {
      "CPU": "ARM, AVX, AVX2 system (EPYC7702)",
      "GPU": [
        "Nvidia (cuBLAS)",
        "AMD (rocBLAS)"
      ],
      "RAM": "system RAM, GPU's VRAM",
      "Storage": "117.46GB"
    }
  },
  "Access_and_Distribution": {
    "Download_Link": "",
    "Model_Variants": [
      {
        "Name": "GLM-Steam-106B-A12B-v1-Q8_0.gguf",
        "Link": "https://huggingface.co/bartowski/TheDrummer_GLM-Steam-106B-A12B-v1-GGUF/tree/main/TheDrummer_GLM-Steam-106B-A12B-v1-Q8_0",
        "Type": "Q8_0",
        "Size": "117.46GB",
        "Notes": "Extremely high quality, generally unneeded but max available quant."
      },
      {
        "Name": "GLM-Steam-106B-A12B-v1-Q6_K.gguf",
        "Link": "https://huggingface.co/bartowski/TheDrummer_GLM-Steam-106B-A12B-v1-GGUF/tree/main/TheDrummer_GLM-Steam-106B-A12B-v1-Q6_K",
        "Type": "Q6_K",
        "Size": "99.18GB",
        "Notes": "Very high quality, near perfect, *recommended*."
      },
      {
        "Name": "GLM-Steam-106B-A12B-v1-Q5_K_M.gguf",
        "Link": "https://huggingface.co/bartowski/TheDrummer_GLM-Steam-106B-A12B-v1-GGUF/tree/main/TheDrummer_GLM-Steam-106B-A12B-v1-Q5_K_M",
        "Type": "Q5_K_M",
        "Size": "83.72GB",
        "Notes": "High quality, *recommended*."
      },
      {
        "Name": "GLM-Steam-106B-A12B-v1-Q5_K_S.gguf",
        "Link": "https://huggingface.co/bartowski/TheDrummer_GLM-Steam-106B-A12B-v1-GGUF/tree/main/TheDrummer_GLM-Steam-106B-A12B-v1-Q5_K_S",
        "Type": "Q5_K_S",
        "Size": "78.55GB",
        "Notes": "High quality, *recommended*."
      },
      {
        "Name": "GLM-Steam-106B-A12B-v1-Q4_K_M.gguf",
        "Link": "https://huggingface.co/bartowski/TheDrummer_GLM-Steam-106B-A12B-v1-GGUF/tree/main/TheDrummer_GLM-Steam-106B-A12B-v1-Q4_K_M",
        "Type": "Q4_K_M",
        "Size": "73.50GB",
        "Notes": "Good quality, default size for most use cases, *recommended*."
      },
      {
        "Name": "GLM-Steam-106B-A12B-v1-Q4_1.gguf",
        "Link": "https://huggingface.co/bartowski/TheDrummer_GLM-Steam-106B-A12B-v1-GGUF/tree/main/TheDrummer_GLM-Steam-106B-A12B-v1-Q4_1",
        "Type": "Q4_1",
        "Size": "69.55GB",
        "Notes": "Legacy format, similar performance to Q4_K_S but with improved tokens/watt on Apple silicon."
      },
      {
        "Name": "GLM-Steam-106B-A12B-v1-Q4_K_S.gguf",
        "Link": "https://huggingface.co/bartowski/TheDrummer_GLM-Steam-106B-A12B-v1-GGUF/tree/main/TheDrummer_GLM-Steam-106B-A12B-v1-Q4_K_S",
        "Type": "Q4_K_S",
        "Size": "68.31GB",
        "Notes": "Slightly lower quality with more space savings, *recommended*."
      },
      {
        "Name": "GLM-Steam-106B-A12B-v1-Q4_0.gguf",
        "Link": "https://huggingface.co/bartowski/TheDrummer_GLM-Steam-106B-A12B-v1-GGUF/tree/main/TheDrummer_GLM-Steam-106B-A12B-v1-Q4_0",
        "Type": "Q4_0",
        "Size": "63.76GB",
        "Notes": "Legacy format, offers online repacking for ARM and AVX CPU inference."
      },
      {
        "Name": "GLM-Steam-106B-A12B-v1-IQ4_NL.gguf",
        "Link": "https://huggingface.co/bartowski/TheDrummer_GLM-Steam-106B-A12B-v1-GGUF/tree/main/TheDrummer_GLM-Steam-106B-A12B-v1-IQ4_NL",
        "Type": "IQ4_NL",
        "Size": "63.06GB",
        "Notes": "Similar to IQ4_XS, but slightly larger. Offers online repacking for ARM CPU inference."
      },
      {
        "Name": "GLM-Steam-106B-A12B-v1-IQ4_XS.gguf",
        "Link": "https://huggingface.co/bartowski/TheDrummer_GLM-Steam-106B-A12B-v1-GGUF/tree/main/TheDrummer_GLM-Steam-106B-A12B-v1-IQ4_XS",
        "Type": "IQ4_XS",
        "Size": "60.81GB",
        "Notes": "Decent quality, smaller than Q4_K_S with similar performance, *recommended*."
      },
      {
        "Name": "GLM-Steam-106B-A12B-v1-Q3_K_XL.gguf",
        "Link": "https://huggingface.co/bartowski/TheDrummer_GLM-Steam-106B-A12B-v1-GGUF/tree/main/TheDrummer_GLM-Steam-106B-A12B-v1-Q3_K_XL",
        "Type": "Q3_K_XL",
        "Size": "56.45GB",
        "Notes": "Uses Q8_0 for embed and output weights. Lower quality but usable, good for low RAM availability."
      },
      {
        "Name": "GLM-Steam-106B-A12B-v1-Q3_K_L.gguf",
        "Link": "https://huggingface.co/bartowski/TheDrummer_GLM-Steam-106B-A12B-v1-GGUF/tree/main/TheDrummer_GLM-Steam-106B-A12B-v1-Q3_K_L",
        "Type": "Q3_K_L",
        "Size": "55.91GB",
        "Notes": "Lower quality but usable, good for low RAM availability."
      },
      {
        "Name": "GLM-Steam-106B-A12B-v1-Q3_K_M.gguf",
        "Link": "https://huggingface.co/bartowski/TheDrummer_GLM-Steam-106B-A12B-v1-GGUF/tree/main/TheDrummer_GLM-Steam-106B-A12B-v1-Q3_K_M",
        "Type": "Q3_K_M",
        "Size": "55.48GB",
        "Notes": "Low quality."
      },
      {
        "Name": "GLM-Steam-106B-A12B-v1-IQ3_M.gguf",
        "Link": "https://huggingface.co/bartowski/TheDrummer_GLM-Steam-106B-A12B-v1-GGUF/tree/main/TheDrummer_GLM-Steam-106B-A12B-v1-IQ3_M",
        "Type": "IQ3_M",
        "Size": "55.48GB",
        "Notes": "Medium-low quality, new method with decent performance comparable to Q3_K_M."
      },
      {
        "Name": "GLM-Steam-106B-A12B-v1-Q3_K_S.gguf",
        "Link": "https://huggingface.co/bartowski/TheDrummer_GLM-Steam-106B-A12B-v1-GGUF/tree/main/TheDrummer_GLM-Steam-106B-A12B-v1-Q3_K_S",
        "Type": "Q3_K_S",
        "Size": "53.42GB",
        "Notes": "Low quality, not recommended."
      },
      {
        "Name": "GLM-Steam-106B-A12B-v1-IQ3_XS.gguf",
        "Link": "https://huggingface.co/bartowski/TheDrummer_GLM-Steam-106B-A12B-v1-GGUF/tree/main/TheDrummer_GLM-Steam-106B-A12B-v1-IQ3_XS",
        "Type": "IQ3_XS",
        "Size": "50.84GB",
        "Notes": "Lower quality, new method with decent performance, slightly better than Q3_K_S."
      },
      {
        "Name": "GLM-Steam-106B-A12B-v1-IQ3_XXS.gguf",
        "Link": "https://huggingface.co/bartowski/TheDrummer_GLM-Steam-106B-A12B-v1-GGUF/tree/main/TheDrummer_GLM-Steam-106B-A12B-v1-IQ3_XXS",
        "Type": "IQ3_XXS",
        "Size": "50.11GB",
        "Notes": "Lower quality, new method with decent performance, comparable to Q3 quants."
      },
      {
        "Name": "GLM-Steam-106B-A12B-v1-Q2_K_L.gguf",
        "Link": "https://huggingface.co/bartowski/TheDrummer_GLM-Steam-106B-A12B-v1-GGUF/blob/main/TheDrummer_GLM-Steam-106B-A12B-v1-Q2_K_L.gguf",
        "Type": "Q2_K_L",
        "Size": "46.71GB",
        "Notes": "Uses Q8_0 for embed and output weights. Very low quality but surprisingly usable."
      },
      {
        "Name": "GLM-Steam-106B-A12B-v1-Q2_K.gguf",
        "Link": "https://huggingface.co/bartowski/TheDrummer_GLM-Steam-106B-A12B-v1-GGUF/blob/main/TheDrummer_GLM-Steam-106B-A12B-v1-Q2_K.gguf",
        "Type": "Q2_K",
        "Size": "46.10GB",
        "Notes": "Very low quality but surprisingly usable."
      },
      {
        "Name": "GLM-Steam-106B-A12B-v1-IQ2_M.gguf",
        "Link": "https://huggingface.co/bartowski/TheDrummer_GLM-Steam-106B-A12B-v1-GGUF/blob/main/TheDrummer_GLM-Steam-106B-A12B-v1-IQ2_M.gguf",
        "Type": "IQ2_M",
        "Size": "45.12GB",
        "Notes": "Relatively low quality, uses SOTA techniques to be surprisingly usable."
      },
      {
        "Name": "GLM-Steam-106B-A12B-v1-IQ2_S.gguf",
        "Link": "https://huggingface.co/bartowski/TheDrummer_GLM-Steam-106B-A12B-v1-GGUF/blob/main/TheDrummer_GLM-Steam-106B-A12B-v1-IQ2_S.gguf",
        "Type": "IQ2_S",
        "Size": "42.54GB",
        "Notes": "Low quality, uses SOTA techniques to be usable."
      },
      {
        "Name": "GLM-Steam-106B-A12B-v1-IQ2_XS.gguf",
        "Link": "https://huggingface.co/bartowski/TheDrummer_GLM-Steam-106B-A12B-v1-GGUF/blob/main/TheDrummer_GLM-Steam-106B-A12B-v1-IQ2_XS.gguf",
        "Type": "IQ2_XS",
        "Size": "42.19GB",
        "Notes": "Low quality, uses SOTA techniques to be usable."
      },
      {
        "Name": "GLM-Steam-106B-A12B-v1-IQ2_XXS.gguf",
        "Link": "https://huggingface.co/bartowski/TheDrummer_GLM-Steam-106B-A12B-v1-GGUF/blob/main/TheDrummer_GLM-Steam-106B-A12B-v1-IQ2_XXS.gguf",
        "Type": "IQ2_XXS",
        "Size": "39.62GB",
        "Notes": "Very low quality, uses SOTA techniques to be usable."
      },
      {
        "Name": "GLM-Steam-106B-A12B-v1-IQ1_M.gguf",
        "Link": "https://huggingface.co/bartowski/TheDrummer_GLM-Steam-106B-A12B-v1-GGUF/blob/main/TheDrummer_GLM-Steam-106B-A12B-v1-IQ1_M.gguf",
        "Type": "IQ1_M",
        "Size": "37.86GB",
        "Notes": "Extremely low quality, *not* recommended."
      }
    ]
  },
  "Dataset": {
    "Name": [
      "imatrix calibration dataset",
      "combined_all_small.parquet"
    ],
    "Sources": [
      "https://gist.github.com/bartowski1182/eb213dccb3571f863da82e99418f81e8",
      "https://huggingface.co/datasets/eaddario/imatrix-calibration/blob/main/combined_all_small.parquet"
    ],
    "Description": "Dataset used for imatrix quantization calibration."
  },
  "Model_Architecture": {
    "Architecture_Type": "Not provided",
    "Base_Architecture": "GLM-Steam-106B-A12B-v1",
    "Number_Parameters": "106B",
    "Parameters": "Not provided",
    "Input_Type": "Text",
    "Output_Type": "Text"
  },
  "Training_Details": {
    "Training_Data": "Not provided",
    "Preprocessing": "Imatrix quantization using a combined dataset (gist.github.com/bartowski1182/eb213dccb3571f863da82e99418f81e8 and huggingface.co/datasets/eaddario/imatrix-calibration); online repacking for ARM/AVX CPU inference; Q8_0 quantization for embed and output weights in some variants.",
    "Hyperparameters": "Not provided"
  },
  "Evaluation": {
    "Evaluation_Data": "Not provided",
    "Performance_Metrics": "Not provided",
    "Source": "Not provided"
  },
  "Intended_Use": {
    "Task": [
      "text-generation"
    ]
  },
  "Bias_Risks_and_Limitations": {
    "Limitations": "Some quantized versions offer lower quality for reduced size, with IQ1_M being 'extremely low quality, not recommended'. I-quants on CPU are slower than their K-quant equivalent. Legacy formats like Q4_0 and Q4_1 have specific performance characteristics."
  },
  "License": "Not provided"
}