{
  "Model_Description": {
    "Name": "bartowski/trashpanda-org_QwQ-32B-Snowdrop-v0-GGUF",
    "Description": "This model card provides Llamacpp imatrix Quantizations of the QwQ-32B-Snowdrop-v0 model by trashpanda-org, using llama.cpp for quantization."
  },
  "Model_Sources": {
    "Repository": "https://huggingface.co/trashpanda-org/QwQ-32B-Snowdrop-v0",
    "Paper": "Not provided",
    "Demo": "Not provided"
  },
  "Citation": "Not provided",
  "Contact": {
    "Author": "bartowski",
    "Email": "Not provided",
    "Community": [
      "https://ko-fi.com/bartowski"
    ]
  },
  "Technical_Requirements": {
    "Software": [
      "llama.cpp release b4867",
      "huggingface_hub[cli]"
    ],
    "Hardware": {
      "CPU": "ARM, AVX, AVX2 system (EPYC7702)",
      "GPU": [
        "Nvidia (cuBLAS)",
        "AMD (rocBLAS)"
      ],
      "RAM": "Not provided",
      "Storage": "Not provided"
    }
  },
  "Access_and_Distribution": {
    "Download_Link": "Not provided",
    "Model_Variants": [
      {
        "Name": "QwQ-32B-Snowdrop-v0-bf16.gguf",
        "Link": "https://huggingface.co/bartowski/trashpanda-org_QwQ-32B-Snowdrop-v0-GGUF/tree/main/trashpanda-org_QwQ-32B-Snowdrop-v0-bf16",
        "Type": "bf16",
        "Size": "65.53GB",
        "Notes": "Full BF16 weights."
      },
      {
        "Name": "QwQ-32B-Snowdrop-v0-Q8_0.gguf",
        "Link": "https://huggingface.co/bartowski/trashpanda-org_QwQ-32B-Snowdrop-v0-GGUF/blob/main/trashpanda-org_QwQ-32B-Snowdrop-v0-Q8_0.gguf",
        "Type": "Q8_0",
        "Size": "34.82GB",
        "Notes": "Extremely high quality, generally unneeded but max available quant."
      },
      {
        "Name": "QwQ-32B-Snowdrop-v0-Q6_K_L.gguf",
        "Link": "https://huggingface.co/bartowski/trashpanda-org_QwQ-32B-Snowdrop-v0-GGUF/blob/main/trashpanda-org_QwQ-32B-Snowdrop-v0-Q6_K_L.gguf",
        "Type": "Q6_K_L",
        "Size": "27.26GB",
        "Notes": "Uses Q8_0 for embed and output weights. Very high quality, near perfect, recommended."
      },
      {
        "Name": "QwQ-32B-Snowdrop-v0-Q6_K.gguf",
        "Link": "https://huggingface.co/bartowski/trashpanda-org_QwQ-32B-Snowdrop-v0-GGUF/blob/main/trashpanda-org_QwQ-32B-Snowdrop-v0-Q6_K.gguf",
        "Type": "Q6_K",
        "Size": "26.88GB",
        "Notes": "Very high quality, near perfect, recommended."
      },
      {
        "Name": "QwQ-32B-Snowdrop-v0-Q5_K_L.gguf",
        "Link": "https://huggingface.co/bartowski/trashpanda-org_QwQ-32B-Snowdrop-v0-GGUF/blob/main/trashpanda-org_QwQ-32B-Snowdrop-v0-Q5_K_L.gguf",
        "Type": "Q5_K_L",
        "Size": "23.74GB",
        "Notes": "Uses Q8_0 for embed and output weights. High quality, recommended."
      },
      {
        "Name": "QwQ-32B-Snowdrop-v0-Q5_K_M.gguf",
        "Link": "https://huggingface.co/bartowski/trashpanda-org_QwQ-32B-Snowdrop-v0-GGUF/blob/main/trashpanda-org_QwQ-32B-Snowdrop-v0-Q5_K_M.gguf",
        "Type": "Q5_K_M",
        "Size": "23.26GB",
        "Notes": "High quality, recommended."
      },
      {
        "Name": "QwQ-32B-Snowdrop-v0-Q5_K_S.gguf",
        "Link": "https://huggingface.co/bartowski/trashpanda-org_QwQ-32B-Snowdrop-v0-GGUF/blob/main/trashpanda-org_QwQ-32B-Snowdrop-v0-Q5_K_S.gguf",
        "Type": "Q5_K_S",
        "Size": "22.64GB",
        "Notes": "High quality, recommended."
      },
      {
        "Name": "QwQ-32B-Snowdrop-v0-Q4_1.gguf",
        "Link": "https://huggingface.co/bartowski/trashpanda-org_QwQ-32B-Snowdrop-v0-GGUF/blob/main/trashpanda-org_QwQ-32B-Snowdrop-v0-Q4_1.gguf",
        "Type": "Q4_1",
        "Size": "20.64GB",
        "Notes": "Legacy format, similar performance to Q4_K_S but with improved tokens/watt on Apple silicon."
      },
      {
        "Name": "QwQ-32B-Snowdrop-v0-Q4_K_L.gguf",
        "Link": "https://huggingface.co/bartowski/trashpanda-org_QwQ-32B-Snowdrop-v0-GGUF/blob/main/trashpanda-org_QwQ-32B-Snowdrop-v0-Q4_K_L.gguf",
        "Type": "Q4_K_L",
        "Size": "20.42GB",
        "Notes": "Uses Q8_0 for embed and output weights. Good quality, recommended."
      },
      {
        "Name": "QwQ-32B-Snowdrop-v0-Q4_K_M.gguf",
        "Link": "https://huggingface.co/bartowski/trashpanda-org_QwQ-32B-Snowdrop-v0-GGUF/blob/main/trashpanda-org_QwQ-32B-Snowdrop-v0-Q4_K_M.gguf",
        "Type": "Q4_K_M",
        "Size": "19.85GB",
        "Notes": "Good quality, default size for most use cases, recommended."
      },
      {
        "Name": "QwQ-32B-Snowdrop-v0-Q4_K_S.gguf",
        "Link": "https://huggingface.co/bartowski/trashpanda-org_QwQ-32B-Snowdrop-v0-GGUF/blob/main/trashpanda-org_QwQ-32B-Snowdrop-v0-Q4_K_S.gguf",
        "Type": "Q4_K_S",
        "Size": "18.78GB",
        "Notes": "Slightly lower quality with more space savings, recommended."
      },
      {
        "Name": "QwQ-32B-Snowdrop-v0-Q4_0.gguf",
        "Link": "https://huggingface.co/bartowski/trashpanda-org_QwQ-32B-Snowdrop-v0-GGUF/blob/main/trashpanda-org_QwQ-32B-Snowdrop-v0-Q4_0.gguf",
        "Type": "Q4_0",
        "Size": "18.71GB",
        "Notes": "Legacy format, offers online repacking for ARM and AVX CPU inference."
      },
      {
        "Name": "QwQ-32B-Snowdrop-v0-IQ4_NL.gguf",
        "Link": "https://huggingface.co/bartowski/trashpanda-org_QwQ-32B-Snowdrop-v0-GGUF/blob/main/trashpanda-org_QwQ-32B-Snowdrop-v0-IQ4_NL.gguf",
        "Type": "IQ4_NL",
        "Size": "18.68GB",
        "Notes": "Similar to IQ4_XS, but slightly larger. Offers online repacking for ARM CPU inference."
      },
      {
        "Name": "QwQ-32B-Snowdrop-v0-Q3_K_XL.gguf",
        "Link": "https://huggingface.co/bartowski/trashpanda-org_QwQ-32B-Snowdrop-v0-GGUF/blob/main/trashpanda-org_QwQ-32B-Snowdrop-v0-Q3_K_XL.gguf",
        "Type": "Q3_K_XL",
        "Size": "17.92GB",
        "Notes": "Uses Q8_0 for embed and output weights. Lower quality but usable, good for low RAM availability."
      },
      {
        "Name": "QwQ-32B-Snowdrop-v0-IQ4_XS.gguf",
        "Link": "https://huggingface.co/bartowski/trashpanda-org_QwQ-32B-Snowdrop-v0-GGUF/blob/main/trashpanda-org_QwQ-32B-Snowdrop-v0-IQ4_XS.gguf",
        "Type": "IQ4_XS",
        "Size": "17.69GB",
        "Notes": "Decent quality, smaller than Q4_K_S with similar performance, recommended."
      },
      {
        "Name": "QwQ-32B-Snowdrop-v0-Q3_K_L.gguf",
        "Link": "https://huggingface.co/bartowski/trashpanda-org_QwQ-32B-Snowdrop-v0-GGUF/blob/main/trashpanda-org_QwQ-32B-Snowdrop-v0-Q3_K_L.gguf",
        "Type": "Q3_K_L",
        "Size": "17.24GB",
        "Notes": "Lower quality but usable, good for low RAM availability."
      },
      {
        "Name": "QwQ-32B-Snowdrop-v0-Q3_K_M.gguf",
        "Link": "https://huggingface.co/bartowski/trashpanda-org_QwQ-32B-Snowdrop-v0-GGUF/blob/main/trashpanda-org_QwQ-32B-Snowdrop-v0-Q3_K_M.gguf",
        "Type": "Q3_K_M",
        "Size": "15.93GB",
        "Notes": "Low quality."
      },
      {
        "Name": "QwQ-32B-Snowdrop-v0-IQ3_M.gguf",
        "Link": "https://huggingface.co/bartowski/trashpanda-org_QwQ-32B-Snowdrop-v0-GGUF/blob/main/trashpanda-org_QwQ-32B-Snowdrop-v0-IQ3_M.gguf",
        "Type": "IQ3_M",
        "Size": "14.81GB",
        "Notes": "Medium-low quality, new method with decent performance comparable to Q3_K_M."
      },
      {
        "Name": "QwQ-32B-Snowdrop-v0-Q3_K_S.gguf",
        "Link": "https://huggingface.co/bartowski/trashpanda-org_QwQ-32B-Snowdrop-v0-GGUF/blob/main/trashpanda-org_QwQ-32B-Snowdrop-v0-Q3_K_S.gguf",
        "Type": "Q3_K_S",
        "Size": "14.39GB",
        "Notes": "Low quality, not recommended."
      },
      {
        "Name": "QwQ-32B-Snowdrop-v0-IQ3_XS.gguf",
        "Link": "https://huggingface.co/bartowski/trashpanda-org_QwQ-32B-Snowdrop-v0-GGUF/blob/main/trashpanda-org_QwQ-32B-Snowdrop-v0-IQ3_XS.gguf",
        "Type": "IQ3_XS",
        "Size": "13.70GB",
        "Notes": "Lower quality, new method with decent performance, slightly better than Q3_K_S."
      },
      {
        "Name": "QwQ-32B-Snowdrop-v0-Q2_K_L.gguf",
        "Link": "https://huggingface.co/bartowski/trashpanda-org_QwQ-32B-Snowdrop-v0-GGUF/blob/main/trashpanda-org_QwQ-32B-Snowdrop-v0-Q2_K_L.gguf",
        "Type": "Q2_K_L",
        "Size": "13.07GB",
        "Notes": "Uses Q8_0 for embed and output weights. Very low quality but surprisingly usable."
      },
      {
        "Name": "QwQ-32B-Snowdrop-v0-IQ3_XXS.gguf",
        "Link": "https://huggingface.co/bartowski/trashpanda-org_QwQ-32B-Snowdrop-v0-GGUF/blob/main/trashpanda-org_QwQ-32B-Snowdrop-v0-IQ3_XXS.gguf",
        "Type": "IQ3_XXS",
        "Size": "12.84GB",
        "Notes": "Lower quality, new method with decent performance, comparable to Q3 quants."
      },
      {
        "Name": "QwQ-32B-Snowdrop-v0-Q2_K.gguf",
        "Link": "https://huggingface.co/bartowski/trashpanda-org_QwQ-32B-Snowdrop-v0-GGUF/blob/main/trashpanda-org_QwQ-32B-Snowdrop-v0-Q2_K.gguf",
        "Type": "Q2_K",
        "Size": "12.31GB",
        "Notes": "Very low quality but surprisingly usable."
      },
      {
        "Name": "QwQ-32B-Snowdrop-v0-IQ2_M.gguf",
        "Link": "https://huggingface.co/bartowski/trashpanda-org_QwQ-32B-Snowdrop-v0-GGUF/blob/main/trashpanda-org_QwQ-32B-Snowdrop-v0-IQ2_M.gguf",
        "Type": "IQ2_M",
        "Size": "11.26GB",
        "Notes": "Relatively low quality, uses SOTA techniques to be surprisingly usable."
      },
      {
        "Name": "QwQ-32B-Snowdrop-v0-IQ2_S.gguf",
        "Link": "https://huggingface.co/bartowski/trashpanda-org_QwQ-32B-Snowdrop-v0-GGUF/blob/main/trashpanda-org_QwQ-32B-Snowdrop-v0-IQ2_S.gguf",
        "Type": "IQ2_S",
        "Size": "10.39GB",
        "Notes": "Low quality, uses SOTA techniques to be usable."
      },
      {
        "Name": "QwQ-32B-Snowdrop-v0-IQ2_XS.gguf",
        "Link": "https://huggingface.co/bartowski/trashpanda-org_QwQ-32B-Snowdrop-v0-GGUF/blob/main/trashpanda-org_QwQ-32B-Snowdrop-v0-IQ2_XS.gguf",
        "Type": "IQ2_XS",
        "Size": "9.96GB",
        "Notes": "Low quality, uses SOTA techniques to be usable."
      },
      {
        "Name": "QwQ-32B-Snowdrop-v0-IQ2_XXS.gguf",
        "Link": "https://huggingface.co/bartowski/trashpanda-org_QwQ-32B-Snowdrop-v0-GGUF/blob/main/trashpanda-org_QwQ-32B-Snowdrop-v0-IQ2_XXS.gguf",
        "Type": "IQ2_XXS",
        "Size": "9.03GB",
        "Notes": "Very low quality, uses SOTA techniques to be usable."
      }
    ]
  },
  "Dataset": {
    "Name": "imatrix calibration dataset",
    "Sources": "https://gist.github.com/bartowski1182/eb213dccb3571f863da82e99418f81e8",
    "Description": "Not provided"
  },
  "Model_Architecture": {
    "Architecture_Type": "Not provided",
    "Base_Architecture": "QwQ-32B-Snowdrop-v0",
    "Number_Parameters": "32B",
    "Parameters": "Not provided",
    "Input_Type": "Text",
    "Output_Type": "Text"
  },
  "Training_Details": {
    "Training_Data": "Not provided",
    "Preprocessing": "imatrix option with dataset; online repacking for weights",
    "Hyperparameters": "Not provided"
  },
  "Evaluation": {
    "Evaluation_Data": "Not provided",
    "Performance_Metrics": "Not provided",
    "Source": "Not provided"
  },
  "Intended_Use": {
    "Task": [
      "text-generation"
    ]
  },
  "Bias_Risks_and_Limitations": {
    "Limitations": "Some quantizations offer lower quality but are usable, while others are low quality and not recommended. I-quants are not compatible with Vulcan."
  },
  "License": "Not provided"
}