{
  "Model_Description": {
    "Name": "bartowski/zerofata_MS3.2-PaintedFantasy-Visage-v3-34B-GGUF",
    "Description": "This model card provides Llamacpp imatrix quantizations of the MS3.2-PaintedFantasy-Visage-v3-34B model by zerofata, offering various quantized versions for text generation."
  },
  "Model_Sources": {
    "Repository": "https://huggingface.co/zerofata/MS3.2-PaintedFantasy-Visage-v3-34B",
    "Paper": "Not provided",
    "Demo": [
      "https://lmstudio.ai/",
      "https://github.com/ggml-org/llama.cpp/"
    ]
  },
  "Citation": "Not provided",
  "Contact": {
    "Author": [
      "bartowski",
      "zerofata"
    ],
    "Email": "Not provided",
    "Community": [
      "https://ko-fi.com/bartowski"
    ]
  },
  "Technical_Requirements": {
    "Software": [
      "llama.cpp release b6258",
      "LM Studio",
      "huggingface_hub[cli]"
    ],
    "Hardware": {
      "CPU": "ARM, AVX, EPYC7702 (AVX2 system)",
      "GPU": [
        "Nvidia (cuBLAS)",
        "AMD (rocBLAS)",
        "Apple silicon"
      ],
      "RAM": "Not provided",
      "Storage": "Not provided"
    }
  },
  "Access_and_Distribution": {
    "Download_Link": "Not provided",
    "Model_Variants": [
      {
        "Name": "MS3.2-PaintedFantasy-Visage-v3-34B-bf16",
        "Link": "https://huggingface.co/bartowski/zerofata_MS3.2-PaintedFantasy-Visage-v3-34B-GGUF/tree/main/zerofata_MS3.2-PaintedFantasy-Visage-v3-34B-bf16",
        "Type": "bf16",
        "Size": "68.27GB",
        "Notes": "Full BF16 weights."
      },
      {
        "Name": "MS3.2-PaintedFantasy-Visage-v3-34B-Q8_0",
        "Link": "https://huggingface.co/bartowski/zerofata_MS3.2-PaintedFantasy-Visage-v3-34B-GGUF/blob/main/zerofata_MS3.2-PaintedFantasy-Visage-v3-34B-Q8_0.gguf",
        "Type": "Q8_0",
        "Size": "36.27GB",
        "Notes": "Extremely high quality, generally unneeded but max available quant."
      },
      {
        "Name": "MS3.2-PaintedFantasy-Visage-v3-34B-Q6_K_L",
        "Link": "https://huggingface.co/bartowski/zerofata_MS3.2-PaintedFantasy-Visage-v3-34B-GGUF/blob/main/zerofata_MS3.2-PaintedFantasy-Visage-v3-34B-Q6_K_L.gguf",
        "Type": "Q6_K_L",
        "Size": "28.33GB",
        "Notes": "Uses Q8_0 for embed and output weights. Very high quality, near perfect, recommended."
      },
      {
        "Name": "MS3.2-PaintedFantasy-Visage-v3-34B-Q6_K",
        "Link": "https://huggingface.co/bartowski/zerofata_MS3.2-PaintedFantasy-Visage-v3-34B-GGUF/blob/main/zerofata_MS3.2-PaintedFantasy-Visage-v3-34B-Q6_K.gguf",
        "Type": "Q6_K",
        "Size": "28.01GB",
        "Notes": "Very high quality, near perfect, recommended."
      },
      {
        "Name": "MS3.2-PaintedFantasy-Visage-v3-34B-Q5_K_L",
        "Link": "https://huggingface.co/bartowski/zerofata_MS3.2-PaintedFantasy-Visage-v3-34B-GGUF/blob/main/zerofata_MS3.2-PaintedFantasy-Visage-v3-34B-Q5_K_L.gguf",
        "Type": "Q5_K_L",
        "Size": "24.65GB",
        "Notes": "Uses Q8_0 for embed and output weights. High quality, recommended."
      },
      {
        "Name": "MS3.2-PaintedFantasy-Visage-v3-34B-Q5_K_M",
        "Link": "https://huggingface.co/bartowski/zerofata_MS3.2-PaintedFantasy-Visage-v3-34B-GGUF/blob/main/zerofata_MS3.2-PaintedFantasy-Visage-v3-34B-Q5_K_M.gguf",
        "Type": "Q5_K_M",
        "Size": "24.23GB",
        "Notes": "High quality, recommended."
      },
      {
        "Name": "MS3.2-PaintedFantasy-Visage-v3-34B-Q5_K_S",
        "Link": "https://huggingface.co/bartowski/zerofata_MS3.2-PaintedFantasy-Visage-v3-34B-GGUF/blob/main/zerofata_MS3.2-PaintedFantasy-Visage-v3-34B-Q5_K_S.gguf",
        "Type": "Q5_K_S",
        "Size": "23.56GB",
        "Notes": "High quality, recommended."
      },
      {
        "Name": "MS3.2-PaintedFantasy-Visage-v3-34B-Q4_1",
        "Link": "https://huggingface.co/bartowski/zerofata_MS3.2-PaintedFantasy-Visage-v3-34B-GGUF/blob/main/zerofata_MS3.2-PaintedFantasy-Visage-v3-34B-Q4_1.gguf",
        "Type": "Q4_1",
        "Size": "21.47GB",
        "Notes": "Legacy format, similar performance to Q4_K_S but with improved tokens/watt on Apple silicon."
      },
      {
        "Name": "MS3.2-PaintedFantasy-Visage-v3-34B-Q4_K_L",
        "Link": "https://huggingface.co/bartowski/zerofata_MS3.2-PaintedFantasy-Visage-v3-34B-GGUF/blob/main/zerofata_MS3.2-PaintedFantasy-Visage-v3-34B-Q4_K_L.gguf",
        "Type": "Q4_K_L",
        "Size": "21.17GB",
        "Notes": "Uses Q8_0 for embed and output weights. Good quality, recommended."
      },
      {
        "Name": "MS3.2-PaintedFantasy-Visage-v3-34B-Q4_K_M",
        "Link": "https://huggingface.co/bartowski/zerofata_MS3.2-PaintedFantasy-Visage-v3-34B-GGUF/blob/main/zerofata_MS3.2-PaintedFantasy-Visage-v3-34B-Q4_K_M.gguf",
        "Type": "Q4_K_M",
        "Size": "20.68GB",
        "Notes": "Good quality, default size for most use cases, recommended."
      },
      {
        "Name": "MS3.2-PaintedFantasy-Visage-v3-34B-Q4_K_S",
        "Link": "https://huggingface.co/bartowski/zerofata_MS3.2-PaintedFantasy-Visage-v3-34B-GGUF/blob/main/zerofata_MS3.2-PaintedFantasy-Visage-v3-34B-Q4_K_S.gguf",
        "Type": "Q4_K_S",
        "Size": "19.53GB",
        "Notes": "Slightly lower quality with more space savings, recommended."
      },
      {
        "Name": "MS3.2-PaintedFantasy-Visage-v3-34B-Q4_0",
        "Link": "https://huggingface.co/bartowski/zerofata_MS3.2-PaintedFantasy-Visage-v3-34B-GGUF/blob/main/zerofata_MS3.2-PaintedFantasy-Visage-v3-34B-Q4_0.gguf",
        "Type": "Q4_0",
        "Size": "19.46GB",
        "Notes": "Legacy format, offers online repacking for ARM and AVX CPU inference."
      },
      {
        "Name": "MS3.2-PaintedFantasy-Visage-v3-34B-IQ4_NL",
        "Link": "https://huggingface.co/bartowski/zerofata_MS3.2-PaintedFantasy-Visage-v3-34B-GGUF/blob/main/zerofata_MS3.2-PaintedFantasy-Visage-v3-34B-IQ4_NL.gguf",
        "Type": "IQ4_NL",
        "Size": "19.42GB",
        "Notes": "Similar to IQ4_XS, but slightly larger. Offers online repacking for ARM CPU inference."
      },
      {
        "Name": "MS3.2-PaintedFantasy-Visage-v3-34B-Q3_K_XL",
        "Link": "https://huggingface.co/bartowski/zerofata_MS3.2-PaintedFantasy-Visage-v3-34B-GGUF/blob/main/zerofata_MS3.2-PaintedFantasy-Visage-v3-34B-Q3_K_XL.gguf",
        "Type": "Q3_K_XL",
        "Size": "18.48GB",
        "Notes": "Uses Q8_0 for embed and output weights. Lower quality but usable, good for low RAM availability."
      },
      {
        "Name": "MS3.2-PaintedFantasy-Visage-v3-34B-IQ4_XS",
        "Link": "https://huggingface.co/bartowski/zerofata_MS3.2-PaintedFantasy-Visage-v3-34B-GGUF/blob/main/zerofata_MS3.2-PaintedFantasy-Visage-v3-34B-IQ4_XS.gguf",
        "Type": "IQ4_XS",
        "Size": "18.38GB",
        "Notes": "Decent quality, smaller than Q4_K_S with similar performance, recommended."
      },
      {
        "Name": "MS3.2-PaintedFantasy-Visage-v3-34B-Q3_K_L",
        "Link": "https://huggingface.co/bartowski/zerofata_MS3.2-PaintedFantasy-Visage-v3-34B-GGUF/blob/main/zerofata_MS3.2-PaintedFantasy-Visage-v3-34B-Q3_K_L.gguf",
        "Type": "Q3_K_L",
        "Size": "17.89GB",
        "Notes": "Lower quality but usable, good for low RAM availability."
      },
      {
        "Name": "MS3.2-PaintedFantasy-Visage-v3-34B-Q3_K_M",
        "Link": "https://huggingface.co/bartowski/zerofata_MS3.2-PaintedFantasy-Visage-v3-34B-GGUF/blob/main/zerofata_MS3.2-PaintedFantasy-Visage-v3-34B-Q3_K_M.gguf",
        "Type": "Q3_K_M",
        "Size": "16.52GB",
        "Notes": "Low quality."
      },
      {
        "Name": "MS3.2-PaintedFantasy-Visage-v3-34B-IQ3_M",
        "Link": "https://huggingface.co/bartowski/zerofata_MS3.2-PaintedFantasy-Visage-v3-34B-GGUF/blob/main/zerofata_MS3.2-PaintedFantasy-Visage-v3-34B-IQ3_M.gguf",
        "Type": "IQ3_M",
        "Size": "15.30GB",
        "Notes": "Medium-low quality, new method with decent performance comparable to Q3_K_M."
      },
      {
        "Name": "MS3.2-PaintedFantasy-Visage-v3-34B-Q3_K_S",
        "Link": "https://huggingface.co/bartowski/zerofata_MS3.2-PaintedFantasy-Visage-v3-34B-GGUF/blob/main/zerofata_MS3.2-PaintedFantasy-Visage-v3-34B-Q3_K_S.gguf",
        "Type": "Q3_K_S",
        "Size": "14.94GB",
        "Notes": "Low quality, not recommended."
      },
      {
        "Name": "MS3.2-PaintedFantasy-Visage-v3-34B-IQ3_XS",
        "Link": "https://huggingface.co/bartowski/zerofata_MS3.2-PaintedFantasy-Visage-v3-34B-GGUF/blob/main/zerofata_MS3.2-PaintedFantasy-Visage-v3-34B-IQ3_XS.gguf",
        "Type": "IQ3_XS",
        "Size": "14.21GB",
        "Notes": "Lower quality, new method with decent performance, slightly better than Q3_K_S."
      },
      {
        "Name": "MS3.2-PaintedFantasy-Visage-v3-34B-Q2_K_L",
        "Link": "https://huggingface.co/bartowski/zerofata_MS3.2-PaintedFantasy-Visage-v3-34B-GGUF/blob/main/zerofata_MS3.2-PaintedFantasy-Visage-v3-34B-Q2_K_L.gguf",
        "Type": "Q2_K_L",
        "Size": "13.40GB",
        "Notes": "Uses Q8_0 for embed and output weights. Very low quality but surprisingly usable."
      },
      {
        "Name": "MS3.2-PaintedFantasy-Visage-v3-34B-IQ3_XXS",
        "Link": "https://huggingface.co/bartowski/zerofata_MS3.2-PaintedFantasy-Visage-v3-34B-GGUF/blob/main/zerofata_MS3.2-PaintedFantasy-Visage-v3-34B-IQ3_XXS.gguf",
        "Type": "IQ3_XXS",
        "Size": "13.33GB",
        "Notes": "Lower quality, new method with decent performance, comparable to Q3 quants."
      },
      {
        "Name": "MS3.2-PaintedFantasy-Visage-v3-34B-Q2_K",
        "Link": "https://huggingface.co/bartowski/zerofata_MS3.2-PaintedFantasy-Visage-v3-34B-GGUF/blob/main/zerofata_MS3.2-PaintedFantasy-Visage-v3-34B-Q2_K.gguf",
        "Type": "Q2_K",
        "Size": "12.74GB",
        "Notes": "Very low quality but surprisingly usable."
      },
      {
        "Name": "MS3.2-PaintedFantasy-Visage-v3-34B-IQ2_M",
        "Link": "https://huggingface.co/bartowski/zerofata_MS3.2-PaintedFantasy-Visage-v3-34B-GGUF/blob/main/zerofata_MS3.2-PaintedFantasy-Visage-v3-34B-IQ2_M.gguf",
        "Type": "IQ2_M",
        "Size": "11.60GB",
        "Notes": "Relatively low quality, uses SOTA techniques to be surprisingly usable."
      },
      {
        "Name": "MS3.2-PaintedFantasy-Visage-v3-34B-IQ2_S",
        "Link": "https://huggingface.co/bartowski/zerofata_MS3.2-PaintedFantasy-Visage-v3-34B-GGUF/blob/main/zerofata_MS3.2-PaintedFantasy-Visage-v3-34B-IQ2_S.gguf",
        "Type": "IQ2_S",
        "Size": "10.66GB",
        "Notes": "Low quality, uses SOTA techniques to be usable."
      },
      {
        "Name": "MS3.2-PaintedFantasy-Visage-v3-34B-IQ2_XS",
        "Link": "https://huggingface.co/bartowski/zerofata_MS3.2-PaintedFantasy-Visage-v3-34B-GGUF/blob/main/zerofata_MS3.2-PaintedFantasy-Visage-v3-34B-IQ2_XS.gguf",
        "Type": "IQ2_XS",
        "Size": "10.30GB",
        "Notes": "Low quality, uses SOTA techniques to be usable."
      },
      {
        "Name": "MS3.2-PaintedFantasy-Visage-v3-34B-IQ2_XXS",
        "Link": "https://huggingface.co/bartowski/zerofata_MS3.2-PaintedFantasy-Visage-v3-34B-GGUF/blob/main/zerofata_MS3.2-PaintedFantasy-Visage-v3-34B-IQ2_XXS.gguf",
        "Type": "IQ2_XXS",
        "Size": "9.32GB",
        "Notes": "Very low quality, uses SOTA techniques to be usable."
      }
    ]
  },
  "Dataset": {
    "Name": [
      "eaddario/imatrix-calibration",
      "dataset from gist.github.com/bartowski1182"
    ],
    "Sources": [
      "https://gist.github.com/bartowski1182/eb213dccb3571f863da82e99418f81e8",
      "https://huggingface.co/datasets/eaddario/imatrix-calibration/blob/main/combined_all_small.parquet"
    ],
    "Description": "Dataset used for imatrix quantization calibration."
  },
  "Model_Architecture": {
    "Architecture_Type": "Not provided",
    "Base_Architecture": "MS3.2-PaintedFantasy-Visage-v3-34B",
    "Number_Parameters": "34B",
    "Parameters": "Not provided",
    "Input_Type": "Text",
    "Output_Type": "Text"
  },
  "Training_Details": {
    "Training_Data": "Not provided",
    "Preprocessing": [
      "Quantization using imatrix option with calibration datasets",
      "Online repacking of weights for ARM and AVX CPU inference"
    ],
    "Hyperparameters": "Not provided"
  },
  "Evaluation": {
    "Evaluation_Data": "Not provided",
    "Performance_Metrics": "Not provided",
    "Source": "Not provided"
  },
  "Intended_Use": {
    "Task": [
      "text-generation"
    ]
  },
  "Bias_Risks_and_Limitations": {
    "Limitations": "Some quantized versions may exhibit lower quality. Users should be aware that IQ4_NL may have slower loading times, and the prompt format is not provided in this model card, requiring reference to the original model page."
  },
  "License": "Not provided"
}