{
  "Model_Description": {
    "Name": "ByteDance/AnimateDiff-Lightning",
    "Description": "AnimateDiff-Lightning is a lightning-fast text-to-video generation model. It can generate videos more than ten times faster than the original AnimateDiff."
  },
  "Model_Sources": {
    "Repository": "https://huggingface.co/ByteDance/AnimateDiff-Lightning",
    "Paper": "https://arxiv.org/abs/2403.12706",
    "Demo": "https://huggingface.co/spaces/ByteDance/AnimateDiff-Lightning"
  },
  "Citation": "@misc{lin2024animatedifflightning,\n      title={AnimateDiff-Lightning: Cross-Model Diffusion Distillation}, \n      author={Shanchuan Lin and Xiao Yang},\n      year={2024},\n      eprint={2403.12706},\n      archivePrefix={arXiv},\n      primaryClass={cs.CV}\n}",
  "Contact": {
    "Author": [
      "Shanchuan Lin",
      "Xiao Yang"
    ],
    "Email": "Not provided",
    "Community": "Not provided"
  },
  "Technical_Requirements": {
    "Software": [
      "torch",
      "diffusers",
      "huggingface_hub",
      "safetensors",
      "ComfyUI-AnimateDiff-Evolved",
      "ComfyUI-VideoHelperSuite",
      "ComfyUI-Manager",
      "ComfyUI-Advanced-ControlNet",
      "comfyui_controlnet_aux"
    ],
    "Hardware": {
      "CPU": "Not provided",
      "GPU": "CUDA compatible GPU",
      "RAM": "Not provided",
      "Storage": "Not provided"
    }
  },
  "Access_and_Distribution": {
    "Download_Link": "Not provided",
    "Model_Variants": [
      {
        "Name": "AnimateDiff-Lightning 1-step (Diffusers)",
        "Link": "https://huggingface.co/ByteDance/AnimateDiff-Lightning/resolve/main/animatediff_lightning_1step_diffusers.safetensors",
        "Type": "1-step",
        "Size": "Not provided",
        "Notes": "Only provided for research purposes."
      },
      {
        "Name": "AnimateDiff-Lightning 2-step (Diffusers)",
        "Link": "https://huggingface.co/ByteDance/AnimateDiff-Lightning/resolve/main/animatediff_lightning_2step_diffusers.safetensors",
        "Type": "2-step",
        "Size": "Not provided",
        "Notes": "Great generation quality."
      },
      {
        "Name": "AnimateDiff-Lightning 4-step (Diffusers)",
        "Link": "https://huggingface.co/ByteDance/AnimateDiff-Lightning/resolve/main/animatediff_lightning_4step_diffusers.safetensors",
        "Type": "4-step",
        "Size": "Not provided",
        "Notes": "Great generation quality."
      },
      {
        "Name": "AnimateDiff-Lightning 8-step (Diffusers)",
        "Link": "https://huggingface.co/ByteDance/AnimateDiff-Lightning/resolve/main/animatediff_lightning_8step_diffusers.safetensors",
        "Type": "8-step",
        "Size": "Not provided",
        "Notes": "Great generation quality."
      },
      {
        "Name": "AnimateDiff-Lightning 1-step (ComfyUI)",
        "Link": "https://huggingface.co/ByteDance/AnimateDiff-Lightning/resolve/main/comfyui/animatediff_lightning_1step_comfyui.safetensors",
        "Type": "1-step",
        "Size": "Not provided",
        "Notes": "Only provided for research purposes."
      },
      {
        "Name": "AnimateDiff-Lightning 2-step (ComfyUI)",
        "Link": "https://huggingface.co/ByteDance/AnimateDiff-Lightning/resolve/main/comfyui/animatediff_lightning_2step_comfyui.safetensors",
        "Type": "2-step",
        "Size": "Not provided",
        "Notes": "Great generation quality."
      },
      {
        "Name": "AnimateDiff-Lightning 4-step (ComfyUI)",
        "Link": "https://huggingface.co/ByteDance/AnimateDiff-Lightning/resolve/main/comfyui/animatediff_lightning_4step_comfyui.safetensors",
        "Type": "4-step",
        "Size": "Not provided",
        "Notes": "Great generation quality."
      },
      {
        "Name": "AnimateDiff-Lightning 8-step (ComfyUI)",
        "Link": "https://huggingface.co/ByteDance/AnimateDiff-Lightning/resolve/main/comfyui/animatediff_lightning_8step_comfyui.safetensors",
        "Type": "8-step",
        "Size": "Not provided",
        "Notes": "Great generation quality."
      }
    ]
  },
  "Dataset": {
    "Name": "Not provided",
    "Sources": "Not provided",
    "Description": "Not provided"
  },
  "Model_Architecture": {
    "Architecture_Type": "Diffusion Distillation",
    "Base_Architecture": "AnimateDiff SD1.5 v2",
    "Number_Parameters": "Not provided",
    "Parameters": "Not provided",
    "Input_Type": [
      "Text",
      "Video"
    ],
    "Output_Type": "Video"
  },
  "Training_Details": {
    "Training_Data": "Not provided",
    "Preprocessing": "Not provided",
    "Hyperparameters": "Not provided"
  },
  "Evaluation": {
    "Evaluation_Data": "Not provided",
    "Performance_Metrics": "Not provided",
    "Source": "Not provided"
  },
  "Intended_Use": {
    "Task": [
      "text-to-video",
      "video-to-video"
    ]
  },
  "Bias_Risks_and_Limitations": {
    "Limitations": "Video input for video-to-video generation shouldn't be too long or too high resolution; tested with 576x1024 8 second 30fps videos."
  },
  "License": "creativeml-openrail-m"
}