{
  "Model_Description": {
    "Name": "Dolphin",
    "Description": "Dolphin is a novel multimodal document image parsing model that follows an analyze-then-parse paradigm. It addresses the challenges of complex document understanding through a two-stage approach designed to handle intertwined elements such as text paragraphs, figures, formulas, and tables."
  },
  "Model_Sources": {
    "Repository": "https://github.com/bytedance/Dolphin",
    "Paper": "Not provided",
    "Demo": "Not provided"
  },
  "Citation": "@inproceedings{dolphin2025,\n  title={Dolphin: Document Image Parsing via Heterogeneous Anchor Prompting},\n  author={Feng, Hao and Wei, Shu and Fei, Xiang and Shi, Wei and Han, Yingdong and Liao, Lei and Lu, Jinghui and Wu, Binghong and Liu, Qi and Lin, Chunhui and Tang, Jingqun and Liu, Hao and Huang, Can},\n  year={2025},\n  booktitle={Proceedings of the 65rd Annual Meeting of the Association for Computational Linguistics (ACL)}\n}",
  "Contact": {
    "Author": [
      "Feng, Hao",
      "Wei, Shu",
      "Fei, Xiang",
      "Shi, Wei",
      "Han, Yingdong",
      "Liao, Lei",
      "Lu, Jinghui",
      "Wu, Binghong",
      "Liu, Qi",
      "Lin, Chunhui",
      "Tang, Jingqun",
      "Liu, Hao",
      "Huang, Can"
    ],
    "Email": "Not provided",
    "Community": "Not provided"
  },
  "Technical_Requirements": {
    "Software": [
      "transformers"
    ],
    "Hardware": {
      "CPU": "Not provided",
      "GPU": "Not provided",
      "RAM": "Not provided",
      "Storage": "Not provided"
    }
  },
  "Access_and_Distribution": {
    "Download_Link": "Not provided",
    "Model_Variants": []
  },
  "Dataset": {
    "Name": "custom",
    "Sources": "Not provided",
    "Description": "Not provided"
  },
  "Model_Architecture": {
    "Architecture_Type": "Vision-Encoder-Decoder Transformer",
    "Base_Architecture": [
      "Swin Transformer",
      "MBart"
    ],
    "Number_Parameters": "Not provided",
    "Parameters": "Not provided",
    "Input_Type": "Image",
    "Output_Type": "Text"
  },
  "Training_Details": {
    "Training_Data": "Not provided",
    "Preprocessing": "Not provided",
    "Hyperparameters": "Not provided"
  },
  "Evaluation": {
    "Evaluation_Data": "Not provided",
    "Performance_Metrics": "Not provided",
    "Source": "Not provided"
  },
  "Intended_Use": {
    "Task": [
      "document parsing",
      "document understanding",
      "layout analysis"
    ]
  },
  "Bias_Risks_and_Limitations": {
    "Limitations": "Not provided"
  },
  "License": "MIT"
}