{
  "Model_Description": {
    "Name": "Hyper-SD",
    "Description": "Hyper-SD is a diffusion model acceleration technique that provides distilled models (LoRAs and UNets) for various base models like FLUX.1-dev, SD3-Medium, SDXL Base 1.0, and Stable-Diffusion v1-5 to enable efficient image synthesis."
  },
  "Model_Sources": {
    "Repository": "https://huggingface.co/ByteDance/Hyper-SD",
    "Paper": "https://arxiv.org/abs/2404.13686",
    "Demo": [
      "https://huggingface.co/spaces/ByteDance/Hyper-SD15-Scribble",
      "https://huggingface.co/spaces/ByteDance/Hyper-SDXL-1Step-T2I"
    ]
  },
  "Citation": "@misc{ren2024hypersd,\n      title={Hyper-SD: Trajectory Segmented Consistency Model for Efficient Image Synthesis}, \n      author={Yuxi Ren and Xin Xia and Yanzuo Lu and Jiacheng Zhang and Jie Wu and Pan Xie and Xing Wang and Xuefeng Xiao},\n      year={2024},\n      eprint={2404.13686},\n      archivePrefix={arXiv},\n      primaryClass={cs.CV}\n}",
  "Contact": {
    "Author": [
      "Yuxi Ren",
      "Xin Xia",
      "Yanzuo Lu",
      "Jiacheng Zhang",
      "Jie Wu",
      "Pan Xie",
      "Xing Wang",
      "Xuefeng Xiao"
    ],
    "Email": "Not provided",
    "Community": "Not provided"
  },
  "Technical_Requirements": {
    "Software": [
      "Python",
      "torch",
      "diffusers",
      "huggingface_hub",
      "numpy",
      "cv2",
      "PIL",
      "ComfyUI-TCD",
      "ComfyUI-HyperSDXL1StepUnetScheduler"
    ],
    "Hardware": {
      "CPU": "Not provided",
      "GPU": "Not provided",
      "RAM": "Not provided",
      "Storage": "Not provided"
    }
  },
  "Access_and_Distribution": {
    "Download_Link": "Not provided",
    "Model_Variants": [
      {
        "Name": "Hyper-FLUX.1-dev-8steps-lora.safetensors",
        "Link": "https://huggingface.co/ByteDance/Hyper-SD/blob/main/Hyper-FLUX.1-dev-8steps-lora.safetensors",
        "Type": "LoRA",
        "Size": "Not provided",
        "Notes": "8-steps, FLUX.1-dev-related"
      },
      {
        "Name": "Hyper-FLUX.1-dev-16steps-lora.safetensors",
        "Link": "https://huggingface.co/ByteDance/Hyper-SD/blob/main/Hyper-FLUX.1-dev-16steps-lora.safetensors",
        "Type": "LoRA",
        "Size": "Not provided",
        "Notes": "16-steps, FLUX.1-dev-related"
      },
      {
        "Name": "Hyper-SD3-8steps-CFG-lora.safetensors",
        "Link": "https://huggingface.co/ByteDance/Hyper-SD/blob/main/Hyper-SD3-8steps-CFG-lora.safetensors",
        "Type": "LoRA",
        "Size": "Not provided",
        "Notes": "8-steps, SD3-related"
      },
      {
        "Name": "Hyper-SDXL-12steps-CFG-LoRA.safetensors",
        "Link": "https://huggingface.co/ByteDance/Hyper-SD/blob/main/Hyper-SDXL-12steps-CFG-lora.safetensors",
        "Type": "LoRA",
        "Size": "Not provided",
        "Notes": "12-Steps CFG-Preserved, support 5~8 guidance scales"
      },
      {
        "Name": "Hyper-SD15-12steps-CFG-LoRA.safetensors",
        "Link": "https://huggingface.co/ByteDance/Hyper-SD/blob/main/Hyper-SD15-12steps-CFG-lora.safetensors",
        "Type": "LoRA",
        "Size": "Not provided",
        "Notes": "12-Steps CFG-Preserved, support 5~8 guidance scales"
      },
      {
        "Name": "Hyper-SDXL-8steps-CFG-LoRA.safetensors",
        "Link": "https://huggingface.co/ByteDance/Hyper-SD/blob/main/Hyper-SDXL-8steps-CFG-lora.safetensors",
        "Type": "LoRA",
        "Size": "Not provided",
        "Notes": "8-Steps CFG-Preserved, support 5~8 guidance scales"
      },
      {
        "Name": "Hyper-SD15-8steps-CFG-LoRA.safetensors",
        "Link": "https://huggingface.co/ByteDance/Hyper-SD/blob/main/Hyper-SD15-8steps-CFG-lora.safetensors",
        "Type": "LoRA",
        "Size": "Not provided",
        "Notes": "8-Steps CFG-Preserved, support 5~8 guidance scales"
      },
      {
        "Name": "Hyper-SDXL-1step-Unet-Comfyui.fp16.safetensors",
        "Link": "https://huggingface.co/ByteDance/Hyper-SD/blob/main/Hyper-SDXL-1step-Unet-Comfyui.fp16.safetensors",
        "Type": "UNet",
        "Size": "Not provided",
        "Notes": "1-Step SDXL UNet, fp16"
      },
      {
        "Name": "Hyper-SDXL-1step-lora.safetensors",
        "Link": "https://huggingface.co/ByteDance/Hyper-SD/blob/main/Hyper-SDXL-1step-lora.safetensors",
        "Type": "LoRA",
        "Size": "Not provided",
        "Notes": "Unified LoRA (support 1 to 8 steps inference)"
      },
      {
        "Name": "Hyper-SD15-1step-lora.safetensors",
        "Link": "https://huggingface.co/ByteDance/Hyper-SD/blob/main/Hyper-SD15-1step-lora.safetensors",
        "Type": "LoRA",
        "Size": "Not provided",
        "Notes": "Unified LoRA (support 1 to 8 steps inference)"
      },
      {
        "Name": "Hyper-SDXL-2steps-lora.safetensors",
        "Link": "https://huggingface.co/ByteDance/Hyper-SD/blob/main/Hyper-SDXL-2steps-lora.safetensors",
        "Type": "LoRA",
        "Size": "Not provided",
        "Notes": "2-Steps"
      },
      {
        "Name": "Hyper-SD15-2steps-lora.safetensors",
        "Link": "https://huggingface.co/ByteDance/Hyper-SD/blob/main/Hyper-SD15-2steps-lora.safetensors",
        "Type": "LoRA",
        "Size": "Not provided",
        "Notes": "2-Steps"
      }
    ]
  },
  "Dataset": {
    "Name": "Not provided",
    "Sources": "Not provided",
    "Description": "Not provided"
  },
  "Model_Architecture": {
    "Architecture_Type": "Diffusion Model Acceleration Technique",
    "Base_Architecture": [
      "FLUX.1-dev",
      "SD3-Medium",
      "SDXL Base 1.0",
      "Stable-Diffusion v1-5"
    ],
    "Number_Parameters": "Not provided",
    "Parameters": "Not provided",
    "Input_Type": [
      "Text",
      "Image-Text"
    ],
    "Output_Type": "Image"
  },
  "Training_Details": {
    "Training_Data": "Not provided",
    "Preprocessing": "Image preprocessing for ControlNet includes loading the original image, converting it to a NumPy array, applying Canny edge detection with low_threshold=100 and high_threshold=200, reshaping the image array, concatenating channels, and converting back to a PIL Image.",
    "Hyperparameters": "Not provided"
  },
  "Evaluation": {
    "Evaluation_Data": "Not provided",
    "Performance_Metrics": "Not provided",
    "Source": "Not provided"
  },
  "Intended_Use": {
    "Task": [
      "text-to-image",
      "image-to-image"
    ]
  },
  "Bias_Risks_and_Limitations": {
    "Limitations": "Not provided"
  },
  "License": "Not provided"
}