{
  "Model_Description": {
    "Name": "ByteDance/LatentSync-1.6",
    "Description": "LatentSync 1.6 is a model trained on 512 x 512 resolution videos to address blurriness in generated teeth and lips, improving upon LatentSync 1.5."
  },
  "Model_Sources": {
    "Repository": "https://github.com/bytedance/LatentSync",
    "Paper": "https://arxiv.org/abs/2412.09262",
    "Demo": "https://github.com/bytedance/LatentSync/blob/main/docs/changelog_v1.6.md"
  },
  "Citation": "Not provided",
  "Contact": {
    "Author": "Not provided",
    "Email": "Not provided",
    "Community": "Not provided"
  },
  "Technical_Requirements": {
    "Software": "Not provided",
    "Hardware": {
      "CPU": "Not provided",
      "GPU": "Not provided",
      "RAM": "Not provided",
      "Storage": "Not provided"
    }
  },
  "Access_and_Distribution": {
    "Download_Link": "Not provided",
    "Model_Variants": []
  },
  "Dataset": {
    "Name": "Not provided",
    "Sources": "Not provided",
    "Description": "Videos with 512 x 512 resolution used for training."
  },
  "Model_Architecture": {
    "Architecture_Type": "Not provided",
    "Base_Architecture": "Not provided",
    "Number_Parameters": "Not provided",
    "Parameters": "Not provided",
    "Input_Type": "Not provided",
    "Output_Type": "Not provided"
  },
  "Training_Details": {
    "Training_Data": "Not provided",
    "Preprocessing": "Upgrading the training dataset to 512 x 512 videos.",
    "Hyperparameters": "Not provided"
  },
  "Evaluation": {
    "Evaluation_Data": "Not provided",
    "Performance_Metrics": "Not provided",
    "Source": "Not provided"
  },
  "Intended_Use": {
    "Task": [
      "lipsync",
      "video-editing"
    ]
  },
  "Bias_Risks_and_Limitations": {
    "Limitations": "Previous versions of the model (LatentSync 1.5) were reported to generate blurry teeth and lips."
  },
  "License": "openrail++"
}