{
  "Model_Description": {
    "Name": "ByteDance/SDXL-Lightning",
    "Description": "SDXL-Lightning is a lightning-fast text-to-image generation model. It can generate high-quality 1024px images in a few steps."
  },
  "Model_Sources": {
    "Repository": "https://huggingface.co/ByteDance/SDXL-Lightning",
    "Paper": "https://arxiv.org/abs/2402.13929",
    "Demo": "https://huggingface.co/spaces/ByteDance/SDXL-Lightning"
  },
  "Citation": "@misc{lin2024sdxllightning,\n      title={SDXL-Lightning: Progressive Adversarial Diffusion Distillation}, \n      author={Shanchuan Lin and Anran Wang and Xiao Yang},\n      year={2024},\n      eprint={2402.13929},\n      archivePrefix={arXiv},\n      primaryClass={cs.CV}\n}",
  "Contact": {
    "Author": [
      "Shanchuan Lin",
      "Anran Wang",
      "Xiao Yang"
    ],
    "Email": "Not provided",
    "Community": "Not provided"
  },
  "Technical_Requirements": {
    "Software": [
      "Python",
      "torch",
      "diffusers",
      "huggingface_hub",
      "safetensors"
    ],
    "Hardware": {
      "CPU": "Not provided",
      "GPU": "NVIDIA (CUDA compatible)",
      "RAM": "Not provided",
      "Storage": "Not provided"
    }
  },
  "Access_and_Distribution": {
    "Download_Link": "",
    "Model_Variants": [
      {
        "Name": "sdxl_lightning_Nstep.safetensors",
        "Link": "https://huggingface.co/ByteDance/SDXL-Lightning/blob/main/sdxl_lightning_Nstep.safetensors",
        "Type": "All-in-one checkpoint",
        "Size": "Not provided",
        "Notes": "For ComfyUI. Available for 2-step, 4-step, 8-step distilled models."
      },
      {
        "Name": "sdxl_lightning_Nstep_unet.safetensors",
        "Link": "https://huggingface.co/ByteDance/SDXL-Lightning/blob/main/sdxl_lightning_Nstep_unet.safetensors",
        "Type": "UNet checkpoint",
        "Size": "Not provided",
        "Notes": "For Diffusers. Best quality. Available for 2-step, 4-step, 8-step distilled models."
      },
      {
        "Name": "sdxl_lightning_Nstep_lora.safetensors",
        "Link": "https://huggingface.co/ByteDance/SDXL-Lightning/blob/main/sdxl_lightning_Nstep_lora.safetensors",
        "Type": "LoRA checkpoint",
        "Size": "Not provided",
        "Notes": "For Diffusers and ComfyUI. Can be applied to other base models. Available for 2-step, 4-step, 8-step distilled models."
      },
      {
        "Name": "sdxl_lightning_1step_unet_x0.safetensors",
        "Link": "https://huggingface.co/ByteDance/SDXL-Lightning/blob/main/sdxl_lightning_1step_unet_x0.safetensors",
        "Type": "UNet checkpoint",
        "Size": "Not provided",
        "Notes": "1-step experimental, quality much less stable. For Diffusers."
      },
      {
        "Name": "sdxl_lightning_1step_x0.safetensors",
        "Link": "https://huggingface.co/ByteDance/SDXL-Lightning/blob/main/sdxl_lightning_1step_x0.safetensors",
        "Type": "All-in-one checkpoint",
        "Size": "Not provided",
        "Notes": "1-step experimental, quality much less stable. For ComfyUI."
      }
    ]
  },
  "Dataset": {
    "Name": "Not provided",
    "Sources": "Not provided",
    "Description": "Not provided"
  },
  "Model_Architecture": {
    "Architecture_Type": "Latent Diffusion Model",
    "Base_Architecture": "Stable Diffusion XL",
    "Number_Parameters": "Not provided",
    "Parameters": "Not provided",
    "Input_Type": "Text",
    "Output_Type": "Image"
  },
  "Training_Details": {
    "Training_Data": "Not provided",
    "Preprocessing": "Not provided",
    "Hyperparameters": "Not provided"
  },
  "Evaluation": {
    "Evaluation_Data": "Not provided",
    "Performance_Metrics": "Not provided",
    "Source": "Not provided"
  },
  "Intended_Use": {
    "Task": [
      "text-to-image generation"
    ]
  },
  "Bias_Risks_and_Limitations": {
    "Limitations": "The 1-step model is experimental and its quality is much less stable compared to the 2-step, 4-step, and 8-step models."
  },
  "License": "openrail++"
}