{
  "Model_Description": {
    "Name": "autogluon/chronos-bolt-tiny",
    "Description": "Chronos-Bolt is a family of pretrained time series forecasting models which can be used for zero-shot forecasting. It is based on the T5 encoder-decoder architecture and has been trained on nearly 100 billion time series observations."
  },
  "Model_Sources": {
    "Repository": "https://huggingface.co/autogluon/chronos-bolt-tiny",
    "Paper": "https://arxiv.org/abs/2403.07815",
    "Demo": "Not provided"
  },
  "Citation": "@article{ansari2024chronos,\n    title={Chronos: Learning the Language of Time Series},\n    author={Ansari, Abdul Fatir and Stella, Lorenzo and Turkmen, Caner and Zhang, Xiyuan, and Mercado, Pedro and Shen, Huibin and Shchur, Oleksandr and Rangapuram, Syama Syndar and Pineda Arango, Sebastian and Kapoor, Shubham and Zschiegner, Jasper and Maddix, Danielle C. and Mahoney, Michael W. and Torkkola, Kari and Gordon Wilson, Andrew and Bohlke-Schneider, Michael and Wang, Yuyang},\n    journal={Transactions on Machine Learning Research},\n    issn={2835-8856},\n    year={2024},\n    url={https://openreview.net/forum?id=gerNCVqqtR}\n}",
  "Contact": {
    "Author": "Not provided",
    "Email": "Not provided",
    "Community": "Not provided"
  },
  "Technical_Requirements": {
    "Software": [
      "autogluon",
      "sagemaker"
    ],
    "Hardware": {
      "CPU": "Not provided",
      "GPU": "Not provided",
      "RAM": "Not provided",
      "Storage": "Not provided"
    }
  },
  "Access_and_Distribution": {
    "Download_Link": "https://huggingface.co/autogluon/chronos-bolt-tiny",
    "Model_Variants": [
      {
        "Name": "chronos-bolt-tiny",
        "Link": "https://huggingface.co/autogluon/chronos-bolt-tiny",
        "Type": "Not provided",
        "Size": "Not provided",
        "Notes": "9M parameters"
      },
      {
        "Name": "chronos-bolt-mini",
        "Link": "https://huggingface.co/autogluon/chronos-bolt-mini",
        "Type": "Not provided",
        "Size": "Not provided",
        "Notes": "21M parameters"
      },
      {
        "Name": "chronos-bolt-small",
        "Link": "https://huggingface.co/autogluon/chronos-bolt-small",
        "Type": "Not provided",
        "Size": "Not provided",
        "Notes": "48M parameters"
      },
      {
        "Name": "chronos-bolt-base",
        "Link": "https://huggingface.co/autogluon/chronos-bolt-base",
        "Type": "Not provided",
        "Size": "Not provided",
        "Notes": "205M parameters"
      }
    ]
  },
  "Dataset": {
    "Name": "Not provided",
    "Sources": "Not provided",
    "Description": "Not provided"
  },
  "Model_Architecture": {
    "Architecture_Type": "Encoder-Decoder Transformer",
    "Base_Architecture": "t5-efficient-tiny",
    "Number_Parameters": "9M",
    "Parameters": "Not provided",
    "Input_Type": "Time Series",
    "Output_Type": "Time Series Forecasts"
  },
  "Training_Details": {
    "Training_Data": "Not provided",
    "Preprocessing": "Chunks the historical time series context into patches of multiple observations.",
    "Hyperparameters": "Not provided"
  },
  "Evaluation": {
    "Evaluation_Data": "27 datasets",
    "Performance_Metrics": "Not provided",
    "Source": "https://arxiv.org/abs/2403.07815"
  },
  "Intended_Use": {
    "Task": [
      "time-series-forecasting"
    ]
  },
  "Bias_Risks_and_Limitations": {
    "Limitations": "Not provided"
  },
  "License": "Apache-2.0"
}