{
  "Model_Description": {
    "Name": "autogluon/mitra-classifier",
    "Description": "Mitra classifier is a tabular foundation model that is pre-trained on purely synthetic datasets sampled from a mix of random classifiers."
  },
  "Model_Sources": {
    "Repository": "Not provided",
    "Paper": "Not provided",
    "Demo": "Not provided"
  },
  "Citation": "Not provided",
  "Contact": {
    "Author": "Not provided",
    "Email": "Not provided",
    "Community": "Not provided"
  },
  "Technical_Requirements": {
    "Software": [
      "autogluon.tabular[mitra]"
    ],
    "Hardware": {
      "CPU": "Not provided",
      "GPU": "Not provided",
      "RAM": "Not provided",
      "Storage": "Not provided"
    }
  },
  "Access_and_Distribution": {
    "Download_Link": "Not provided",
    "Model_Variants": []
  },
  "Dataset": {
    "Name": "purely synthetic datasets",
    "Sources": "Not provided",
    "Description": "purely synthetic datasets sampled from a mix of random classifiers"
  },
  "Model_Architecture": {
    "Architecture_Type": "Transformer",
    "Base_Architecture": "Not provided",
    "Number_Parameters": "72 M",
    "Parameters": {
      "number of layers": 12
    },
    "Input_Type": "Tabular data",
    "Output_Type": "Tabular classification output"
  },
  "Training_Details": {
    "Training_Data": "purely synthetic datasets",
    "Preprocessing": "Not provided",
    "Hyperparameters": {
      "fine_tune": true,
      "fine_tune_steps": 10,
      "time_limit": 120
    }
  },
  "Evaluation": {
    "Evaluation_Data": "Wine dataset",
    "Performance_Metrics": "Not provided",
    "Source": "Not provided"
  },
  "Intended_Use": {
    "Task": [
      "tabular-classification"
    ]
  },
  "Bias_Risks_and_Limitations": {
    "Limitations": "Not provided"
  },
  "License": "Apache-2.0"
}