{
  "Model_Description": {
    "Name": "autogluon/mitra-regressor",
    "Description": "Mitra regressor is a tabular foundation model that is pre-trained on purely synthetic datasets sampled from a mix of random regressors."
  },
  "Model_Sources": {
    "Repository": "Not provided",
    "Paper": "Not provided",
    "Demo": "Not provided"
  },
  "Citation": "Not provided",
  "Contact": {
    "Author": "Not provided",
    "Email": "Not provided",
    "Community": "Not provided"
  },
  "Technical_Requirements": {
    "Software": [
      "uv",
      "autogluon.tabular[mitra]",
      "pandas",
      "scikit-learn"
    ],
    "Hardware": {
      "CPU": "Not provided",
      "GPU": "Not provided",
      "RAM": "Not provided",
      "Storage": "Not provided"
    }
  },
  "Access_and_Distribution": {
    "Download_Link": "Not provided",
    "Model_Variants": []
  },
  "Dataset": {
    "Name": "Not provided",
    "Sources": "Not provided",
    "Description": "purely synthetic datasets sampled from a mix of random regressors"
  },
  "Model_Architecture": {
    "Architecture_Type": "Transformer",
    "Base_Architecture": "Transformer",
    "Number_Parameters": "72M",
    "Parameters": {
      "number of layers": 12
    },
    "Input_Type": "Tabular",
    "Output_Type": "Numerical"
  },
  "Training_Details": {
    "Training_Data": "Not provided",
    "Preprocessing": "Not provided",
    "Hyperparameters": {
      "fine_tune": false
    }
  },
  "Evaluation": {
    "Evaluation_Data": "Not provided",
    "Performance_Metrics": "Not provided",
    "Source": "Not provided"
  },
  "Intended_Use": {
    "Task": [
      "tabular regression"
    ]
  },
  "Bias_Risks_and_Limitations": {
    "Limitations": "Not provided"
  },
  "License": "Apache-2.0"
}