{
  "Model_Description": {
    "Name": "autogluon/tabpfn-mix-1.0-classifier",
    "Description": "TabPFNMix classifier is a tabular foundation model that is pre-trained on purely synthetic datasets sampled from a mix of random classifiers."
  },
  "Model_Sources": {
    "Repository": "Not provided",
    "Paper": "Not provided",
    "Demo": "Not provided"
  },
  "Citation": [
    "@article{erickson2020autogluon,\n  title={Autogluon-tabular: Robust and accurate automl for structured data},\n  author={Erickson, Nick and Mueller, Jonas and Shirkov, Alexander and Zhang, Hang and Larroy, Pedro and Li, Mu and Smola, Alexander},\n  journal={arXiv preprint arXiv:2003.06505},\n  year={2020}\n}",
    "@article{hollmann2022tabpfn,\n  title={Tabpfn: A transformer that solves small tabular classification problems in a second},\n  author={Hollmann, Noah and M{\"u}ller, Samuel and Eggensperger, Katharina and Hutter, Frank},\n  journal={arXiv preprint arXiv:2207.01848},\n  year={2022}\n}",
    "@article{breejen2024context,\n  title={Why In-Context Learning Transformers are Tabular Data Classifiers},\n  author={Breejen, Felix den and Bae, Sangmin and Cha, Stephen and Yun, Se-Young},\n  journal={arXiv preprint arXiv:2405.13396},\n  year={2024}\n}"
  ],
  "Contact": {
    "Author": "Not provided",
    "Email": "Not provided",
    "Community": "Not provided"
  },
  "Technical_Requirements": {
    "Software": [
      "autogluon",
      "pandas"
    ],
    "Hardware": {
      "CPU": "Not provided",
      "GPU": "Not provided",
      "RAM": "Not provided",
      "Storage": "Not provided"
    }
  },
  "Access_and_Distribution": {
    "Download_Link": "Not provided",
    "Model_Variants": []
  },
  "Dataset": {
    "Name": "Inc dataset",
    "Sources": [
      "https://autogluon.s3.amazonaws.com/datasets/Inc/train.csv",
      "https://autogluon.s3.amazonaws.com/datasets/Inc/test.csv"
    ],
    "Description": "Not provided"
  },
  "Model_Architecture": {
    "Architecture_Type": "Encoder-Decoder Transformer",
    "Base_Architecture": "Transformer",
    "Number_Parameters": "37M",
    "Parameters": {
      "number_of_layers": 12
    },
    "Input_Type": "Tabular data",
    "Output_Type": "Classification label"
  },
  "Training_Details": {
    "Training_Data": "Inc dataset",
    "Preprocessing": "Subsampling to 5000 samples",
    "Hyperparameters": {
      "n_ensembles": 1,
      "max_epochs": 30
    }
  },
  "Evaluation": {
    "Evaluation_Data": "Inc dataset",
    "Performance_Metrics": "Not provided",
    "Source": "Not provided"
  },
  "Intended_Use": {
    "Task": [
      "tabular classification"
    ]
  },
  "Bias_Risks_and_Limitations": {
    "Limitations": "Not provided"
  },
  "License": "Apache-2.0"
}