{
  "Model_Description": {
    "Name": "alefiury/wav2vec2-large-xlsr-53-gender-recognition-librispeech",
    "Description": "This model is a fine-tuned version of facebook/wav2vec2-xls-r-300m on Librispeech-clean-100 for gender recognition."
  },
  "Model_Sources": {
    "Repository": "https://huggingface.co/alefiury/wav2vec2-large-xlsr-53-gender-recognition-librispeech",
    "Paper": "Not provided",
    "Demo": "Not provided"
  },
  "Citation": "Not provided",
  "Contact": {
    "Author": "Not provided",
    "Email": "Not provided",
    "Community": []
  },
  "Technical_Requirements": {
    "Software": [
      "Transformers 4.28.0",
      "Pytorch 2.0.0+cu118",
      "Tokenizers 0.13.3"
    ],
    "Hardware": {
      "CPU": "Not provided",
      "GPU": "Not provided",
      "RAM": "Not provided",
      "Storage": "Not provided"
    }
  },
  "Access_and_Distribution": {
    "Download_Link": "",
    "Model_Variants": []
  },
  "Dataset": {
    "Name": "Librispeech-clean-100",
    "Sources": "Not provided",
    "Description": "Not provided"
  },
  "Model_Architecture": {
    "Architecture_Type": "Encoder-only Transformer",
    "Base_Architecture": "facebook/wav2vec2-xls-r-300m",
    "Number_Parameters": "Not provided",
    "Parameters": "Not provided",
    "Input_Type": "Audio",
    "Output_Type": "Text"
  },
  "Training_Details": {
    "Training_Data": "Librispeech-clean-100",
    "Preprocessing": "Audio loaded with torchaudio. Stereo audio converted to mono by taking the mean. Audio resampled to 16000 Hz if needed. Audio padded or truncated to a fixed length of 5 seconds. Features extracted using AutoFeatureExtractor and Wav2Vec2Processor. Padding applied for batch processing.",
    "Hyperparameters": {
      "learning_rate": "3e-05",
      "train_batch_size": "4",
      "eval_batch_size": "4",
      "seed": "42",
      "gradient_accumulation_steps": "4",
      "total_train_batch_size": "16",
      "optimizer": "Adam with betas=(0.9,0.999) and epsilon=1e-08",
      "lr_scheduler_type": "linear",
      "lr_scheduler_warmup_ratio": "0.1",
      "num_epochs": "1",
      "mixed_precision_training": "Native AMP"
    }
  },
  "Evaluation": {
    "Evaluation_Data": "Librispeech-clean-100",
    "Performance_Metrics": {
      "Loss": 0.0061,
      "F1": 0.9993
    },
    "Source": "Not provided"
  },
  "Intended_Use": {
    "Task": [
      "gender recognition"
    ]
  },
  "Bias_Risks_and_Limitations": {
    "Limitations": "Not provided"
  },
  "License": "apache-2.0"
}