{
  "Model_Description": {
    "Name": "avemio/German-RAG-UAE-LARGE-V1-TRIPLES-MERGED-HESSIAN-AI",
    "Description": "This is a sentence-transformers model trained on a dataset with roughly 300k Triple-Samples. It maps sentences & paragraphs to a 1024-dimensional dense vector space and can be used for semantic textual similarity, semantic search, paraphrase mining, text classification, clustering, and more."
  },
  "Model_Sources": {
    "Repository": "https://github.com/UKPLab/sentence-transformers",
    "Paper": "Not provided",
    "Demo": "Not provided"
  },
  "Citation": "@article{li2023angle,\n  title={AnglE-optimized Text Embeddings},\n  author={Li, Xianming and Li, Jing},\n  journal={arXiv preprint arXiv:2309.12871},\n  year={2023}\n}",
  "Contact": {
    "Author": [
      "Marcel Rosiak",
      "Soumya Paul",
      "Siavash Mollaebrahim",
      "Zain ul Haq"
    ],
    "Email": "Not provided",
    "Community": "Not provided"
  },
  "Technical_Requirements": {
    "Software": [
      "Python: 3.10.12",
      "Sentence Transformers: 3.2.1",
      "Transformers: 4.44.2",
      "PyTorch: 2.5.0+cu121",
      "Accelerate: 0.34.2",
      "Datasets: 2.19.0",
      "Tokenizers: 0.19.1"
    ],
    "Hardware": {
      "CPU": "Not provided",
      "GPU": "Not provided",
      "RAM": "Not provided",
      "Storage": "Not provided"
    }
  },
  "Access_and_Distribution": {
    "Download_Link": "Not provided",
    "Model_Variants": []
  },
  "Dataset": {
    "Name": "avemio/German-RAG-EMBEDDING-TRIPLES-HESSIAN-AI",
    "Sources": "https://huggingface.co/datasets/avemio/German-RAG-Embedding-Triples-Hessian-AI",
    "Description": "Dataset with roughly 300k Triple-Samples used for training a sentence-transformers model."
  },
  "Model_Architecture": {
    "Architecture_Type": "Sentence Transformer",
    "Base_Architecture": "BertModel",
    "Number_Parameters": "Not provided",
    "Parameters": {
      "Maximum Sequence Length": 512,
      "Output Dimensionality": 1024,
      "Similarity Function": "Cosine Similarity"
    },
    "Input_Type": "Text",
    "Output_Type": "Vector Embeddings"
  },
  "Training_Details": {
    "Training_Data": "avemio/German-RAG-EMBEDDING-TRIPLES-HESSIAN-AI",
    "Preprocessing": "Not provided",
    "Hyperparameters": "Not provided"
  },
  "Evaluation": {
    "Evaluation_Data": [
      "MTEB-Tasks",
      "German-RAG-EMBEDDING-BENCHMARK"
    ],
    "Performance_Metrics": {
      "AmazonCounterfactualClassification": 0.5401,
      "AmazonReviewsClassification": 0.2782,
      "FalseFriendsGermanEnglish": 0.4703,
      "GermanQuAD-Retrieval": 0.8628,
      "GermanSTSBenchmark": 0.6754,
      "MassiveIntentClassification": 0.4714,
      "MassiveScenarioClassification": 0.6111,
      "GermanDPR": 0.7507,
      "MTOPDomainClassification": 0.7686,
      "MTOPIntentClassification": 0.4413,
      "PawsXPairClassification": 0.5162,
      "German-RAG-EMBEDDING-BENCHMARK Accuracy": 0.8771
    },
    "Source": "https://huggingface.co/datasets/avemio/German-RAG-EMBEDDING-BENCHMARK"
  },
  "Intended_Use": {
    "Task": [
      "semantic textual similarity",
      "semantic search",
      "paraphrase mining",
      "text classification",
      "clustering"
    ]
  },
  "Bias_Risks_and_Limitations": {
    "Limitations": "Not provided"
  },
  "License": "MIT"
}