{
  "Model_Description": {
    "Name": "anuashok/ocr-captcha-v3",
    "Description": "This model is a fine-tuned version of microsoft/trocr-base-printed for Optical Character Recognition (OCR) on Captcha images."
  },
  "Model_Sources": {
    "Repository": "https://huggingface.co/anuashok/ocr-captcha-v3",
    "Paper": "Not provided",
    "Demo": "Not provided"
  },
  "Citation": "Not provided",
  "Contact": {
    "Author": "Not provided",
    "Email": "Not provided",
    "Community": "Not provided"
  },
  "Technical_Requirements": {
    "Software": [
      "transformers",
      "torch",
      "PIL"
    ],
    "Hardware": {
      "CPU": "Not provided",
      "GPU": "Not provided",
      "RAM": "Not provided",
      "Storage": "Not provided"
    }
  },
  "Access_and_Distribution": {
    "Download_Link": "https://huggingface.co/anuashok/ocr-captcha-v3",
    "Model_Variants": []
  },
  "Dataset": {
    "Name": "custom-captcha-dataset",
    "Sources": "Not provided",
    "Description": "Dataset containing Captcha images."
  },
  "Model_Architecture": {
    "Architecture_Type": "Encoder-Decoder Transformer",
    "Base_Architecture": "microsoft/trocr-base-printed",
    "Number_Parameters": "Not provided",
    "Parameters": "Not provided",
    "Input_Type": "Image",
    "Output_Type": "Text"
  },
  "Training_Details": {
    "Training_Data": "custom-captcha-dataset",
    "Preprocessing": "Image conversion to RGB, RGBA, alpha-compositing with white background, TrOCRProcessor for pixel value preparation.",
    "Hyperparameters": {
      "Learning Rate": 1.5078922700531405e-05,
      "Batch Size": 16,
      "Num Epochs": 7,
      "Warmup Ratio": 0.14813004670666596,
      "Weight Decay": 0.017176551931326833,
      "Num Beams": 2,
      "Length Penalty": 1.3612823161368288
    }
  },
  "Evaluation": {
    "Evaluation_Data": "Not provided",
    "Performance_Metrics": {
      "CER": 0.01394585726004922
    },
    "Source": "Not provided"
  },
  "Intended_Use": {
    "Task": [
      "Optical Character Recognition",
      "Captcha Recognition"
    ]
  },
  "Bias_Risks_and_Limitations": {
    "Limitations": "Not provided"
  },
  "License": "apache-2.0"
}