{
  "Model_Description": {
    "Name": "allegro/herbert-base-cased",
    "Description": "HerBERT is a BERT-based Language Model trained on Polish corpora using Masked Language Modelling (MLM) and Sentence Structural Objective (SSO) with dynamic masking of whole words."
  },
  "Model_Sources": {
    "Repository": "Not provided",
    "Paper": "https://www.aclweb.org/anthology/2021.bsnlp-1.1/",
    "Demo": "Not provided"
  },
  "Citation": "@inproceedings{mroczkowski-etal-2021-herbert,\n    title = \"{H}er{BERT}: Efficiently Pretrained Transformer-based Language Model for {P}olish\",\n    author = \"Mroczkowski, Robert  and\n      Rybak, Piotr  and\n      Wr{\\'o}blewska, Alina  and\n      Gawlik, Ireneusz\",\n    booktitle = \"Proceedings of the 8th Workshop on Balto-Slavic Natural Language Processing\",\n    month = apr,\n    year = \"2021\",\n    address = \"Kiyv, Ukraine\",\n    publisher = \"Association for Computational Linguistics\",\n    url = \"https://www.aclweb.org/anthology/2021.bsnlp-1.1\",\n    pages = \"1--10\",\n}",
  "Contact": {
    "Author": [
      "Machine Learning Research Team at Allegro",
      "Linguistic Engineering Group at Institute of Computer Science, Polish Academy of Sciences"
    ],
    "Email": "klejbenchmark@allegro.pl",
    "Community": "Not provided"
  },
  "Technical_Requirements": {
    "Software": [
      "transformers 2.9",
      "tokenizers"
    ],
    "Hardware": {
      "CPU": "Not provided",
      "GPU": "Not provided",
      "RAM": "Not provided",
      "Storage": "Not provided"
    }
  },
  "Access_and_Distribution": {
    "Download_Link": "Not provided",
    "Model_Variants": []
  },
  "Dataset": {
    "Name": [
      "CCNet Middle",
      "CCNet Head",
      "National Corpus of Polish",
      "Open Subtitles",
      "Wikipedia",
      "Wolne Lektury"
    ],
    "Sources": [
      "https://github.com/facebookresearch/cc_net",
      "https://github.com/facebookresearch/cc_net",
      "http://nkjp.pl/index.php?page=14&lang=1",
      "http://opus.nlpl.eu/OpenSubtitles-v2018.php",
      "https://dumps.wikimedia.org/",
      "https://wolnelektury.pl/"
    ],
    "Description": "Six different corpora available for Polish language, including web crawls (CCNet), a national corpus, subtitles, Wikipedia, and a literary collection."
  },
  "Model_Architecture": {
    "Architecture_Type": "Transformer",
    "Base_Architecture": "BERT",
    "Number_Parameters": "Not provided",
    "Parameters": "Not provided",
    "Input_Type": "Text",
    "Output_Type": "Text"
  },
  "Training_Details": {
    "Training_Data": [
      "CCNet Middle",
      "CCNet Head",
      "National Corpus of Polish",
      "Open Subtitles",
      "Wikipedia",
      "Wolne Lektury"
    ],
    "Preprocessing": "The training dataset was tokenized into subwords using a character level byte-pair encoding (CharBPETokenizer) with a vocabulary size of 50k tokens.",
    "Hyperparameters": "Not provided"
  },
  "Evaluation": {
    "Evaluation_Data": "Not provided",
    "Performance_Metrics": "Not provided",
    "Source": "Not provided"
  },
  "Intended_Use": {
    "Task": [
      "Language Modeling"
    ]
  },
  "Bias_Risks_and_Limitations": {
    "Limitations": "Not provided"
  },
  "License": "CC BY 4.0"
}