{
  "Model_Description": {
    "Name": "bionlp/bluebert_pubmed_mimic_uncased_L-12_H-768_A-12",
    "Description": "A BERT model pre-trained on PubMed abstracts and clinical notes (MIMIC-III)."
  },
  "Model_Sources": {
    "Repository": "https://github.com/ncbi-nlp/bluebert",
    "Paper": "Not provided",
    "Demo": "Not provided"
  },
  "Citation": "@InProceedings{peng2019transfer,\n  author    = {Yifan Peng and Shankai Yan and Zhiyong Lu},\n  title     = {Transfer Learning in Biomedical Natural Language Processing: An Evaluation of BERT and ELMo on Ten Benchmarking Datasets},\n  booktitle = {Proceedings of the 2019 Workshop on Biomedical Natural Language Processing (BioNLP 2019)},\n  year      = {2019},\n  pages     = {58--65},\n}",
  "Contact": {
    "Author": [
      "Yifan Peng",
      "Shankai Yan",
      "Zhiyong Lu"
    ],
    "Email": "Not provided",
    "Community": "Not provided"
  },
  "Technical_Requirements": {
    "Software": [
      "NLTK"
    ],
    "Hardware": {
      "CPU": "Not provided",
      "GPU": "Not provided",
      "RAM": "Not provided",
      "Storage": "Not provided"
    }
  },
  "Access_and_Distribution": {
    "Download_Link": "Not provided",
    "Model_Variants": []
  },
  "Dataset": {
    "Name": [
      "PubMed",
      "MIMIC-III"
    ],
    "Sources": [
      "https://mimic.physionet.org/",
      "https://ftp.ncbi.nlm.nih.gov/pub/lu/Suppl/NCBI-BERT/pubmed_uncased_sentence_nltk.txt.tar.gz",
      "https://www.ncbi.nlm.nih.gov/research/bionlp/APIs/BioC-PubMed/"
    ],
    "Description": "The dataset consists of PubMed abstracts and clinical notes from MIMIC-III. The PubMed corpus contains approximately 4000M words extracted from the PubMed ASCII code version."
  },
  "Model_Architecture": {
    "Architecture_Type": "Transformer",
    "Base_Architecture": "BERT",
    "Number_Parameters": "Not provided",
    "Parameters": "Not provided",
    "Input_Type": "Text",
    "Output_Type": "Text"
  },
  "Training_Details": {
    "Training_Data": [
      "PubMed texts",
      "MIMIC-III"
    ],
    "Preprocessing": "lowercasing the text, removing special chars `\\x00` - `\\x7F`, tokenizing the text using the NLTK Treebank tokenizer.",
    "Hyperparameters": "Not provided"
  },
  "Evaluation": {
    "Evaluation_Data": "Not provided",
    "Performance_Metrics": "Not provided",
    "Source": "Not provided"
  },
  "Intended_Use": {
    "Task": [
      "Biomedical Natural Language Processing"
    ]
  },
  "Bias_Risks_and_Limitations": {
    "Limitations": "This tool's information is not intended for direct diagnostic use or medical decision-making without review by a clinical professional. Individuals should not change health behavior solely based on this information, and NIH does not independently verify its validity or utility."
  },
  "License": "cc0-1.0"
}