{
  "Model_Description": {
    "Name": "cambridgeltl/SapBERT-from-PubMedBERT-fulltext-mean-token",
    "Description": "SapBERT is a model trained with UMLS 2020AA (English only), using PubMedBERT as its base model. It is designed to extract embeddings from entity names by using mean-pooling of the output representation."
  },
  "Model_Sources": {
    "Repository": "https://github.com/cambridgeltl/sapbert",
    "Paper": "https://arxiv.org/pdf/2010.11784.pdf",
    "Demo": "Not provided"
  },
  "Citation": "@inproceedings{liu-etal-2021-self,\n    title = \"Self-Alignment Pretraining for Biomedical Entity Representations\",\n    author = \"Liu, Fangyu  and\n      Shareghi, Ehsan  and\n      Meng, Zaiqiao  and\n      Basaldella, Marco  and\n      Collier, Nigel\",\n    booktitle = \"Proceedings of the 2021 Conference of the North American Chapter of the Association for Computational Linguistics: Human Language Technologies\",\n    month = jun,\n    year = \"2021\",\n    address = \"Online\",\n    publisher = \"Association for Computational Linguistics\",\n    url = \"https://www.aclweb.org/anthology/2021.naacl-main.334\",\n    pages = \"4228--4238\",\n    abstract = \"Despite the widespread success of self-supervised learning via masked language models (MLM), accurately capturing fine-grained semantic relationships in the biomedical domain remains a challenge. This is of paramount importance for entity-level tasks such as entity linking where the ability to model entity relations (especially synonymy) is pivotal. To address this challenge, we propose SapBERT, a pretraining scheme that self-aligns the representation space of biomedical entities. We design a scalable metric learning framework that can leverage UMLS, a massive collection of biomedical ontologies with 4M+ concepts. In contrast with previous pipeline-based hybrid systems, SapBERT offers an elegant one-model-for-all solution to the problem of medical entity linking (MEL), achieving a new state-of-the-art (SOTA) on six MEL benchmarking datasets. In the scientific domain, we achieve SOTA even without task-specific supervision. With substantial improvement over various domain-specific pretrained MLMs such as BioBERT, SciBERTand and PubMedBERT, our pretraining scheme proves to be both effective and robust.\",\n}",
  "Contact": {
    "Author": [
      "Liu, Fangyu",
      "Shareghi, Ehsan",
      "Meng, Zaiqiao",
      "Basaldella, Marco",
      "Collier, Nigel"
    ],
    "Email": "Not provided",
    "Community": [
      "https://github.com/cambridgeltl/sapbert"
    ]
  },
  "Technical_Requirements": {
    "Software": [
      "numpy",
      "torch",
      "tqdm",
      "transformers"
    ],
    "Hardware": {
      "CPU": "Not provided",
      "GPU": "NVIDIA GPU",
      "RAM": "Not provided",
      "Storage": "Not provided"
    }
  },
  "Access_and_Distribution": {
    "Download_Link": "Not provided",
    "Model_Variants": []
  },
  "Dataset": {
    "Name": "UMLS",
    "Sources": "https://www.nlm.nih.gov/research/umls/licensedcontent/umlsknowledgesources.html",
    "Description": "UMLS 2020AA (English only)."
  },
  "Model_Architecture": {
    "Architecture_Type": "Encoder-only Transformer",
    "Base_Architecture": "microsoft/BiomedNLP-PubMedBERT-base-uncased-abstract-fulltext",
    "Number_Parameters": "Not provided",
    "Parameters": "Not provided",
    "Input_Type": "Text",
    "Output_Type": "Embeddings"
  },
  "Training_Details": {
    "Training_Data": "UMLS 2020AA (English only)",
    "Preprocessing": "Input strings are tokenized using `tokenizer.batch_encode_plus` with `padding=\"max_length\"`, `max_length=25`, and `truncation=True`. Mean-pooling of the model's output is used as the representation.",
    "Hyperparameters": "Not provided"
  },
  "Evaluation": {
    "Evaluation_Data": "Not provided",
    "Performance_Metrics": "Not provided",
    "Source": "https://github.com/cambridgeltl/sapbert"
  },
  "Intended_Use": {
    "Task": [
      "Extracting embeddings",
      "Biomedical entity linking",
      "Lexical semantics"
    ]
  },
  "Bias_Risks_and_Limitations": {
    "Limitations": "Not provided"
  },
  "License": "Not provided"
}