{
  "error": "output_parser_failed",
  "raw_output": "```json\n{\n  \"Model_Description\": {\n    \"Name\": \"cambridgeltl/SapBERT-UMLS-2020AB-all-lang-from-XLMR\",\n    \"Description\": \"SapBERT, a cross-lingual extension, trained with UMLS 2020AB using xlm-roberta-base as the base model, designed to extract embeddings for entity names.\"\n  },\n  \"Model_Sources\": {\n    \"Repository\": \"https://github.com/cambridgeltl/sapbert\",\n    \"Paper\": \"https://arxiv.org/pdf/2010.11784.pdf\",\n    \"Demo\": \"Not provided\"\n  },\n  \"Citation\": \"@inproceedings{liu2021learning,\\n\\ttitle={Learning Domain-Specialised Representations for Cross-Lingual Biomedical Entity Linking},\\n\\tauthor={Liu, Fangyu and Vuli{\\'c}, Ivan and Korhonen, Anna and Collier, Nigel},\\n\\tbooktitle={Proceedings of ACL-IJCNLP 2021},\\n\\tmonth = aug,\\n\\tyear={2021}\\n}\",\n  \"Contact\": {\n    \"Author\": [\n      \"Liu, Fangyu\",\n      \"Vuli{\\'c}, Ivan\",\n      \"Korhonen, Anna\",\n      \"Collier, Nigel\"\n    ],\n    \"Email\": \"Not provided\",\n    \"Community\": \"Not provided\"\n  },\n  \"Technical_Requirements\": {\n    \"Software\": [\n      \"numpy\",\n      \"torch\",\n      \"tqdm.auto\",\n      \"transformers\"\n    ],\n    \"Hardware\": {\n      \"CPU\": \"Not provided\",\n      \"GPU\": \"Not provided\",\n      \"RAM\": \"Not provided\",\n      \"Storage\": \"Not provided\"\n    }\n  },\n  \"Access_and_Distribution\": {\n    \"Download_Link\": \"https://huggingface.co/cambridgeltl/SapBERT-UMLS-2020AB-all-lang-from-XLMR\",\n    \"Model_Variants\": []\n  },\n  \"Dataset\": {\n    \"Name\": \"UMLS\",\n    \"Sources\": \"https://www.nlm.nih.gov/research/umls/licensedcontent/umlsknowledgesources.html\",\n    \"Description\": \"Not provided\"\n  },\n  \"Model_Architecture\": {\n    \"Architecture_Type\": \"Encoder-only Transformer\",\n    \"Base_Architecture\": \"xlm-roberta-base\",\n    \"Number_Parameters\": \"Not provided\",\n    \"Parameters\": \"Not provided\",\n    \"Input_Type\": \"Text\",\n    \"Output_Type\": \"Vector Embeddings\"\n  },\n  \"Training_Details\": {\n    \"Training_Data\": \"UMLS 2020AB\",\n    \"Preprocessing\": \"Tokenization with padding to max_length=25 and truncation.\",\n    \"Hyperparameters\": \"Not provided\"\n  },\n  \"Evaluation\": {\n    \"Evaluation_Data\": \"Not provided\",\n    \"Performance_Metrics\": \"Not provided\",\n    \"Source\": \"https://github.com/cambridgeltl/sapbert\"\n  },\n  \"Intended_Use\": {\n    \"Task\": [\n      \"Biomedical Entity Linking\",\n      \"Embedding Extraction\"\n    ]\n  },\n  \"Bias_Risks_and_Limitations\": {\n    \"Limitations\": \"Not provided\"\n  },\n  \"License\": \"Not provided\"\n}\n```"
}