{
  "Model_Description": {
    "Name": "anuragshas/wav2vec2-large-xlsr-53-telugu",
    "Description": "This model is a fine-tuned Wav2Vec2-Large-XLSR-53 model for automatic speech recognition in Telugu. It was trained using the OpenSLR SLR66 dataset."
  },
  "Model_Sources": {
    "Repository": "https://huggingface.co/anuragshas/wav2vec2-large-xlsr-53-telugu",
    "Paper": "Not provided",
    "Demo": "Not provided"
  },
  "Citation": "Not provided",
  "Contact": {
    "Author": "Anurag Singh",
    "Email": "Not provided",
    "Community": "Not provided"
  },
  "Technical_Requirements": {
    "Software": [
      "torch",
      "torchaudio",
      "datasets",
      "transformers",
      "pandas",
      "scikit-learn"
    ],
    "Hardware": {
      "CPU": "Not provided",
      "GPU": "Not provided",
      "RAM": "Not provided",
      "Storage": "Not provided"
    }
  },
  "Access_and_Distribution": {
    "Download_Link": "Not provided",
    "Model_Variants": []
  },
  "Dataset": {
    "Name": "OpenSLR SLR66",
    "Sources": "http://openslr.org/66/",
    "Description": "A dataset for Telugu speech recognition."
  },
  "Model_Architecture": {
    "Architecture_Type": "Encoder-only Transformer",
    "Base_Architecture": "Wav2Vec2-Large-XLSR-53",
    "Number_Parameters": "Not provided",
    "Parameters": "Not provided",
    "Input_Type": "Audio",
    "Output_Type": "Text"
  },
  "Training_Details": {
    "Training_Data": "OpenSLR Telugu dataset",
    "Preprocessing": "Audio input is resampled from 48kHz to 16kHz. Text normalization includes replacing newlines, joining spaces, removing English letters, replacing '%' with ' శాతం ', replacing '(/|-|_)' with ' ', replacing 'ై' with 'ై', stripping whitespace, removing specific punctuation, and converting to lowercase.",
    "Hyperparameters": "Not provided"
  },
  "Evaluation": {
    "Evaluation_Data": "OpenSLR Telugu dataset (test split)",
    "Performance_Metrics": {
      "WER": 44.98
    },
    "Source": "https://colab.research.google.com/drive/1SLEvbTWBwecIRTNqpQ0fFTqmr1-7MnSI?usp=sharing"
  },
  "Intended_Use": {
    "Task": [
      "automatic-speech-recognition"
    ]
  },
  "Bias_Risks_and_Limitations": {
    "Limitations": "Not provided"
  },
  "License": "Apache-2.0"
}