{
  "Model_Description": {
    "Name": "alchemab/antiberta2",
    "Description": "AntiBERTa2 is an antibody-specific language model based on the RoFormer model, pre-trained using masked language modelling. A multimodal version, AntiBERTa2-CSSP, is also provided, trained using a contrastive objective."
  },
  "Model_Sources": {
    "Repository": "https://huggingface.co/alchemab/antiberta2",
    "Paper": "https://www.mlsb.io/papers_2023/Enhancing_Antibody_Language_Models_with_Structural_Information.pdf",
    "Demo": "Not provided"
  },
  "Citation": "Not provided",
  "Contact": {
    "Author": "Not provided",
    "Email": "info@alchemab.com",
    "Community": "Not provided"
  },
  "Technical_Requirements": {
    "Software": [
      "transformers"
    ],
    "Hardware": {
      "CPU": "Not provided",
      "GPU": "Not provided",
      "RAM": "Not provided",
      "Storage": "Not provided"
    }
  },
  "Access_and_Distribution": {
    "Download_Link": "https://huggingface.co/alchemab/antiberta2",
    "Model_Variants": [
      {
        "Name": "AntiBERTa2",
        "Link": "https://huggingface.co/alchemab/antiberta2",
        "Type": "Not provided",
        "Size": "Not provided",
        "Notes": "Not provided"
      },
      {
        "Name": "AntiBERTa2-CSSP",
        "Link": "https://huggingface.co/alchemab/antiberta2-cssp",
        "Type": "Not provided",
        "Size": "Not provided",
        "Notes": "Not provided"
      }
    ]
  },
  "Dataset": {
    "Name": "Not provided",
    "Sources": "Not provided",
    "Description": "Not provided"
  },
  "Model_Architecture": {
    "Architecture_Type": "Masked Language Model",
    "Base_Architecture": "RoFormer model",
    "Number_Parameters": "202M",
    "Parameters": {
      "number_of_layers": 16,
      "number_of_attention_heads": 16,
      "hidden_size": 1024
    },
    "Input_Type": "Antibody sequences",
    "Output_Type": "Antibody sequences"
  },
  "Training_Details": {
    "Training_Data": "Not provided",
    "Preprocessing": "Not provided",
    "Hyperparameters": "Not provided"
  },
  "Evaluation": {
    "Evaluation_Data": "Not provided",
    "Performance_Metrics": "Not provided",
    "Source": "Not provided"
  },
  "Intended_Use": {
    "Task": [
      "masked language modelling",
      "sequence classification"
    ]
  },
  "Bias_Risks_and_Limitations": {
    "Limitations": "Both AntiBERTa2 models are only available for non-commercial use. Output antibody sequences can only be used for non-commercial use."
  },
  "License": "other"
}