{
  "Model_Description": {
    "Name": "wangchanberta-base-att-spm-uncased",
    "Description": "Pretrained RoBERTa BASE model on assorted Thai texts. The architecture of the pretrained model is based on RoBERTa."
  },
  "Model_Sources": {
    "Repository": "https://github.com/vistec-AI/thai2transformers",
    "Paper": "https://arxiv.org/abs/2101.09635",
    "Demo": "https://colab.research.google.com/drive/1Kbk6sBspZLwcnOE61adAQo30xxqOQ9ko"
  },
  "Citation": "@misc{lowphansirikul2021wangchanberta,\n      title={WangchanBERTa: Pretraining transformer-based Thai Language Models}, \n      author={Lalita Lowphansirikul and Charin Polpanumas and Nawat Jantrakulchai and Sarana Nutanong},\n      year={2021},\n      eprint={2101.09635},\n      archivePrefix={arXiv},\n      primaryClass={cs.CL}\n}",
  "Contact": {
    "Author": [
      "Lalita Lowphansirikul",
      "Charin Polpanumas",
      "Nawat Jantrakulchai",
      "Sarana Nutanong"
    ],
    "Email": "Not provided",
    "Community": "Not provided"
  },
  "Technical_Requirements": {
    "Software": "Not provided",
    "Hardware": {
      "CPU": "Not provided",
      "GPU": "NVIDIA V100",
      "RAM": "Not provided",
      "Storage": "Not provided"
    }
  },
  "Access_and_Distribution": {
    "Download_Link": "Not provided",
    "Model_Variants": []
  },
  "Dataset": {
    "Name": "assorted Thai text dataset",
    "Sources": "Not provided",
    "Description": "assorted Thai text dataset. The total size of uncompressed text is 78.5GB."
  },
  "Model_Architecture": {
    "Architecture_Type": "Encoder-only Transformer",
    "Base_Architecture": "RoBERTa",
    "Number_Parameters": "Not provided",
    "Parameters": {
      "vocabulary_size": "25,000 subwords",
      "sequence_length": "416 subword tokens",
      "masking_procedure": "15% tokens sampled, 80% replaced with <mask> token, 10% left unchanged, 10% replaced with a random token"
    },
    "Input_Type": "Text",
    "Output_Type": "Text"
  },
  "Training_Details": {
    "Training_Data": "assorted Thai text dataset",
    "Preprocessing": "Replace HTML forms of characters; Remove empty brackets; Replace line breaks with spaces; Replace more than one spaces with a single space; Remove more than 3 repetitive characters; Word-level tokenization using `newmm` dictionary-based maximal matching tokenizer; Replace repetitive words (post-tokenization); Replace spaces with <_>; SentencePiece unigram model for vocabulary; Tokenizer vocabulary size: 25,000 subwords; Tokenizer trained on 15M sentences; Sequence length limited to 416 subword tokens; Masking: 15% tokens sampled, 80% replaced with <mask>, 10% unchanged, 10% random.",
    "Hyperparameters": {
      "GPUs": "8 V100",
      "steps": 500000,
      "batch_size": "4,096 (32 sequences per device with 16 accumulation steps)",
      "sequence_length": "416 tokens",
      "optimizer": "Adam",
      "learning_rate": "3e-4",
      "beta1": 0.9,
      "beta2": 0.999,
      "epsilon": "1e-6",
      "learning_rate_warmup_steps": 24000
    }
  },
  "Evaluation": {
    "Evaluation_Data": "Not provided",
    "Performance_Metrics": "Not provided",
    "Source": "Not provided"
  },
  "Intended_Use": {
    "Task": [
      "masked language modeling"
    ]
  },
  "Bias_Risks_and_Limitations": {
    "Limitations": "The model was released from checkpoint @360,000 steps due to pretraining not yet being completed."
  },
  "License": "Not provided"
}