{
  "Model_Description": {
    "Name": "airesearch/wav2vec2-large-xlsr-53-th",
    "Description": "This model is a finetuned version of `wav2vec2-large-xlsr-53` on Thai Common Voice 7.0, intended for Automatic Speech Recognition."
  },
  "Model_Sources": {
    "Repository": "https://github.com/vistec-ai/wav2vec2-large-xlsr-53-th",
    "Paper": "Not provided",
    "Demo": "Not provided"
  },
  "Citation": "Not provided",
  "Contact": {
    "Author": [
      "@cstorm125",
      "@tann9949",
      "@ekapolc",
      "@14mss",
      "@mrpeerat",
      "@wannaphong"
    ],
    "Email": "Not provided",
    "Community": "Not provided"
  },
  "Technical_Requirements": {
    "Software": [
      "transformers",
      "torchaudio",
      "torch",
      "PyThaiNLP 2.3.1",
      "deepcut"
    ],
    "Hardware": {
      "CPU": "Not provided",
      "GPU": "V100 GPU",
      "RAM": "Not provided",
      "Storage": "Not provided"
    }
  },
  "Access_and_Distribution": {
    "Download_Link": "https://huggingface.co/airesearch/wav2vec2-large-xlsr-53-th",
    "Model_Variants": []
  },
  "Dataset": {
    "Name": "Common Voice Corpus 7.0",
    "Sources": "https://commonvoice.mozilla.org/en/datasets",
    "Description": "Contains 133 validated hours of Thai (255 total hours) at 5GB."
  },
  "Model_Architecture": {
    "Architecture_Type": "Encoder-only Transformer",
    "Base_Architecture": "wav2vec2-large-xlsr-53",
    "Number_Parameters": "Not provided",
    "Parameters": {
      "attention_dropout": 0.1,
      "hidden_dropout": 0.1,
      "feat_proj_dropout": 0.0,
      "mask_time_prob": 0.05,
      "layerdrop": 0.1,
      "gradient_checkpointing": true,
      "ctc_loss_reduction": "mean",
      "pad_token_id": "processor.tokenizer.pad_token_id",
      "vocab_size": "len(processor.tokenizer)"
    },
    "Input_Type": "Audio",
    "Output_Type": "Text"
  },
  "Training_Details": {
    "Training_Data": "Common Voice Corpus 7.0",
    "Preprocessing": "Pre-tokenize with `pythainlp.tokenize.word_tokenize`; apply cleaning rules described in `notebooks/cv-preprocess.ipynb`; deduplicate and split as described in `ekapolc/Thai_commonvoice_split`.",
    "Hyperparameters": {
      "output_dir": "../data/wav2vec2-large-xlsr-53-thai",
      "group_by_length": true,
      "per_device_train_batch_size": 32,
      "gradient_accumulation_steps": 1,
      "per_device_eval_batch_size": 16,
      "metric_for_best_model": "wer",
      "evaluation_strategy": "steps",
      "eval_steps": 1000,
      "logging_strategy": "steps",
      "logging_steps": 1000,
      "save_strategy": "steps",
      "save_steps": 1000,
      "num_train_epochs": 100,
      "fp16": true,
      "learning_rate": 0.0001,
      "warmup_steps": 1000,
      "save_total_limit": 3,
      "report_to": "tensorboard"
    }
  },
  "Evaluation": {
    "Evaluation_Data": "Common Voice 7 test, test-unique split",
    "Performance_Metrics": {
      "WER PyThaiNLP 2.3.1 (without spell correction)": 13.634024,
      "WER deepcut (without spell correction)": 8.152052,
      "CER (without spell correction)": 2.813019,
      "WER PyThaiNLP 2.3.1 (with spell correction)": 17.996397,
      "WER deepcut (with spell correction)": 14.167975,
      "CER (with spell correction)": 5.225761
    },
    "Source": "notebooks/wav2vec2_finetuning_tutorial.ipynb"
  },
  "Intended_Use": {
    "Task": [
      "Automatic Speech Recognition"
    ]
  },
  "Bias_Risks_and_Limitations": {
    "Limitations": "Not provided"
  },
  "License": "cc-by-sa-4.0"
}