{
  "error": "output_parser_failed",
  "raw_output": "```json\n{\n  \"Model_Description\": {\n    \"Name\": \"51la5/roberta-large-NER\",\n    \"Description\": \"This model is XLM-RoBERTa-large fine-tuned with the conll2003 dataset in English. It is a large multi-lingual language model based on Facebook's RoBERTa model.\"\n  },\n  \"Model_Sources\": {\n    \"Repository\": \"https://github.com/facebookresearch/fairseq/tree/main/examples/xlmr\",\n    \"Paper\": \"https://arxiv.org/abs/1911.02116\",\n    \"Demo\": \"Not provided\"\n  },\n  \"Citation\": \"@article{conneau2019unsupervised,\\n  title={Unsupervised Cross-lingual Representation Learning at Scale},\\n  author={Conneau, Alexis and Khandelwal, Kartikay and Goyal, Naman and Chaudhary, Vishrav and Wenzek, Guillaume and Guzm{\\'a}n, Francisco and Grave, Edouard and Ott, Myle and Zettlemoyer, Luke and Stoyanov, Veselin},\\n  journal={arXiv preprint arXiv:1911.02116},\\n  year={2019}\\n}\",\n  \"Contact\": {\n    \"Author\": \"Hugging Face team\",\n    \"Email\": \"Not provided\",\n    \"Community\": \"Not provided\"\n  },\n  \"Technical_Requirements\": {\n    \"Software\": [\n      \"transformers\"\n    ],\n    \"Hardware\": {\n      \"CPU\": \"Not provided\",\n      \"GPU\": [\n        \"Nvidia V100\"\n      ],\n      \"RAM\": \"Not provided\",\n      \"Storage\": \"Not provided\"\n    }\n  },\n  \"Access_and_Distribution\": {\n    \"Download_Link\": \"Not provided\",\n    \"Model_Variants\": []\n  },\n  \"Dataset\": {\n    \"Name\": \"conll2003\",\n    \"Sources\": \"https://huggingface.co/datasets/conll2003\",\n    \"Description\": \"Not provided\"\n  },\n  \"Model_Architecture\": {\n    \"Architecture_Type\": \"Multi-lingual language model\",\n    \"Base_Architecture\": \"XLM-RoBERTa-large\",\n    \"Number_Parameters\": \"Not provided\",\n    \"Parameters\": \"Not provided\",\n    \"Input_Type\": \"Text\",\n    \"Output_Type\": \"Text\"\n  },\n  \"Training_Details\": {\n    \"Training_Data\": \"conll2003\",\n    \"Preprocessing\": \"Not provided\",\n    \"Hyperparameters\": \"Not provided\"\n  },\n  \"Evaluation\": {\n    \"Evaluation_Data\": \"Not provided\",\n    \"Performance_Metrics\": \"Not provided\",\n    \"Source\": \"https://arxiv.org/pdf/1911.02116.pdf\"\n  },\n  \"Intended_Use\": {\n    \"Task\": [\n      \"token classification\",\n      \"Named Entity Recognition (NER)\",\n      \"Part-of-Speech (PoS) tagging\"\n    ]\n  },\n  \"Bias_Risks_and_Limitations\": {\n    \"Limitations\": \"Language generated by this model may be disturbing or offensive and may propagate historical and current stereotypes. There is systematic bias in existing NER systems, failing to identify named entities from different demographic groups.\"\n  },\n  \"License\": \"Not provided\"\n}\n```"
}