{
  "Model_Description": {
    "Name": "cl-nagoya/ruri-v3-310m",
    "Description": "Ruri v3 is a general-purpose Japanese text embedding model built on top of ModernBERT-Ja. It offers state-of-the-art performance for Japanese text embedding tasks, supports sequence lengths up to 8192 tokens, and has an expanded vocabulary of 100K tokens."
  },
  "Model_Sources": {
    "Repository": "https://huggingface.co/cl-nagoya/ruri-v3-310m",
    "Paper": "https://arxiv.org/abs/2409.07737",
    "Demo": "Not provided"
  },
  "Citation": "@misc{\n  Ruri,\n  title={{Ruri: Japanese General Text Embeddings}}, \n  author={Hayato Tsukagoshi and Ryohei Sasano},\n  year={2024},\n  eprint={2409.07737},\n  archivePrefix={arXiv},\n  primaryClass={cs.CL},\n  url={https://arxiv.org/abs/2409.07737}, \n}",
  "Contact": {
    "Author": [
      "Hayato Tsukagoshi",
      "Ryohei Sasano"
    ],
    "Email": "Not provided",
    "Community": "Not provided"
  },
  "Technical_Requirements": {
    "Software": [
      "transformers >= 4.48.0",
      "sentence-transformers",
      "flash-attn"
    ],
    "Hardware": {
      "CPU": "Not provided",
      "GPU": "Not provided",
      "RAM": "Not provided",
      "Storage": "Not provided"
    }
  },
  "Access_and_Distribution": {
    "Download_Link": "https://huggingface.co/cl-nagoya/ruri-v3-310m",
    "Model_Variants": [
      {
        "Name": "Ruri-v3-30m",
        "Link": "https://huggingface.co/cl-nagoya/ruri-v3-30m",
        "Type": "Not provided",
        "Size": "Not provided",
        "Notes": "Not provided"
      },
      {
        "Name": "Ruri-v3-70m",
        "Link": "https://huggingface.co/cl-nagoya/ruri-v3-70m",
        "Type": "Not provided",
        "Size": "Not provided",
        "Notes": "Not provided"
      },
      {
        "Name": "Ruri-v3-130m",
        "Link": "https://huggingface.co/cl-nagoya/ruri-v3-130m",
        "Type": "Not provided",
        "Size": "Not provided",
        "Notes": "Not provided"
      },
      {
        "Name": "Ruri-v3-310m",
        "Link": "https://huggingface.co/cl-nagoya/ruri-v3-310m",
        "Type": "Not provided",
        "Size": "Not provided",
        "Notes": "Not provided"
      }
    ]
  },
  "Dataset": {
    "Name": "cl-nagoya/ruri-v3-dataset-ft",
    "Sources": "cl-nagoya/ruri-v3-dataset-ft",
    "Description": "Not provided"
  },
  "Model_Architecture": {
    "Architecture_Type": "Sentence Transformer",
    "Base_Architecture": "ModernBertModel",
    "Number_Parameters": "315M",
    "Parameters": {
      "context_length": 8192,
      "embedding_dimension": 768,
      "num_layers": 25,
      "vocabulary_size": "100K",
      "pooling_mode_cls_token": false,
      "pooling_mode_mean_tokens": true,
      "pooling_mode_max_tokens": false,
      "pooling_mode_mean_sqrt_len_tokens": false,
      "pooling_mode_weightedmean_tokens": false,
      "pooling_mode_lasttoken": false,
      "include_prompt": true,
      "similarity_function": "Cosine Similarity"
    },
    "Input_Type": "Text",
    "Output_Type": "Vector Embeddings"
  },
  "Training_Details": {
    "Training_Data": "cl-nagoya/ruri-v3-dataset-ft",
    "Preprocessing": "Tokenizer based solely on SentencePiece. Ruri v3 employs a 1+3 prefix scheme to distinguish between different types of text inputs: '' (empty string) for semantic meaning, 'トピック: ' for classification/clustering/topical information, '検索クエリ: ' for retrieval queries, '検索文書: ' for documents to be retrieved.",
    "Hyperparameters": "Not provided"
  },
  "Evaluation": {
    "Evaluation_Data": "JMTEB",
    "Performance_Metrics": {
      "Avg.": 77.24,
      "Retrieval": 81.89,
      "STS": 81.22,
      "Classfification": 78.66,
      "Reranking": 93.43,
      "Clustering": 55.69,
      "PairClassification": 62.6
    },
    "Source": "https://github.com/sbintuitions/JMTEB"
  },
  "Intended_Use": {
    "Task": [
      "sentence-similarity",
      "feature-extraction"
    ]
  },
  "Bias_Risks_and_Limitations": {
    "Limitations": "Not provided"
  },
  "License": "Apache-2.0"
}