{
  "Model_Description": {
    "Name": "audeering/wav2vec2-large-robust-12-ft-emotion-msp-dim",
    "Description": "This model performs Dimensional Speech Emotion Recognition based on Wav2vec 2.0. It takes a raw audio signal as input and outputs predictions for arousal, dominance, and valence, along with pooled states of the last transformer layer."
  },
  "Model_Sources": {
    "Repository": "https://huggingface.co/audeering/wav2vec2-large-robust-12-ft-emotion-msp-dim",
    "Paper": "https://arxiv.org/abs/2203.07378",
    "Demo": "Not provided"
  },
  "Citation": "Not provided",
  "Contact": {
    "Author": "audEERING",
    "Email": "Not provided",
    "Community": [
      "https://github.com/audeering/w2v2-how-to"
    ]
  },
  "Technical_Requirements": {
    "Software": [
      "numpy",
      "torch",
      "transformers"
    ],
    "Hardware": {
      "CPU": "Not provided",
      "GPU": "Not provided",
      "RAM": "Not provided",
      "Storage": "Not provided"
    }
  },
  "Access_and_Distribution": {
    "Download_Link": "Not provided",
    "Model_Variants": [
      {
        "Name": "ONNX export",
        "Link": "https://zenodo.org/record/6221127",
        "Type": "Not provided",
        "Size": "Not provided",
        "Notes": "Not provided"
      }
    ]
  },
  "Dataset": {
    "Name": "MSP-Podcast",
    "Sources": "https://ecs.utdallas.edu/research/researchlabs/msp-lab/MSP-Podcast.html",
    "Description": "Not provided"
  },
  "Model_Architecture": {
    "Architecture_Type": "Encoder-only Transformer",
    "Base_Architecture": "Wav2Vec2-Large-Robust",
    "Number_Parameters": "Not provided",
    "Parameters": {
      "number_of_transformer_layers": 12
    },
    "Input_Type": "Audio",
    "Output_Type": "Numerical, Embeddings"
  },
  "Training_Details": {
    "Training_Data": "MSP-Podcast (v1.7)",
    "Preprocessing": "Signal normalization using a processor.",
    "Hyperparameters": "Not provided"
  },
  "Evaluation": {
    "Evaluation_Data": "Not provided",
    "Performance_Metrics": "Not provided",
    "Source": "Not provided"
  },
  "Intended_Use": {
    "Task": [
      "Dimensional Speech Emotion Recognition"
    ]
  },
  "Bias_Risks_and_Limitations": {
    "Limitations": "This model is for research purpose only."
  },
  "License": "cc-by-nc-sa-4.0"
}