{
  "Model_Description": {
    "Name": "audeering/wav2vec2-large-robust-24-ft-age-gender",
    "Description": "The model expects a raw audio signal as input and outputs predictions for age (0-100 years) and gender (child, female, or male probabilities). It was created by fine-tuning Wav2Vec2-Large-Robust on several datasets for age and gender recognition."
  },
  "Model_Sources": {
    "Repository": "https://github.com/audeering/w2v2-age-gender-how-to",
    "Paper": "https://arxiv.org/abs/2306.16962",
    "Demo": "Not provided"
  },
  "Citation": "Not provided",
  "Contact": {
    "Author": "Not provided",
    "Email": "Not provided",
    "Community": "Not provided"
  },
  "Technical_Requirements": {
    "Software": [
      "numpy",
      "torch",
      "transformers"
    ],
    "Hardware": {
      "CPU": "Not provided",
      "GPU": "Not provided",
      "RAM": "Not provided",
      "Storage": "Not provided"
    }
  },
  "Access_and_Distribution": {
    "Download_Link": "Not provided",
    "Model_Variants": [
      {
        "Name": "ONNX export",
        "Link": "https://doi.org/10.5281/zenodo.7761387",
        "Type": "Not provided",
        "Size": "Not provided",
        "Notes": "Not provided"
      }
    ]
  },
  "Dataset": {
    "Name": [
      "agender",
      "mozillacommonvoice",
      "timit",
      "voxceleb2"
    ],
    "Sources": [
      "https://paperswithcode.com/dataset/agender",
      "https://commonvoice.mozilla.org/",
      "https://catalog.ldc.upenn.edu/LDC93s1",
      "https://www.robots.ox.ac.uk/~vgg/data/voxceleb/vox2.html"
    ],
    "Description": "Datasets used for fine-tuning a Wav2vec 2.0 model for age and gender recognition from speech."
  },
  "Model_Architecture": {
    "Architecture_Type": "Transformer",
    "Base_Architecture": "Wav2Vec2-Large-Robust",
    "Number_Parameters": "Not provided",
    "Parameters": {
      "number of layers": 24
    },
    "Input_Type": "Audio",
    "Output_Type": [
      "Age prediction",
      "Gender probability",
      "Pooled hidden states"
    ]
  },
  "Training_Details": {
    "Training_Data": [
      "agender",
      "mozillacommonvoice",
      "timit",
      "voxceleb2"
    ],
    "Preprocessing": "Normalize signal",
    "Hyperparameters": "Not provided"
  },
  "Evaluation": {
    "Evaluation_Data": "Not provided",
    "Performance_Metrics": "Not provided",
    "Source": "Not provided"
  },
  "Intended_Use": {
    "Task": [
      "Age recognition",
      "Gender recognition",
      "Audio classification"
    ]
  },
  "Bias_Risks_and_Limitations": {
    "Limitations": "Not provided"
  },
  "License": "cc-by-nc-sa-4.0"
}