{
  "Model_Description": {
    "Name": "aglazkova/bart_finetuned_keyphrase_extraction",
    "Description": "This is the bart-base model finetuned for the keyphrase generation task."
  },
  "Model_Sources": {
    "Repository": "https://huggingface.co/aglazkova/bart_finetuned_keyphrase_extraction",
    "Paper": [
      "https://arxiv.org/abs/1910.13461",
      "https://arxiv.org/pdf/2312.10700.pdf"
    ],
    "Demo": "Not provided"
  },
  "Citation": "@InProceedings{10.1007/978-3-031-67826-4_19,\nauthor=\"Glazkova, Anna\nand Morozov, Dmitry\",\ntitle=\"Cross-Domain Robustness of Transformer-Based Keyphrase Generation\",\nbooktitle=\"Data Analytics and Management in Data Intensive Domains\",\nyear=\"2024\",\npublisher=\"Springer Nature Switzerland\",\naddress=\"Cham\",\npages=\"249--265\"\n}",
  "Contact": {
    "Author": [
      "Glazkova, Anna",
      "Morozov, Dmitry"
    ],
    "Email": "Not provided",
    "Community": "Not provided"
  },
  "Technical_Requirements": {
    "Software": [
      "Python",
      "transformers"
    ],
    "Hardware": {
      "CPU": "Not provided",
      "GPU": "Not provided",
      "RAM": "Not provided",
      "Storage": "Not provided"
    }
  },
  "Access_and_Distribution": {
    "Download_Link": "https://huggingface.co/aglazkova/bart_finetuned_keyphrase_extraction",
    "Model_Variants": []
  },
  "Dataset": {
    "Name": [
      "Krapivin",
      "Inspec",
      "KPTimes",
      "DUC-2001",
      "PubMed",
      "NamedKeys"
    ],
    "Sources": [
      "http://eprints.biblio.unitn.it/1671/1/disi09055%2Dkrapivin%2Dautayeu%2Dmarchese.pdf",
      "https://aclanthology.org/W03-1028.pdf",
      "https://aclanthology.org/W19-8617.pdf",
      "https://cdn.aaai.org/AAAI/2008/AAAI08-136.pdf",
      "https://citeseerx.ist.psu.edu/document?repid=rep1&type=pdf&doi=08b75d31a90f206b36e806a7ec372f6f0d12457e",
      "https://joyceho.github.io/assets/pdf/paper/gero-bcb19.pdf"
    ],
    "Description": "Not provided"
  },
  "Model_Architecture": {
    "Architecture_Type": "Encoder-Decoder Transformer",
    "Base_Architecture": "bart-base",
    "Number_Parameters": "Not provided",
    "Parameters": "Not provided",
    "Input_Type": "Text",
    "Output_Type": "Text"
  },
  "Training_Details": {
    "Training_Data": [
      "Krapivin",
      "Inspec",
      "KPTimes",
      "DUC-2001",
      "PubMed",
      "NamedKeys"
    ],
    "Preprocessing": "Not provided",
    "Hyperparameters": {
      "learning_rate": "4e-5",
      "train_batch_size": 8,
      "optimizer": "AdamW with betas=(0.9,0.999) and epsilon=1e-08",
      "num_epochs": 6
    }
  },
  "Evaluation": {
    "Evaluation_Data": "Not provided",
    "Performance_Metrics": "Not provided",
    "Source": "Not provided"
  },
  "Intended_Use": {
    "Task": [
      "keyphrase generation"
    ]
  },
  "Bias_Risks_and_Limitations": {
    "Limitations": "Not provided"
  },
  "License": "Not provided"
}