{
  "Model_Description": {
    "Name": "clapAI/modernBERT-large-multilingual-sentiment",
    "Description": "clapAI/modernBERT-large-multilingual-sentiment is a multilingual sentiment classification model, fine-tuned from answerdotai/ModernBERT-large. It supports sentiment classification across 16+ languages."
  },
  "Model_Sources": {
    "Repository": "https://huggingface.co/clapAI/modernBERT-large-multilingual-sentiment",
    "Paper": "Not provided",
    "Demo": "Not provided"
  },
  "Citation": "@misc{modernBERT-large-multilingual-sentiment,\n      title={modernBERT-large-multilingual-sentiment: A Multilingual Sentiment Classification Model},\n      author={clapAI},\n      howpublished={\\url{https://huggingface.co/clapAI/modernBERT-large-multilingual-sentiment}},\n      year={2025},\n}",
  "Contact": {
    "Author": "clapAI",
    "Email": "Not provided",
    "Community": "Not provided"
  },
  "Technical_Requirements": {
    "Software": [
      "transformers==4.48.0.dev0",
      "torch==2.4.0+cu121",
      "datasets==3.2.0",
      "tokenizers==0.21.0",
      "flash-attn==2.7.2.post1"
    ],
    "Hardware": {
      "CPU": "Not provided",
      "GPU": "Not provided",
      "RAM": "Not provided",
      "Storage": "Not provided"
    }
  },
  "Access_and_Distribution": {
    "Download_Link": "Not provided",
    "Model_Variants": []
  },
  "Dataset": {
    "Name": "clapAI/MultiLingualSentiment",
    "Sources": "https://huggingface.co/datasets/clapAI/MultiLingualSentiment",
    "Description": "multilingual sentiment dataset"
  },
  "Model_Architecture": {
    "Architecture_Type": "BERT-like Transformer",
    "Base_Architecture": "ModernBERT-large",
    "Number_Parameters": "396M",
    "Parameters": "Not provided",
    "Input_Type": "Text",
    "Output_Type": "Text"
  },
  "Training_Details": {
    "Training_Data": "clapAI/MultiLingualSentiment",
    "Preprocessing": "Not provided",
    "Hyperparameters": {
      "learning_rate": "5e-05",
      "train_batch_size": 512,
      "eval_batch_size": 512,
      "seed": 42,
      "distributed_type": "multi-GPU",
      "num_devices": 2,
      "gradient_accumulation_steps": 2,
      "total_train_batch_size": 2048,
      "total_eval_batch_size": 1024,
      "optimizer": {
        "type": "adamw_torch_fused",
        "betas": [
          0.9,
          0.999
        ],
        "epsilon": "1e-08",
        "optimizer_args": "No additional optimizer arguments"
      },
      "lr_scheduler": {
        "type": "cosine",
        "warmup_ratio": 0.01
      },
      "num_epochs": 5.0,
      "mixed_precision_training": "Native AMP"
    }
  },
  "Evaluation": {
    "Evaluation_Data": "clapAI/MultiLingualSentiment (test dataset)",
    "Performance_Metrics": {
      "F1-score": 81.4
    },
    "Source": "Not provided"
  },
  "Intended_Use": {
    "Task": [
      "sentiment classification",
      "text classification",
      "sentiment analysis"
    ]
  },
  "Bias_Risks_and_Limitations": {
    "Limitations": "Not provided"
  },
  "License": "apache-2.0"
}