{
  "Model_Description": {
    "Name": "ChengsenWang/ChatTime-1-7B-Chat",
    "Description": "ChatTime is a unified framework for time series and text processing, modeling time series as a foreign language. As an out-of-the-box multimodal time series foundation model, it provides zero-shot forecasting capability and supports bimodal input/output for both time series and text."
  },
  "Model_Sources": {
    "Repository": "https://github.com/ForestsKing/ChatTime",
    "Paper": "https://arxiv.org/abs/2412.11376",
    "Demo": "Not provided"
  },
  "Citation": "@inproceedings{\n  author    = {Chengsen Wang and Qi Qi and Jingyu Wang and Haifeng Sun and Zirui Zhuang and Jinming Wu and Lei Zhang and Jianxin Liao},\n  title     = {ChatTime: A Unified Multimodal Time Series Foundation Model Bridging Numerical and Textual Data},\n  booktitle = {AAAI Conference on Artificial Intelligence},\n  year      = {2025},\n}",
  "Contact": {
    "Author": [
      "Chengsen Wang",
      "Qi Qi",
      "Jingyu Wang",
      "Haifeng Sun",
      "Zirui Zhuang",
      "Jinming Wu",
      "Lei Zhang",
      "Jianxin Liao"
    ],
    "Email": "cswang@bupt.edu.cn",
    "Community": "Not provided"
  },
  "Technical_Requirements": {
    "Software": [
      "numpy",
      "pandas",
      "matplotlib"
    ],
    "Hardware": {
      "CPU": "Not provided",
      "GPU": "Not provided",
      "RAM": "Not provided",
      "Storage": "Not provided"
    }
  },
  "Access_and_Distribution": {
    "Download_Link": "Not provided",
    "Model_Variants": [
      {
        "Name": "ChatTime-1-7B-Base",
        "Link": "https://huggingface.co/ChengsenWang/ChatTime-1-7B-Base",
        "Type": "",
        "Size": "Not provided",
        "Notes": "Not provided"
      }
    ]
  },
  "Dataset": {
    "Name": "ChengsenWang/ChatTime-1-Finetune-100K",
    "Sources": "https://huggingface.co/datasets/ChengsenWang/ChatTime-1-Finetune-100K",
    "Description": "This dataset was used for the instruction fine-tuning stage of the model. The paper also mentions creating four multimodal datasets to address data gaps, but their specific content is not described."
  },
  "Model_Architecture": {
    "Architecture_Type": "Not provided",
    "Base_Architecture": "ChatTime-1-7B-Base",
    "Number_Parameters": "7B",
    "Parameters": "Not provided",
    "Input_Type": [
      "Time Series",
      "Text"
    ],
    "Output_Type": [
      "Time Series",
      "Text"
    ]
  },
  "Training_Details": {
    "Training_Data": "ChengsenWang/ChatTime-1-Finetune-100K",
    "Preprocessing": "Not provided",
    "Hyperparameters": "Not provided"
  },
  "Evaluation": {
    "Evaluation_Data": "Not provided",
    "Performance_Metrics": "Not provided",
    "Source": "Not provided"
  },
  "Intended_Use": {
    "Task": [
      "time-series-forecasting",
      "multimodal time series analysis",
      "Time Series Question Answering"
    ]
  },
  "Bias_Risks_and_Limitations": {
    "Limitations": "Not provided"
  },
  "License": "apache-2.0"
}