{
  "Model_Description": {
    "Name": "adibvafa/CodonTransformer",
    "Description": "CodonTransformer is a tool for codon optimization, transforming protein sequences into optimized DNA sequences specific for target organisms. It leverages the Transformer architecture and a user-friendly Jupyter notebook to simplify genetic engineering tasks."
  },
  "Model_Sources": {
    "Repository": "https://github.com/Adibvafa/CodonTransformer",
    "Paper": "https://www.nature.com/articles/s41467-025-58588-7",
    "Demo": "https://adibvafa.github.io/CodonTransformer/GoogleColab"
  },
  "Citation": "@article{Fallahpour_Gureghian_Filion_Lindner_Pandi_2025,\n  title={CodonTransformer: a multispecies codon optimizer using context-aware neural networks},\n  volume={16},\n  ISSN={2041-1723},\n  url={https://www.nature.com/articles/s41467-025-58588-7},\n  DOI={10.1038/s41467-025-58588-7},\n  number={1},\n  journal={Nature Communications},\n  author={Fallahpour, Adibvafa and Gureghian, Vincent and Filion, Guillaume J. and Lindner, Ariel B. and Pandi, Amir},\n  year={2025},\n  month=apr,\n  pages={3205},\n  language={en}\n}",
  "Contact": {
    "Author": [
      "Adibvafa Fallahpour",
      "Vincent Gureghian",
      "Guillaume J. Filion",
      "Ariel B. Lindner",
      "Amir Pandi"
    ],
    "Email": [
      "guillaume.filion@utoronto.ca",
      "ariel.lindner@inserm.fr",
      "amir.pandi@cri-paris.org"
    ],
    "Community": [
      "https://adibvafa.github.io/CodonTransformer/",
      "https://github.com/Adibvafa/CodonTransformer",
      "https://adibvafa.github.io/CodonTransformer/GoogleColab",
      "https://pypi.org/project/CodonTransformer/"
    ]
  },
  "Technical_Requirements": {
    "Software": [
      "torch",
      "transformers",
      "CodonTransformer"
    ],
    "Hardware": {
      "CPU": "Not provided",
      "GPU": "Not provided",
      "RAM": "Not provided",
      "Storage": "Not provided"
    }
  },
  "Access_and_Distribution": {
    "Download_Link": "",
    "Model_Variants": []
  },
  "Dataset": {
    "Name": "Not provided",
    "Sources": "Not provided",
    "Description": "Not provided"
  },
  "Model_Architecture": {
    "Architecture_Type": "Transformer",
    "Base_Architecture": "BigBirdForMaskedLM",
    "Number_Parameters": "Not provided",
    "Parameters": "Not provided",
    "Input_Type": "Protein sequence",
    "Output_Type": "DNA sequence"
  },
  "Training_Details": {
    "Training_Data": "Not provided",
    "Preprocessing": "Not provided",
    "Hyperparameters": "Not provided"
  },
  "Evaluation": {
    "Evaluation_Data": "Not provided",
    "Performance_Metrics": "Not provided",
    "Source": "Not provided"
  },
  "Intended_Use": {
    "Task": [
      "codon optimization",
      "transforming protein sequences into optimized DNA sequences"
    ]
  },
  "Bias_Risks_and_Limitations": {
    "Limitations": "Not provided"
  },
  "License": "apache-2.0"
}