{
  "Model_Description": {
    "Name": "bioscan-ml/BarcodeBERT",
    "Description": "A pre-trained transformer model for inference on insect DNA barcoding data, intended for taxonomic classification."
  },
  "Model_Sources": {
    "Repository": "https://github.com/bioscan-ml/BarcodeBERT",
    "Paper": "https://huggingface.co/papers/2311.02401",
    "Demo": "https://colab.research.google.com/drive/1MUEQVHIOX2ks7tLsMoQtNlbvsbSuYgs1"
  },
  "Citation": "@misc{arias2023barcodebert,\n      title={{BarcodeBERT}: Transformers for Biodiversity Analysis},\n      author={Pablo Millan Arias\n        and Niousha Sadjadi\n        and Monireh Safari\n        and ZeMing Gong\n        and Austin T. Wang\n        and Scott C. Lowe\n        and Joakim Bruslund Haurum\n        and Iuliia Zarubiieva\n        and Dirk Steinke\n        and Lila Kari\n        and Angel X. Chang\n        and Graham W. Taylor\n      },\n      year={2023},\n      eprint={2311.02401},\n      archivePrefix={arXiv},\n      primaryClass={cs.LG},\n      doi={10.48550/arxiv.2311.02401},\n    }",
  "Contact": {
    "Author": [
      "Pablo Millan Arias",
      "Niousha Sadjadi",
      "Monireh Safari",
      "ZeMing Gong",
      "Austin T. Wang",
      "Scott C. Lowe",
      "Joakim Bruslund Haurum",
      "Iuliia Zarubiieva",
      "Dirk Steinke",
      "Lila Kari",
      "Angel X. Chang",
      "Graham W. Taylor"
    ],
    "Email": "Not provided",
    "Community": "Not provided"
  },
  "Technical_Requirements": {
    "Software": [
      "transformers"
    ],
    "Hardware": {
      "CPU": "Not provided",
      "GPU": "Not provided",
      "RAM": "Not provided",
      "Storage": "Not provided"
    }
  },
  "Access_and_Distribution": {
    "Download_Link": "Not provided",
    "Model_Variants": []
  },
  "Dataset": {
    "Name": "Not provided",
    "Sources": "Not provided",
    "Description": "Not provided"
  },
  "Model_Architecture": {
    "Architecture_Type": "Transformer",
    "Base_Architecture": "BERT",
    "Number_Parameters": "Not provided",
    "Parameters": "Not provided",
    "Input_Type": "Text (DNA sequence)",
    "Output_Type": "Features (hidden states)"
  },
  "Training_Details": {
    "Training_Data": "Not provided",
    "Preprocessing": "Not provided",
    "Hyperparameters": "Not provided"
  },
  "Evaluation": {
    "Evaluation_Data": "Not provided",
    "Performance_Metrics": "Not provided",
    "Source": "Not provided"
  },
  "Intended_Use": {
    "Task": [
      "feature-extraction",
      "Taxonomic Classification",
      "inference on insect DNA barcoding data"
    ]
  },
  "Bias_Risks_and_Limitations": {
    "Limitations": "Not provided"
  },
  "License": "MIT"
}