{
  "Model_Description": {
    "Name": "abdur197/fine-tuned-column-mapper",
    "Description": "A sentence-transformers model finetuned from sentence-transformers/all-MiniLM-L6-v2. It maps sentences and paragraphs to a 384-dimensional dense vector space, primarily used for column standardization, but also applicable to semantic textual similarity, semantic search, and other tasks."
  },
  "Model_Sources": {
    "Repository": "https://github.com/UKPLab/sentence-transformers",
    "Paper": "https://arxiv.org/abs/1908.10084",
    "Demo": "Not provided"
  },
  "Citation": "@inproceedings{reimers-2019-sentence-bert,\n    title = \"Sentence-BERT: Sentence Embeddings using Siamese BERT-Networks\",\n    author = \"Reimers, Nils and Gurevych, Iryna\",\n    booktitle = \"Proceedings of the 2019 Conference on Empirical Methods in Natural Language Processing\",\n    month = \"11\",\n    year = \"2019\",\n    publisher = \"Association for Computational Linguistics\",\n    url = \"https://arxiv.org/abs/1908.10084\",\n}",
  "Contact": {
    "Author": "Not provided",
    "Email": "Not provided",
    "Community": "Not provided"
  },
  "Technical_Requirements": {
    "Software": [
      "Python: 3.11.13",
      "Sentence Transformers: 5.1.0",
      "Transformers: 4.55.0",
      "PyTorch: 2.6.0+cu124",
      "Accelerate: 1.10.0",
      "Datasets: 4.0.0",
      "Tokenizers: 0.21.4"
    ],
    "Hardware": {
      "CPU": "Not provided",
      "GPU": "Not provided",
      "RAM": "Not provided",
      "Storage": "Not provided"
    }
  },
  "Access_and_Distribution": {
    "Download_Link": "https://huggingface.co/abdur197/fine-tuned-column-mapper",
    "Model_Variants": []
  },
  "Dataset": {
    "Name": "Unnamed Dataset",
    "Sources": "Not provided",
    "Description": "A dataset of 1,786 training samples with columns `sentence_0`, `sentence_1`, and `label`. Sentences have 3-12 tokens, and labels range from 0.0 to 1.0."
  },
  "Model_Architecture": {
    "Architecture_Type": "Sentence Transformer",
    "Base_Architecture": "sentence-transformers/all-MiniLM-L6-v2",
    "Number_Parameters": "Not provided",
    "Parameters": {
      "max_seq_length": 256,
      "architecture": "BertModel",
      "word_embedding_dimension": 384,
      "pooling_mode_mean_tokens": true
    },
    "Input_Type": "Text",
    "Output_Type": "Vector Embedding"
  },
  "Training_Details": {
    "Training_Data": "Unnamed Dataset",
    "Preprocessing": "Not provided",
    "Hyperparameters": {
      "per_device_train_batch_size": 16,
      "per_device_eval_batch_size": 16,
      "multi_dataset_batch_sampler": "round_robin",
      "learning_rate": 5e-05,
      "num_train_epochs": 3,
      "loss": "CosineSimilarityLoss",
      "loss_fct": "torch.nn.modules.loss.MSELoss"
    }
  },
  "Evaluation": {
    "Evaluation_Data": "Not provided",
    "Performance_Metrics": "Not provided",
    "Source": "Not provided"
  },
  "Intended_Use": {
    "Task": [
      "semantic textual similarity",
      "semantic search",
      "column standardization"
    ]
  },
  "Bias_Risks_and_Limitations": {
    "Limitations": "Not provided"
  },
  "License": "Not provided"
}