{
  "Model_Description": {
    "Name": "blanchefort/rubert-base-cased-sentiment",
    "Description": "This model performs sentiment classification on short Russian texts. It is a DeepPavlov/rubert-base-cased-conversational model trained on an aggregated corpus of 351,797 texts."
  },
  "Model_Sources": {
    "Repository": "https://huggingface.co/DeepPavlov/rubert-base-cased-conversational",
    "Paper": "Not provided",
    "Demo": "Not provided"
  },
  "Citation": "Not provided",
  "Contact": {
    "Author": "blanchefort",
    "Email": "Not provided",
    "Community": "Not provided"
  },
  "Technical_Requirements": {
    "Software": [
      "torch",
      "transformers"
    ],
    "Hardware": {
      "CPU": "Not provided",
      "GPU": "Not provided",
      "RAM": "Not provided",
      "Storage": "Not provided"
    }
  },
  "Access_and_Distribution": {
    "Download_Link": "Not provided",
    "Model_Variants": []
  },
  "Dataset": {
    "Name": [
      "RuTweetCorp",
      "RuReviews",
      "RuSentiment",
      "Отзывы о медучреждениях"
    ],
    "Sources": [
      "https://study.mokoron.com/",
      "https://github.com/sismetanin/rureviews",
      "http://text-machine.cs.uml.edu/projects/rusentiment/",
      "https://github.com/blanchefort/datasets/tree/master/medical_comments"
    ],
    "Description": "RuTweetCorp: Автоматическое построение и анализ корпуса коротких текстов (постов микроблогов) для задачи разработки и тренировки тонового классификатора. RuReviews: An Automatically Annotated Sentiment Analysis Dataset for Product Reviews in Russian. RuSentiment: An Enriched Sentiment Analysis Dataset for Social Media in Russian. Отзывы о медучреждениях: Датасет содержит пользовательские отзывы о медицинских учреждениях, собран в мае 2019 года с сайта prodoctorov.ru."
  },
  "Model_Architecture": {
    "Architecture_Type": "Encoder-only Transformer",
    "Base_Architecture": "DeepPavlov/rubert-base-cased-conversational",
    "Number_Parameters": "Not provided",
    "Parameters": "Not provided",
    "Input_Type": "Text",
    "Output_Type": "Text"
  },
  "Training_Details": {
    "Training_Data": [
      "RuTweetCorp",
      "RuReviews",
      "RuSentiment",
      "Отзывы о медучреждениях"
    ],
    "Preprocessing": "Text tokenization with max_length=512, padding, and truncation.",
    "Hyperparameters": "Not provided"
  },
  "Evaluation": {
    "Evaluation_Data": "Not provided",
    "Performance_Metrics": "Not provided",
    "Source": "Not provided"
  },
  "Intended_Use": {
    "Task": [
      "sentiment classification"
    ]
  },
  "Bias_Risks_and_Limitations": {
    "Limitations": "Not provided"
  },
  "License": "Not provided"
}