{
  "error": "output_parser_failed",
  "raw_output": "```json\n{\n  \"Model_Description\": {\n    \"Name\": \"albert/albert-base-v1\",\n    \"Description\": \"ALBERT is a transformers model pretrained on a large corpus of English data using masked language modeling (MLM) and Sentence Ordering Prediction (SOP) objectives. It is uncased and designed to learn an inner representation of the English language for downstream tasks.\"\n  },\n  \"Model_Sources\": {\n    \"Repository\": \"https://github.com/google-research/albert\",\n    \"Paper\": \"https://arxiv.org/abs/1909.11942\",\n    \"Demo\": \"https://huggingface.co/exbert/?model=albert-base-v1\"\n  },\n  \"Citation\": \"@article{DBLP:journals/corr/abs-1909-11942,\\n  author    = {Zhenzhong Lan and\\n               Mingda Chen and\\n               Sebastian Goodman and\\n               Kevin Gimpel and\\n               Piyush Sharma and\\n               Radu Soricut},\\n  title     = {{ALBERT:} {A} Lite {BERT} for Self-supervised Learning of Language\\n               Representations},\\n  journal   = {CoRR},\\n  volume    = {abs/1909.11942},\\n  year      = {2019},\\n  url       = {http://arxiv.org/abs/1909.11942},\\n  archivePrefix = {arXiv},\\n  eprint    = {1909.11942},\\n  timestamp = {Fri, 27 Sep 2019 13:04:21 +0200},\\n  biburl    = {https://dblp.org/rec/journals/corr/abs-1909-11942.bib},\\n  bibsource = {dblp computer science bibliography, https://dblp.org}\\n}\"\n  },\n  \"Contact\": {\n    \"Author\": \"Not provided\",\n    \"Email\": \"Not provided\",\n    \"Community\": [\n      \"https://huggingface.co/exbert/?model=albert-base-v1\"\n    ]\n  },\n  \"Technical_Requirements\": {\n    \"Software\": [\n      \"transformers\",\n      \"Python\"\n    ],\n    \"Hardware\": {\n      \"CPU\": \"Not provided\",\n      \"GPU\": \"Not provided\",\n      \"RAM\": \"Not provided\",\n      \"Storage\": \"Not provided\"\n    }\n  },\n  \"Access_and_Distribution\": {\n    \"Download_Link\": \"Not provided\",\n    \"Model_Variants\": []\n  },\n  \"Dataset\": {\n    \"Name\": [\n      \"BookCorpus\",\n      \"English Wikipedia\"\n    ],\n    \"Sources\": [\n      \"https://yknzhu.wixsite.com/mbweb\",\n      \"https://en.wikipedia.org/wiki/English_Wikipedia\"\n    ],\n    \"Description\": \"BookCorpus consists of 11,038 unpublished books. English Wikipedia excludes lists, tables and headers. Both datasets were used for pretraining.\"\n  },\n  \"Model_Architecture\": {\n    \"Architecture_Type\": \"Transformer\",\n    \"Base_Architecture\": \"ALBERT\",\n    \"Number_Parameters\": \"11M\",\n    \"Parameters\": {\n      \"repeating_layers\": 12,\n      \"embedding_dimension\": 128,\n      \"hidden_dimension\": 768,\n      \"attention_heads\": 12\n    },\n    \"Input_Type\": \"Text\",\n    \"Output_Type\": \"Text\"\n  },\n  \"Training_Details\": {\n    \"Training_Data\": [\n      \"BookCorpus\",\n      \"English Wikipedia\"\n    ],\n    \"Preprocessing\": \"Texts are lowercased and tokenized using SentencePiece with a vocabulary size of 30,000. Inputs are formatted as `[CLS] Sentence A [SEP] Sentence B [SEP]`. Masking procedure: 15% of tokens are masked; 80% replaced by `[MASK]`, 10% by a random token, and 10% left as is.\",\n    \"Hyperparameters\": \"Not provided\"\n  },\n  \"Evaluation\": {\n    \"Evaluation_Data\": [\n      \"SQuAD1.1\",\n      \"SQuAD2.0\",\n      \"MNLI\",\n      \"SST-2\",\n      \"RACE\"\n    ],\n    \"Performance_Metrics\": {\n      \"Average\": 80.1,\n      \"SQuAD1.1 F1\": 89.3,\n      \"SQuAD1.1 EM\": 82.3,\n      \"SQuAD2.0 F1\": 80.0,\n      \"SQuAD2.0 EM\": 77.1,\n      \"MNLI\": 81.6,\n      \"SST-2\": 90.3,\n      \"RACE\": 64.0\n    },\n    \"Source\": \"Not provided\"\n  },\n  \"Intended_Use\": {\n    \"Task\": [\n      \"masked language modeling\",\n      \"next sentence prediction\",\n      \"fine-tuning\"\n    ]\n  },\n  \"Bias_Risks_and_Limitations\": {\n    \"Limitations\": \"The model can have biased predictions, as demonstrated by gender-biased job predictions, which will affect all fine-tuned versions of this model.\"\n  },\n  \"License\": \"apache-2.0\"\n}\n```"
}