{
  "Model_Description": {
    "Name": "albert/albert-base-v2",
    "Description": "ALBERT is a transformers model pretrained on a large corpus of English data using masked language modeling (MLM) and Sentence Ordering Prediction (SOP) objectives. It learns an inner representation of the English language for downstream tasks."
  },
  "Model_Sources": {
    "Repository": "https://github.com/google-research/albert",
    "Paper": "https://arxiv.org/abs/1909.11942",
    "Demo": "Not provided"
  },
  "Citation": "@article{DBLP:journals/corr/abs-1909-11942,\n  author    = {Zhenzhong Lan and\n               Mingda Chen and\n               Sebastian Goodman and\n               Kevin Gimpel and\n               Piyush Sharma and\n               Radu Soricut},\n  title     = {{ALBERT:} {A} Lite {BERT} for Self-supervised Learning of Language\n               Representations},\n  journal   = {CoRR},\n  volume    = {abs/1909.11942},\n  year      = {2019},\n  url       = {http://arxiv.org/abs/1909.11942},\n  archivePrefix = {arXiv},\n  eprint    = {1909.11942},\n  timestamp = {Fri, 27 Sep 2019 13:04:21 +0200},\n  biburl    = {https://dblp.org/rec/journals/corr/abs-1909-11942.bib},\n  bibsource = {dblp computer science bibliography, https://dblp.org}\n}",
  "Contact": {
    "Author": [
      "Zhenzhong Lan",
      "Mingda Chen",
      "Sebastian Goodman",
      "Kevin Gimpel",
      "Piyush Sharma",
      "Radu Soricut"
    ],
    "Email": "Not provided",
    "Community": [
      "https://huggingface.co/models?filter=albert"
    ]
  },
  "Technical_Requirements": {
    "Software": [
      "Python",
      "transformers",
      "PyTorch",
      "TensorFlow"
    ],
    "Hardware": {
      "CPU": "Not provided",
      "GPU": "Not provided",
      "RAM": "Not provided",
      "Storage": "Not provided"
    }
  },
  "Access_and_Distribution": {
    "Download_Link": "Not provided",
    "Model_Variants": []
  },
  "Dataset": {
    "Name": [
      "BookCorpus",
      "English Wikipedia"
    ],
    "Sources": [
      "https://yknzhu.wixsite.com/mbweb",
      "https://en.wikipedia.org/wiki/English_Wikipedia"
    ],
    "Description": "A dataset consisting of 11,038 unpublished books and English Wikipedia (excluding lists, tables and headers)."
  },
  "Model_Architecture": {
    "Architecture_Type": "Transformer",
    "Base_Architecture": "ALBERT",
    "Number_Parameters": "11M",
    "Parameters": {
      "number of layers": 12,
      "embedding dimension": 128,
      "hidden dimension": 768,
      "attention heads": 12
    },
    "Input_Type": "Text",
    "Output_Type": "Text"
  },
  "Training_Details": {
    "Training_Data": [
      "BookCorpus",
      "English Wikipedia"
    ],
    "Preprocessing": "Texts are lowercased and tokenized using SentencePiece with a vocabulary size of 30,000. Inputs are formatted as `[CLS] Sentence A [SEP] Sentence B [SEP]`. Masking procedure: 15% of tokens are masked; 80% replaced by `[MASK]`, 10% by a random token, 10% left as is.",
    "Hyperparameters": "Not provided"
  },
  "Evaluation": {
    "Evaluation_Data": [
      "SQuAD1.1",
      "SQuAD2.0",
      "MNLI",
      "SST-2",
      "RACE"
    ],
    "Performance_Metrics": {
      "Average": 82.3,
      "SQuAD1.1_F1": 90.2,
      "SQuAD1.1_EM": 83.2,
      "SQuAD2.0_F1": 82.1,
      "SQuAD2.0_EM": 79.3,
      "MNLI": 84.6,
      "SST-2": 92.9,
      "RACE": 66.8
    },
    "Source": "Not provided"
  },
  "Intended_Use": {
    "Task": [
      "masked language modeling",
      "next sentence prediction",
      "sequence classification"
    ]
  },
  "Bias_Risks_and_Limitations": {
    "Limitations": "The model can have biased predictions, as demonstrated by gender bias examples, which will affect all fine-tuned versions. It is not primarily aimed at text generation tasks."
  },
  "License": "Apache-2.0"
}