{
  "Model_Description": {
    "Name": "AutonLab/MOMENT-1-large",
    "Description": "MOMENT is a family of foundation models for general-purpose time-series analysis. The models serve as a building block for diverse time-series analysis tasks, are effective out-of-the-box, and are tunable using in-distribution and task-specific data."
  },
  "Model_Sources": {
    "Repository": "https://github.com/moment-timeseries-foundation-model/",
    "Paper": "https://arxiv.org/abs/2402.03885",
    "Demo": "https://github.com/moment-timeseries-foundation-model/moment/tree/main/tutorials"
  },
  "Citation": "@inproceedings{goswami2024moment,\n  title={MOMENT: A Family of Open Time-series Foundation Models},\n  author={Mononito Goswami and Konrad Szafer and Arjun Choudhry and Yifu Cai and Shuo Li and Artur Dubrawski},\n  booktitle={International Conference on Machine Learning},\n  year={2024}\n}",
  "Contact": {
    "Author": [
      "Auton Lab",
      "Carnegie Mellon University"
    ],
    "Email": "Not provided",
    "Community": "Not provided"
  },
  "Technical_Requirements": {
    "Software": [
      "Python 3.11",
      "momentfm"
    ],
    "Hardware": {
      "CPU": "AMD EPYC 7502 CPUs",
      "GPU": "NVIDIA RTX A6000",
      "RAM": "503 GB",
      "Storage": "Not provided"
    }
  },
  "Access_and_Distribution": {
    "Download_Link": "https://huggingface.co/AutonLab/MOMENT-1-large",
    "Model_Variants": [
      {
        "Name": "Small",
        "Link": "https://huggingface.co/AutonLab/MOMENT-1-small",
        "Type": "Not provided",
        "Size": "Not provided",
        "Notes": "Not provided"
      },
      {
        "Name": "Base",
        "Link": "https://huggingface.co/AutonLab/MOMENT-1-base",
        "Type": "Not provided",
        "Size": "Not provided",
        "Notes": "Not provided"
      }
    ]
  },
  "Dataset": {
    "Name": "AutonLab/Timeseries-PILE",
    "Sources": "Not provided",
    "Description": "Not provided"
  },
  "Model_Architecture": {
    "Architecture_Type": "Not provided",
    "Base_Architecture": "Not provided",
    "Number_Parameters": "Not provided",
    "Parameters": "Not provided",
    "Input_Type": "Time-series data",
    "Output_Type": "Task-specific output"
  },
  "Training_Details": {
    "Training_Data": "AutonLab/Timeseries-PILE",
    "Preprocessing": "Not provided",
    "Hyperparameters": "Not provided"
  },
  "Evaluation": {
    "Evaluation_Data": "Not provided",
    "Performance_Metrics": "Not provided",
    "Source": "https://arxiv.org/abs/2402.03885"
  },
  "Intended_Use": {
    "Task": [
      "forecasting",
      "classification",
      "anomaly detection"
    ]
  },
  "Bias_Risks_and_Limitations": {
    "Limitations": "Not provided"
  },
  "License": "MIT"
}