{
  "Model_Description": {
    "Name": "AnnaWegmann/Style-Embedding",
    "Description": "This is a sentence-transformers model that maps sentences and paragraphs to a 768-dimensional dense vector space, suitable for tasks like clustering or semantic search."
  },
  "Model_Sources": {
    "Repository": "https://github.com/nlpsoc/Style-Embeddings",
    "Paper": [
      "https://aclanthology.org/2022.repl4nlp-1.26/",
      "https://arxiv.org/abs/2204.04907"
    ],
    "Demo": "Not provided"
  },
  "Citation": "@inproceedings{wegmann-etal-2022-author,\n    title = \"Same Author or Just Same Topic? Towards Content-Independent Style Representations\",\n    author = \"Wegmann, Anna  and\n      Schraagen, Marijn  and\n      Nguyen, Dong\",\n    booktitle = \"Proceedings of the 7th Workshop on Representation Learning for NLP\",\n    month = may,\n    year = \"2022\",\n    address = \"Dublin, Ireland\",\n    publisher = \"Association for Computational Linguistics\",\n    url = \"https://aclanthology.org/2022.repl4nlp-1.26\",\n    pages = \"249--268\",\n    abstract = \"Linguistic style is an integral component of language. Recent advances in the development of style representations have increasingly used training objectives from authorship verification (AV){''}:'' Do two texts have the same author? The assumption underlying the AV training task (same author approximates same writing style) enables self-supervised and, thus, extensive training. However, a good performance on the AV task does not ensure good {``}general-purpose{''} style representations. For example, as the same author might typically write about certain topics, representations trained on AV might also encode content information instead of style alone. We introduce a variation of the AV training task that controls for content using conversation or domain labels. We evaluate whether known style dimensions are represented and preferred over content information through an original variation to the recently proposed STEL framework. We find that representations trained by controlling for conversation are better than representations trained with domain or no content control at representing style independent from content.\",\n}",
  "Contact": {
    "Author": [
      "Wegmann, Anna",
      "Schraagen, Marijn",
      "Nguyen, Dong"
    ],
    "Email": "Not provided",
    "Community": "Not provided"
  },
  "Technical_Requirements": {
    "Software": [
      "sentence-transformers",
      "transformers",
      "torch"
    ],
    "Hardware": {
      "CPU": "Not provided",
      "GPU": "Not provided",
      "RAM": "Not provided",
      "Storage": "Not provided"
    }
  },
  "Access_and_Distribution": {
    "Download_Link": "Not provided",
    "Model_Variants": []
  },
  "Dataset": {
    "Name": "AnnaWegmann/StyleEmbeddingData",
    "Sources": "Not provided",
    "Description": "Not provided"
  },
  "Model_Architecture": {
    "Architecture_Type": "Sentence-BERT Transformer",
    "Base_Architecture": "RobertaModel",
    "Number_Parameters": "Not provided",
    "Parameters": {
      "max_seq_length": 512,
      "word_embedding_dimension": 768,
      "pooling_mode_cls_token": false,
      "pooling_mode_mean_tokens": true,
      "pooling_mode_max_tokens": false,
      "pooling_mode_mean_sqrt_len_tokens": false
    },
    "Input_Type": "Text",
    "Output_Type": "Vector Embedding"
  },
  "Training_Details": {
    "Training_Data": "AnnaWegmann/StyleEmbeddingData",
    "Preprocessing": "Not provided",
    "Hyperparameters": {
      "batch_size": 8,
      "sampler": "torch.utils.data.sampler.RandomSampler",
      "batch_sampler": "torch.utils.data.sampler.BatchSampler",
      "distance_metric": "TripletDistanceMetric.COSINE",
      "triplet_margin": 0.5,
      "epochs": 4,
      "evaluation_steps": 0,
      "evaluator": "sentence_transformers.evaluation.TripletEvaluator.TripletEvaluator",
      "max_grad_norm": 1,
      "optimizer_class": "<class 'transformers.optimization.AdamW'>",
      "optimizer_params_correct_bias": true,
      "optimizer_params_eps": "1e-08",
      "optimizer_params_lr": "2e-05",
      "scheduler": "WarmupLinear",
      "steps_per_epoch": null,
      "warmup_steps": 10500,
      "weight_decay": 0.01
    }
  },
  "Evaluation": {
    "Evaluation_Data": "Sentence Embeddings Benchmark",
    "Performance_Metrics": "Not provided",
    "Source": "https://seb.sbert.net"
  },
  "Intended_Use": {
    "Task": [
      "sentence similarity",
      "feature extraction",
      "clustering"
    ]
  },
  "Bias_Risks_and_Limitations": {
    "Limitations": "Representations trained on authorship verification tasks might encode content information instead of style alone, potentially limiting their general-purpose applicability for style representations."
  },
  "License": "Not provided"
}