{
  "Model_Description": {
    "Name": "antoinelouis/colbert-xm",
    "Description": "This is a ColBERT model for semantic search in many languages. It encodes queries and passages into matrices of token-level embeddings and efficiently finds passages that contextually match the query using scalable vector-similarity (MaxSim) operators."
  },
  "Model_Sources": {
    "Repository": "https://github.com/ant-louis/xm-retrievers",
    "Paper": "https://arxiv.org/abs/2402.15059",
    "Demo": "Not provided"
  },
  "Citation": "@article{louis2024modular,\n  author = {Louis, Antoine and Saxena, Vageesh and van Dijck, Gijs and Spanakis, Gerasimos},\n  title = {ColBERT-XM: A Modular Multi-Vector Representation Model for Zero-Shot Multilingual Information Retrieval},\n  journal = {CoRR},\n  volume = {abs/2402.15059},\n  year = {2024},\n  url = {https://arxiv.org/abs/2402.15059},\n  doi = {10.48550/arXiv.2402.15059},\n  eprinttype = {arXiv},\n  eprint = {2402.15059},\n}",
  "Contact": {
    "Author": [
      "Antoine Louis",
      "Vageesh Saxena",
      "Gijs van Dijck",
      "Gerasimos Spanakis"
    ],
    "Email": "Not provided",
    "Community": "Not provided"
  },
  "Technical_Requirements": {
    "Software": [
      "git+https://github.com/stanford-futuredata/ColBERT.git@main",
      "torchtorch==2.1.2",
      "faiss-gpu==1.7.2",
      "langdetect==1.0.9"
    ],
    "Hardware": {
      "CPU": "Not provided",
      "GPU": "NVIDIA H100",
      "RAM": "Not provided",
      "Storage": "Not provided"
    }
  },
  "Access_and_Distribution": {
    "Download_Link": "Not provided",
    "Model_Variants": []
  },
  "Dataset": {
    "Name": [
      "MS MARCO passage ranking",
      "msmarco-hard-negatives",
      "mMARCO",
      "Mr. TyDi"
    ],
    "Sources": [
      "https://ir-datasets.com/msmarco-passage.html#msmarco-passage/train",
      "https://huggingface.co/datasets/sentence-transformers/msmarco-hard-negatives",
      "https://huggingface.co/datasets/unicamp-dl/mmarco",
      "https://huggingface.co/datasets/castorini/mr-tydi"
    ],
    "Description": "MS MARCO passage ranking contains 8.8M passages and 539K training queries. msmarco-hard-negatives provides harder negatives mined from 12 distinct dense retrievers. mMARCO consists of 6,980 queries for a corpus of 8.8M candidate passages in 14 languages. Mr. TyDi is a multilingual open retrieval dataset including low-resource languages not present in mMARCO."
  },
  "Model_Architecture": {
    "Architecture_Type": "multi-vector",
    "Base_Architecture": "XMOD",
    "Number_Parameters": "277M",
    "Parameters": {
      "embedding_dimension": 128,
      "max_sequence_length_questions": 32,
      "max_sequence_length_passages": 256
    },
    "Input_Type": "Text",
    "Output_Type": "Text"
  },
  "Training_Details": {
    "Training_Data": "English training samples from the MS MARCO passage ranking dataset, msmarco-hard-negatives distillation dataset",
    "Preprocessing": "Sampled harder negatives mined from 12 distinct dense retrievers.",
    "Hyperparameters": {
      "optimizer": "AdamW",
      "batch_size": 128,
      "learning_rate": "3e-6 (peak)",
      "training_steps": "50k",
      "warm_up_steps": "first 10% of training steps",
      "scheduling": "linear"
    }
  },
  "Evaluation": {
    "Evaluation_Data": [
      "mMARCO",
      "Mr. TyDi"
    ],
    "Performance_Metrics": {
      "mMARCO-ar_Recall@1000": 74.8,
      "mMARCO-ar_Recall@500": 72.1,
      "mMARCO-ar_Recall@100": 60.4,
      "mMARCO-ar_Recall@10": 36.5,
      "mMARCO-ar_MRR@10": 19.5,
      "mMARCO-de_Recall@1000": 86.0,
      "mMARCO-de_Recall@500": 84.1,
      "mMARCO-de_Recall@100": 73.9,
      "mMARCO-de_Recall@10": 49.5,
      "mMARCO-de_MRR@10": 27.0,
      "mMARCO-en_Recall@1000": 96.5,
      "mMARCO-en_Recall@500": 95.9,
      "mMARCO-en_Recall@100": 89.3,
      "mMARCO-en_Recall@10": 65.7,
      "mMARCO-en_MRR@10": 37.2,
      "mMARCO-es_Recall@1000": 88.4,
      "mMARCO-es_Recall@500": 86.8,
      "mMARCO-es_Recall@100": 77.5,
      "mMARCO-es_Recall@10": 52.0,
      "mMARCO-es_MRR@10": 28.5,
      "mMARCO-fr_Recall@1000": 87.3,
      "mMARCO-fr_Recall@500": 85.7,
      "mMARCO-fr_Recall@100": 75.2,
      "mMARCO-fr_Recall@10": 49.2,
      "mMARCO-fr_MRR@10": 26.9,
      "mMARCO-hi_Recall@1000": 82.2,
      "mMARCO-hi_Recall@500": 79.9,
      "mMARCO-hi_Recall@100": 69.8,
      "mMARCO-hi_Recall@10": 44.2,
      "mMARCO-hi_MRR@10": 23.8,
      "mMARCO-id_Recall@1000": 86.7,
      "mMARCO-id_Recall@500": 84.8,
      "mMARCO-id_Recall@100": 74.5,
      "mMARCO-id_Recall@10": 48.3,
      "mMARCO-id_MRR@10": 26.3,
      "mMARCO-it_Recall@1000": 86.1,
      "mMARCO-it_Recall@500": 84.3,
      "mMARCO-it_Recall@100": 74.1,
      "mMARCO-it_Recall@10": 48.2,
      "mMARCO-it_MRR@10": 26.5,
      "mMARCO-ja_Recall@1000": 83.6,
      "mMARCO-ja_Recall@500": 81.8,
      "mMARCO-ja_Recall@100": 71.4,
      "mMARCO-ja_Recall@10": 44.6,
      "mMARCO-ja_MRR@10": 24.1,
      "mMARCO-nl_Recall@1000": 86.8,
      "mMARCO-nl_Recall@500": 85.0,
      "mMARCO-nl_Recall@100": 75.2,
      "mMARCO-nl_Recall@10": 49.8,
      "mMARCO-nl_MRR@10": 27.5,
      "mMARCO-pt_Recall@1000": 87.1,
      "mMARCO-pt_Recall@500": 85.3,
      "mMARCO-pt_Recall@100": 75.8,
      "mMARCO-pt_Recall@10": 50.5,
      "mMARCO-pt_MRR@10": 27.6,
      "mMARCO-ru_Recall@1000": 85.7,
      "mMARCO-ru_Recall@500": 83.8,
      "mMARCO-ru_Recall@100": 73.6,
      "mMARCO-ru_Recall@10": 47.3,
      "mMARCO-ru_MRR@10": 25.1,
      "mMARCO-vi_Recall@1000": 81.6,
      "mMARCO-vi_Recall@500": 79.0,
      "mMARCO-vi_Recall@100": 67.5,
      "mMARCO-vi_Recall@10": 42.4,
      "mMARCO-vi_MRR@10": 22.6,
      "mMARCO-zh_Recall@1000": 84.8,
      "mMARCO-zh_Recall@500": 83.1,
      "mMARCO-zh_Recall@100": 72.2,
      "mMARCO-zh_Recall@10": 46.0,
      "mMARCO-zh_MRR@10": 24.6
    },
    "Source": "Not provided"
  },
  "Intended_Use": {
    "Task": [
      "sentence-similarity",
      "semantic search",
      "Passage Retrieval"
    ]
  },
  "Bias_Risks_and_Limitations": {
    "Limitations": "Not provided"
  },
  "License": "MIT"
}