{
  "Model_Description": {
    "Name": "antoinelouis/crossencoder-camembert-large-mmarcoFR",
    "Description": "This is a cross-encoder model for French that performs cross-attention between a question-passage pair and outputs a relevance score. It is intended to be used as a reranker for semantic search, sorting passages by relevance."
  },
  "Model_Sources": {
    "Repository": "https://huggingface.co/antoinelouis/crossencoder-camembert-large-mmarcoFR",
    "Paper": "Not provided",
    "Demo": "Not provided"
  },
  "Citation": "@online{louis2024decouvrir,\n\tauthor    = 'Antoine Louis',\n\ttitle     = 'DécouvrIR: A Benchmark for Evaluating the Robustness of Information Retrieval Models in French',\n\tpublisher = 'Hugging Face',\n\tmonth     = 'mar',\n\tyear      = '2024',\n\turl       = 'https://huggingface.co/spaces/antoinelouis/decouvrir',\n}",
  "Contact": {
    "Author": "Antoine Louis",
    "Email": "Not provided",
    "Community": [
      "https://huggingface.co/spaces/antoinelouis/decouvrir"
    ]
  },
  "Technical_Requirements": {
    "Software": [
      "sentence-transformers",
      "FlagEmbedding",
      "transformers",
      "torch"
    ],
    "Hardware": {
      "CPU": "Not provided",
      "GPU": "NVIDIA H100 80GB",
      "RAM": "Not provided",
      "Storage": "Not provided"
    }
  },
  "Access_and_Distribution": {
    "Download_Link": "Not provided",
    "Model_Variants": []
  },
  "Dataset": {
    "Name": [
      "unicamp-dl/mmarco",
      "mMARCO-fr",
      "msmarco-hard-negatives"
    ],
    "Sources": [
      "https://huggingface.co/datasets/unicamp-dl/mmarco",
      "https://ir-datasets.com/mmarco.html#mmarco/v2/fr/",
      "https://huggingface.co/datasets/antoinelouis/msmarco-dev-small-negatives",
      "https://huggingface.co/datasets/sentence-transformers/msmarco-hard-negatives#msmarco-hard-negativesjsonlgz"
    ],
    "Description": "mMARCO: a multilingual machine-translated version of MS MARCO that contains 8.8M passages and 539K training queries. mMARCO-fr: smaller development set of mMARCO-fr, which consists of 6,980 queries for which an ensemble of 1000 passages containing the positive(s) and ColBERTv2 hard negatives need to be reranked. msmarco-hard-negatives: harder negatives mined from 12 distinct dense retrievers."
  },
  "Model_Architecture": {
    "Architecture_Type": "Encoder-only Transformer",
    "Base_Architecture": "Camembert-large",
    "Number_Parameters": "Not provided",
    "Parameters": {
      "max_sequence_length": 256
    },
    "Input_Type": "Text",
    "Output_Type": "Relevance Score"
  },
  "Training_Details": {
    "Training_Data": [
      "mMARCO",
      "msmarco-hard-negatives"
    ],
    "Preprocessing": "Sampled 2.6M training triplets (query, passage, relevance) with a positive-to-negative ratio of 1. Maximum sequence length of concatenated question-passage pairs set to 256 tokens.",
    "Hyperparameters": {
      "optimizer": "AdamW",
      "batch_size": 128,
      "learning_rate": "2e-5",
      "steps": "20k",
      "loss_function": "binary cross-entropy loss",
      "activation_function": "sigmoid"
    }
  },
  "Evaluation": {
    "Evaluation_Data": [
      "mMARCO-fr"
    ],
    "Performance_Metrics": {
      "Recall@500": 97.33,
      "Recall@100": 88.1,
      "Recall@10": 62.61,
      "MRR@10": 35.23
    },
    "Source": "https://ir-datasets.com/mmarco.html#mmarco/v2/fr/"
  },
  "Intended_Use": {
    "Task": [
      "Passage Reranking",
      "Semantic Search"
    ]
  },
  "Bias_Risks_and_Limitations": {
    "Limitations": "Not provided"
  },
  "License": "MIT"
}