{
  "Model_Description": {
    "Name": "ByteDance-Seed/Seed-OSS-36B-Instruct",
    "Description": "Seed-OSS is a series of open-source large language models developed by ByteDance's Seed Team, designed for powerful long-context, reasoning, agent and general capabilities, and versatile developer-friendly features. This model card specifically describes the `Seed-OSS-36B-Instruct` model, which is primarily optimized for international (i18n) use cases."
  },
  "Model_Sources": {
    "Repository": "https://github.com/ByteDance-Seed/seed-oss",
    "Paper": "Not provided",
    "Demo": "Not provided"
  },
  "Citation": "@misc{seed2025seed-oss,\n  author={ByteDance Seed Team},\n  title={Seed-OSS Open-Source Models},\n  year={2025},\n  howpublished={\\url{https://github.com/ByteDance-Seed/seed-oss}}\n}",
  "Contact": {
    "Author": "ByteDance Seed Team",
    "Email": "Not provided",
    "Community": [
      "https://seed.bytedance.com/",
      "https://huggingface.co/collections/ByteDance-Seed/seed-oss-68a609f4201e788db05b5dcd"
    ]
  },
  "Technical_Requirements": {
    "Software": [
      "Python 3",
      "transformers@56d68c6706ee052b445e1e476056ed92ac5eb383",
      "vllm >= 0.10.0"
    ],
    "Hardware": {
      "CPU": "Not provided",
      "GPU": "Not provided",
      "RAM": "Not provided",
      "Storage": "Not provided"
    }
  },
  "Access_and_Distribution": {
    "Download_Link": "Not provided",
    "Model_Variants": []
  },
  "Dataset": {
    "Name": "Not provided",
    "Sources": "Not provided",
    "Description": "Not provided"
  },
  "Model_Architecture": {
    "Architecture_Type": "Causal language model",
    "Base_Architecture": "Not provided",
    "Number_Parameters": "36B",
    "Parameters": {
      "Attention": "GQA",
      "Activation Function": "SwiGLU",
      "Number of Layers": 64,
      "Number of QKV Heads": "80 / 8 / 8",
      "Head Size": 128,
      "Hidden Size": 5120,
      "Vocabulary Size": "155K",
      "Context Length": "512K",
      "RoPE Base Frequency": "1e7"
    },
    "Input_Type": "Text",
    "Output_Type": "Text"
  },
  "Training_Details": {
    "Training_Data": "Not provided",
    "Preprocessing": "Not provided",
    "Hyperparameters": "Not provided"
  },
  "Evaluation": {
    "Evaluation_Data": [
      "MMLU-Pro",
      "MMLU",
      "GPQA-D",
      "SuperGPQA",
      "SimpleQA",
      "AIME24",
      "AIME25",
      "BeyondAIME",
      "ArcAGI V2",
      "KORBench",
      "HLE",
      "LiveCodeBench v6",
      "IFEval",
      "TAU1-Retail",
      "TAU1-Airline",
      "SWE-Bench Verified",
      "Multi-SWE-Bench",
      "MMMLU",
      "RULER (128K)",
      "AIR-Bench"
    ],
    "Performance_Metrics": {
      "MMLU-Pro": 82.7,
      "MMLU": 87.4,
      "GPQA-D": 71.4,
      "SuperGPQA": 55.7,
      "SimpleQA": 9.7,
      "AIME24": 91.7,
      "AIME25": 84.7,
      "BeyondAIME": 65,
      "ArcAGI V2": 1.45,
      "KORBench": 70.6,
      "HLE": 10.1,
      "LiveCodeBench v6": 67.4,
      "IFEval": 85.8,
      "TAU1-Retail": 70.4,
      "TAU1-Airline": 46,
      "SWE-Bench Verified (OpenHands)": 56,
      "SWE-Bench Verified (AgentLess 4*10)": 47,
      "Multi-SWE-Bench": 17,
      "MMMLU": 78.4,
      "RULER (128K)": 94.6,
      "AIR-Bench": 75.6
    },
    "Source": "Not provided"
  },
  "Intended_Use": {
    "Task": [
      "Text Generation",
      "Reasoning",
      "Agentic tasks"
    ]
  },
  "Bias_Risks_and_Limitations": {
    "Limitations": "Seed-OSS is primarily optimized for international (i18n) use cases, which may imply limitations for other specific use cases."
  },
  "License": "Apache-2.0"
}