{
  "Model_Description": {
    "Name": "ByteDance-Seed/Seed-X-PPO-7B",
    "Description": "Seed-X is a powerful series of open-source multilingual translation language models, including an instruction model, a reinforcement learning model, and a reward model. This specific repository contains the Seed-X-PPO model, which is RL trained to boost translation capabilities within 7 billion parameters."
  },
  "Model_Sources": {
    "Repository": "https://github.com/ByteDance-Seed/Seed-X-7B",
    "Paper": "https://arxiv.org/pdf/2507.13618",
    "Demo": "https://huggingface.co/spaces/ByteDance-Seed/Seed-X"
  },
  "Citation": "@misc{cheng2025seedxbuildingstrongmultilingual,\n      title={Seed-X: Building Strong Multilingual Translation LLM with 7B Parameters}, \n      author={Shanbo Cheng and Yu Bao and Qian Cao and Luyang Huang and Liyan Kang and Zhicheng Liu and Yu Lu and Wenhao Zhu and Jingwen Chen and Zhichao Huang and Tao Li and Yifu Li and Huiying Lin and Sitong Liu and Ningxin Peng and Shuaijie She and Lu Xu and Nuo Xu and Sen Yang and Runsheng Yu and Yiming Yu and Liehao Zou and Hang Li and Lu Lu and Yuxuan Wang and Yonghui Wu},\n      year={2025},\n      eprint={2507.13618},\n      archivePrefix={arXiv},\n      primaryClass={cs.CL},\n      url={https://arxiv.org/abs/2507.13618}, \n}",
  "Contact": {
    "Author": [
      "Shanbo Cheng",
      "Yu Bao",
      "Qian Cao",
      "Luyang Huang",
      "Liyan Kang",
      "Zhicheng Liu",
      "Yu Lu",
      "Wenhao Zhu",
      "Jingwen Chen",
      "Zhichao Huang",
      "Tao Li",
      "Yifu Li",
      "Huiying Lin",
      "Sitong Liu",
      "Ningxin Peng",
      "Shuaijie She",
      "Lu Xu",
      "Nuo Xu",
      "Sen Yang",
      "Runsheng Yu",
      "Yiming Yu",
      "Liehao Zou",
      "Hang Li",
      "Lu Lu",
      "Yuxuan Wang",
      "Yonghui Wu"
    ],
    "Email": "Not provided",
    "Community": [
      "https://huggingface.co/collections/ByteDance-Seed/seed-x-6878753f2858bc17afa78543"
    ]
  },
  "Technical_Requirements": {
    "Software": [
      "vllm==0.8.0",
      "transformers==4.51.3"
    ],
    "Hardware": {
      "CPU": "Not provided",
      "GPU": "Not provided",
      "RAM": "Not provided",
      "Storage": "Not provided"
    }
  },
  "Access_and_Distribution": {
    "Download_Link": "https://huggingface.co/ByteDance-Seed/Seed-X-PPO-7B",
    "Model_Variants": [
      {
        "Name": "Seed-X-Instruct",
        "Link": "https://huggingface.co/ByteDance-Seed/Seed-X-Instruct-7B",
        "Type": "Not provided",
        "Size": "Not provided",
        "Notes": "Instruction-tuned for alignment with user intent."
      },
      {
        "Name": "Seed-X-PPO-GPTQ-Int8",
        "Link": "https://huggingface.co/ByteDance-Seed/Seed-X-PPO-7B-GPTQ-Int8",
        "Type": "GPTQ 8-bit",
        "Size": "Not provided",
        "Notes": "Not provided"
      },
      {
        "Name": "Seed-X-PPO-AWQ-Int4",
        "Link": "https://huggingface.co/ByteDance-Seed/Seed-X-PPO-7B-AWQ-Int4",
        "Type": "AWQ 4-bit",
        "Size": "Not provided",
        "Notes": "Not provided"
      },
      {
        "Name": "Seed-X-RM",
        "Link": "https://huggingface.co/ByteDance-Seed/Seed-X-RM-7B",
        "Type": "Not provided",
        "Size": "Not provided",
        "Notes": "Reward model to evaluate the quality of translation."
      }
    ]
  },
  "Dataset": {
    "Name": [
      "facebook/flores",
      "google/wmt24pp",
      "FLORES-200",
      "WMT-25",
      "challenge set"
    ],
    "Sources": [
      "Not provided",
      "Not provided",
      "Not provided",
      "Not provided",
      "https://github.com/ByteDance-Seed/Seed-X-7B/tree/main/challenge_set"
    ],
    "Description": "Not provided"
  },
  "Model_Architecture": {
    "Architecture_Type": "Causal language models",
    "Base_Architecture": "Mistral",
    "Number_Parameters": "7B",
    "Parameters": "Not provided",
    "Input_Type": "Text",
    "Output_Type": "Text"
  },
  "Training_Details": {
    "Training_Data": "Not provided",
    "Preprocessing": "Language tags at the end of the prompt are necessary, which are used in PPO training (e.g., <de> for German).",
    "Hyperparameters": "Not provided"
  },
  "Evaluation": {
    "Evaluation_Data": [
      "FLORES-200",
      "WMT-25",
      "challenge set"
    ],
    "Performance_Metrics": "Not provided",
    "Source": "https://arxiv.org/pdf/2507.13618"
  },
  "Intended_Use": {
    "Task": [
      "translation"
    ]
  },
  "Bias_Risks_and_Limitations": {
    "Limitations": "This model is specialized in multilingual translation and is not expected to support other tasks. Unofficial quantized versions are not recommended for local deployment."
  },
  "License": "OpenMDW"
}