{
  "Model_Description": {
    "Name": "UI-TARS-2B-SFT",
    "Description": "UI-TARS is a next-generation native GUI agent model designed to interact seamlessly with graphical user interfaces (GUIs) using human-like perception, reasoning, and action capabilities. Unlike traditional modular frameworks, UI-TARS integrates all key components—perception, reasoning, grounding, and memory—within a single vision-language model (VLM), enabling end-to-end task automation without predefined workflows or manual rules."
  },
  "Model_Sources": {
    "Repository": "https://github.com/bytedance/UI-TARS",
    "Paper": "https://huggingface.co/papers/2501.12326",
    "Demo": "Not provided"
  },
  "Citation": "@article{qin2025ui,\n  title={UI-TARS: Pioneering Automated GUI Interaction with Native Agents},\n  author={Qin, Yujia and Ye, Yining and Fang, Junjie and Wang, Haoming and Liang, Shihao and Tian, Shizuo and Zhang, Junda and Li, Jiahao and Li, Yunxin and Huang, Shijue and others},\n  journal={arXiv preprint arXiv:2501.12326},\n  year={2025}\n}",
  "Contact": {
    "Author": [
      "Qin, Yujia",
      "Ye, Yining",
      "Fang, Junjie",
      "Wang, Haoming",
      "Liang, Shihao",
      "Tian, Shizuo",
      "Zhang, Junda",
      "Li, Jiahao",
      "Li, Yunxin",
      "Huang, Shijue",
      "others"
    ],
    "Email": "Not provided",
    "Community": "Not provided"
  },
  "Technical_Requirements": {
    "Software": [
      "transformers"
    ],
    "Hardware": {
      "CPU": "Not provided",
      "GPU": "Not provided",
      "RAM": "Not provided",
      "Storage": "Not provided"
    }
  },
  "Access_and_Distribution": {
    "Download_Link": "https://huggingface.co/bytedance-research/UI-TARS-2B-SFT",
    "Model_Variants": [
      {
        "Name": "UI-TARS-2B-gguf",
        "Link": "https://huggingface.co/bytedance-research/UI-TARS-2B-gguf",
        "Type": "gguf",
        "Size": "Not provided",
        "Notes": "Not provided"
      },
      {
        "Name": "UI-TARS-7B-SFT",
        "Link": "https://huggingface.co/bytedance-research/UI-TARS-7B-SFT",
        "Type": "SFT",
        "Size": "Not provided",
        "Notes": "Not provided"
      },
      {
        "Name": "UI-TARS-7B-DPO",
        "Link": "https://huggingface.co/bytedance-research/UI-TARS-7B-DPO",
        "Type": "DPO",
        "Size": "Not provided",
        "Notes": "Recommended"
      },
      {
        "Name": "UI-TARS-7B-gguf",
        "Link": "https://huggingface.co/bytedance-research/UI-TARS-7B-gguf",
        "Type": "gguf",
        "Size": "Not provided",
        "Notes": "Not provided"
      },
      {
        "Name": "UI-TARS-72B-SFT",
        "Link": "https://huggingface.co/bytedance-research/UI-TARS-72B-SFT",
        "Type": "SFT",
        "Size": "Not provided",
        "Notes": "Not provided"
      },
      {
        "Name": "UI-TARS-72B-DPO",
        "Link": "https://huggingface.co/bytedance-research/UI-TARS-72B-DPO",
        "Type": "DPO",
        "Size": "Not provided",
        "Notes": "Recommended"
      }
    ]
  },
  "Dataset": {
    "Name": [
      "VisualWebBench",
      "WebSRC",
      "SQAshort",
      "ScreenSpot Pro",
      "ScreenSpot",
      "ScreenSpot v2",
      "Multimodal Mind2Web",
      "AndroidControl",
      "GUIOdyssey",
      "OSWorld (Online)",
      "AndroidWorld (Online)"
    ],
    "Sources": "Not provided",
    "Description": "Not provided"
  },
  "Model_Architecture": {
    "Architecture_Type": "vision-language model (VLM)",
    "Base_Architecture": "Not provided",
    "Number_Parameters": "2B",
    "Parameters": "Not provided",
    "Input_Type": "Image-Text",
    "Output_Type": "Text"
  },
  "Training_Details": {
    "Training_Data": "Not provided",
    "Preprocessing": "Not provided",
    "Hyperparameters": "Not provided"
  },
  "Evaluation": {
    "Evaluation_Data": [
      "VisualWebBench",
      "WebSRC",
      "SQAshort",
      "ScreenSpot Pro",
      "ScreenSpot",
      "ScreenSpot v2",
      "Multimodal Mind2Web",
      "AndroidControl",
      "GUIOdyssey"
    ],
    "Performance_Metrics": {
      "Perception Capabilty Evaluation - VisualWebBench": 72.9,
      "Perception Capabilty Evaluation - WebSRC": 89.2,
      "Perception Capabilty Evaluation - SQAshort": 86.4,
      "Grounding Capability Evaluation - ScreenSpot Pro - Dev-Text": 47.4,
      "Grounding Capability Evaluation - ScreenSpot Pro - Dev-Icon": 4.1,
      "Grounding Capability Evaluation - ScreenSpot Pro - Dev-Avg": 26.4,
      "Grounding Capability Evaluation - ScreenSpot Pro - Creative-Text": 42.9,
      "Grounding Capability Evaluation - ScreenSpot Pro - Creative-Icon": 6.3,
      "Grounding Capability Evaluation - ScreenSpot Pro - Creative-Avg": 27.6,
      "Grounding Capability Evaluation - ScreenSpot Pro - CAD-Text": 17.8,
      "Grounding Capability Evaluation - ScreenSpot Pro - CAD-Icon": 4.7,
      "Grounding Capability Evaluation - ScreenSpot Pro - CAD-Avg": 14.6,
      "Grounding Capability Evaluation - ScreenSpot Pro - Scientific-Text": 56.9,
      "Grounding Capability Evaluation - ScreenSpot Pro - Scientific-Icon": 17.3,
      "Grounding Capability Evaluation - ScreenSpot Pro - Scientific-Avg": 39.8,
      "Grounding Capability Evaluation - ScreenSpot Pro - Office-Text": 50.3,
      "Grounding Capability Evaluation - ScreenSpot Pro - Office-Icon": 17.0,
      "Grounding Capability Evaluation - ScreenSpot Pro - Office-Avg": 42.6,
      "Grounding Capability Evaluation - ScreenSpot Pro - OS-Text": 21.5,
      "Grounding Capability Evaluation - ScreenSpot Pro - OS-Icon": 5.6,
      "Grounding Capability Evaluation - ScreenSpot Pro - OS-Avg": 14.3,
      "Grounding Capability Evaluation - ScreenSpot Pro - Avg-Text": 39.6,
      "Grounding Capability Evaluation - ScreenSpot Pro - Avg-Icon": 8.4,
      "Grounding Capability Evaluation - ScreenSpot Pro - Avg": 27.7,
      "Grounding Capability Evaluation - ScreenSpot - Mobile-Text": 93.0,
      "Grounding Capability Evaluation - ScreenSpot - Mobile-Icon/Widget": 75.5,
      "Grounding Capability Evaluation - ScreenSpot - Desktop-Text": 90.7,
      "Grounding Capability Evaluation - ScreenSpot - Desktop-Icon/Widget": 68.6,
      "Grounding Capability Evaluation - ScreenSpot - Web-Text": 84.3,
      "Grounding Capability Evaluation - ScreenSpot - Web-Icon/Widget": 74.8,
      "Grounding Capability Evaluation - ScreenSpot - Avg": 82.3,
      "Grounding Capability Evaluation - ScreenSpot v2 - Mobile-Text": 95.2,
      "Grounding Capability Evaluation - ScreenSpot v2 - Mobile-Icon/Widget": 79.1,
      "Grounding Capability Evaluation - ScreenSpot v2 - Desktop-Text": 90.7,
      "Grounding Capability Evaluation - ScreenSpot v2 - Desktop-Icon/Widget": 68.6,
      "Grounding Capability Evaluation - ScreenSpot v2 - Web-Text": 87.2,
      "Grounding Capability Evaluation - ScreenSpot v2 - Web-Icon/Widget": 78.3,
      "Grounding Capability Evaluation - ScreenSpot v2 - Avg": 84.7,
      "Offline Agent Capability Evaluation - Multimodal Mind2Web - Cross-Task Ele.Acc": 62.3,
      "Offline Agent Capability Evaluation - Multimodal Mind2Web - Cross-Task Op.F1": 90.0,
      "Offline Agent Capability Evaluation - Multimodal Mind2Web - Cross-Task Step SR": 56.3,
      "Offline Agent Capability Evaluation - Multimodal Mind2Web - Cross-Website Ele.Acc": 58.5,
      "Offline Agent Capability Evaluation - Multimodal Mind2Web - Cross-Website Op.F1": 87.2,
      "Offline Agent Capability Evaluation - Multimodal Mind2Web - Cross-Website Step SR": 50.8,
      "Offline Agent Capability Evaluation - Multimodal Mind2Web - Cross-Domain Ele.Acc": 58.8,
      "Offline Agent Capability Evaluation - Multimodal Mind2Web - Cross-Domain Op.F1": 89.6,
      "Offline Agent Capability Evaluation - Multimodal Mind2Web - Cross-Domain Step SR": 52.3,
      "Offline Agent Capability Evaluation - AndroidControl - AndroidControl-Low Type": 98.1,
      "Offline Agent Capability Evaluation - AndroidControl - AndroidControl-Low Grounding": 87.3,
      "Offline Agent Capability Evaluation - AndroidControl - AndroidControl-Low SR": 89.3,
      "Offline Agent Capability Evaluation - AndroidControl - AndroidControl-High Type": 81.2,
      "Offline Agent Capability Evaluation - AndroidControl - AndroidControl-High Grounding": 78.4,
      "Offline Agent Capability Evaluation - AndroidControl - AndroidControl-High SR": 68.9,
      "Offline Agent Capability Evaluation - GUIOdyssey - GUIOdyssey Type": 93.9,
      "Offline Agent Capability Evaluation - GUIOdyssey - GUIOdyssey Grounding": 86.8,
      "Offline Agent Capability Evaluation - GUIOdyssey - GUIOdyssey SR": 83.4
    },
    "Source": "Not provided"
  },
  "Intended_Use": {
    "Task": [
      "image-text-to-text",
      "GUI agent model",
      "end-to-end task automation"
    ]
  },
  "Bias_Risks_and_Limitations": {
    "Limitations": "Not provided"
  },
  "License": "apache-2.0"
}