{
  "Model_Description": {
    "Name": "ByteDance-Seed/UI-TARS-1.5-7B",
    "Description": "UI-TARS-1.5 is an open-source multimodal agent built upon a powerful vision-language model. It is capable of effectively performing diverse tasks within virtual worlds."
  },
  "Model_Sources": {
    "Repository": "https://github.com/bytedance/UI-TARS",
    "Paper": "https://arxiv.org/abs/2501.12326",
    "Demo": [
      "https://huggingface.co/datasets/JjjFangg/Demo_video/resolve/main/GUI_demo.mp4",
      "https://huggingface.co/datasets/JjjFangg/Demo_video/resolve/main/Game_demo.mp4"
    ]
  },
  "Citation": "@article{qin2025ui,\n  title={UI-TARS: Pioneering Automated GUI Interaction with Native Agents},\n  author={Qin, Yujia and Ye, Yining and Fang, Junjie and Wang, Haoming and Liang, Shihao and Tian, Shizuo and Zhang, Junda and Li, Jiahao and Li, Yunxin and Huang, Shijue and others},\n  journal={arXiv preprint arXiv:2501.12326},\n  year={2025}\n}",
  "Contact": {
    "Author": "Not provided",
    "Email": "TARS@bytedance.com",
    "Community": "Not provided"
  },
  "Technical_Requirements": {
    "Software": "transformers",
    "Hardware": {
      "CPU": "Not provided",
      "GPU": "Not provided",
      "RAM": "Not provided",
      "Storage": "Not provided"
    }
  },
  "Access_and_Distribution": {
    "Download_Link": "Not provided",
    "Model_Variants": []
  },
  "Dataset": {
    "Name": [
      "OSworld",
      "Windows Agent Arena",
      "WebVoyager",
      "Online-Mind2web",
      "Android World",
      "ScreensSpot-V2",
      "ScreenSpotPro",
      "Poki Game",
      "Minecraft"
    ],
    "Sources": [
      "https://arxiv.org/abs/2404.07972",
      "https://arxiv.org/abs/2409.08264",
      "https://arxiv.org/abs/2401.13919",
      "https://arxiv.org/abs/2504.01382",
      "https://arxiv.org/abs/2405.14573",
      "https://arxiv.org/pdf/2410.23218",
      "https://arxiv.org/pdf/2504.07981v1",
      "https://poki.com/en/g/2048",
      "https://poki.com/en/g/cubinko",
      "https://poki.com/en/g/energy",
      "https://poki.com/en/g/free-the-key",
      "https://poki.com/en/g/gem-11",
      "https://poki.com/en/g/hex-frvr",
      "https://poki.com/en/g/infinity-loop",
      "https://poki.com/en/g/maze-path-of-light",
      "https://poki.com/en/g/shapes",
      "https://poki.com/en/g/snake-solver",
      "https://poki.com/en/g/wood-blocks-3d",
      "https://poki.com/en/g/yarn-untangle",
      "https://poki.com/en/g/laser-maze-puzzle",
      "https://poki.com/en/g/tiles-master",
      "https://openai.com/index/vpt/",
      "https://www.nature.com/articles/s41586-025-08744-2"
    ],
    "Description": "Not provided"
  },
  "Model_Architecture": {
    "Architecture_Type": "Multimodal Vision-Language Agent",
    "Base_Architecture": "Not provided",
    "Number_Parameters": "7B",
    "Parameters": "Not provided",
    "Input_Type": "Image-Text",
    "Output_Type": "Text"
  },
  "Training_Details": {
    "Training_Data": "Not provided",
    "Preprocessing": "Not provided",
    "Hyperparameters": "Not provided"
  },
  "Evaluation": {
    "Evaluation_Data": [
      "OSworld",
      "ScreenSpotPro"
    ],
    "Performance_Metrics": {
      "OSworld": 27.5,
      "ScreenSpotPro": 49.6
    },
    "Source": "Not provided"
  },
  "Intended_Use": {
    "Task": [
      "image-text-to-text",
      "GUI tasks",
      "Playing games"
    ]
  },
  "Bias_Risks_and_Limitations": {
    "Limitations": "Not provided"
  },
  "License": "Apache-2.0"
}