{
  "Model_Description": {
    "Name": "UI-TARS-7B-SFT",
    "Description": "UI-TARS is a next-generation native GUI agent model designed to interact seamlessly with graphical user interfaces (GUIs) using human-like perception, reasoning, and action capabilities, enabling end-to-end task automation."
  },
  "Model_Sources": {
    "Repository": "https://github.com/bytedance/UI-TARS",
    "Paper": "https://huggingface.co/papers/2501.12326",
    "Demo": "Not provided"
  },
  "Citation": "@article{qin2025ui,\n  title={UI-TARS: Pioneering Automated GUI Interaction with Native Agents},\n  author={Qin, Yujia and Ye, Yining and Fang, Junjie and Wang, Haoming and Liang, Shihao and Tian, Shizuo and Zhang, Junda and Li, Jiahao and Li, Yunxin and Huang, Shijue and others},\n  journal={arXiv preprint arXiv:2501.12326},\n  year={2025}\n}",
  "Contact": {
    "Author": [
      "Qin, Yujia",
      "Ye, Yining",
      "Fang, Junjie",
      "Wang, Haoming",
      "Liang, Shihao",
      "Tian, Shizuo",
      "Zhang, Junda",
      "Li, Jiahao",
      "Li, Yunxin",
      "Huang, Shijue",
      "others"
    ],
    "Email": "Not provided",
    "Community": "Not provided"
  },
  "Technical_Requirements": {
    "Software": "transformers",
    "Hardware": {
      "CPU": "Not provided",
      "GPU": "Not provided",
      "RAM": "Not provided",
      "Storage": "Not provided"
    }
  },
  "Access_and_Distribution": {
    "Download_Link": "https://huggingface.co/bytedance-research/UI-TARS-7B-SFT",
    "Model_Variants": [
      {
        "Name": "UI-TARS-2B-SFT",
        "Link": "https://huggingface.co/bytedance-research/UI-TARS-2B-SFT",
        "Type": "Not provided",
        "Size": "Not provided",
        "Notes": "Not provided"
      },
      {
        "Name": "UI-TARS-7B-DPO",
        "Link": "https://huggingface.co/bytedance-research/UI-TARS-7B-DPO",
        "Type": "Not provided",
        "Size": "Not provided",
        "Notes": "Recommended"
      },
      {
        "Name": "UI-TARS-72B-SFT",
        "Link": "https://huggingface.co/bytedance-research/UI-TARS-72B-SFT",
        "Type": "Not provided",
        "Size": "Not provided",
        "Notes": "Not provided"
      },
      {
        "Name": "UI-TARS-72B-DPO",
        "Link": "https://huggingface.co/bytedance-research/UI-TARS-72B-DPO",
        "Type": "Not provided",
        "Size": "Not provided",
        "Notes": "Recommended"
      }
    ]
  },
  "Dataset": {
    "Name": [
      "VisualWebBench",
      "WebSRC",
      "SQAshort",
      "ScreenSpot Pro",
      "ScreenSpot",
      "ScreenSpot v2",
      "Multimodal Mind2Web",
      "Android Control",
      "GUI Odyssey",
      "OSWorld (Online)",
      "AndroidWorld (Online)"
    ],
    "Sources": "Not provided",
    "Description": "Not provided"
  },
  "Model_Architecture": {
    "Architecture_Type": "Vision-Language Model",
    "Base_Architecture": "Not provided",
    "Number_Parameters": "7 Billion",
    "Parameters": "Not provided",
    "Input_Type": "Image-Text",
    "Output_Type": "Text"
  },
  "Training_Details": {
    "Training_Data": "Not provided",
    "Preprocessing": "Not provided",
    "Hyperparameters": "Not provided"
  },
  "Evaluation": {
    "Evaluation_Data": [
      "VisualWebBench",
      "WebSRC",
      "SQAshort",
      "ScreenSpot Pro",
      "ScreenSpot",
      "ScreenSpot v2",
      "Multimodal Mind2Web",
      "Android Control",
      "GUI Odyssey",
      "OSWorld (Online)",
      "AndroidWorld (Online)"
    ],
    "Performance_Metrics": {
      "VisualWebBench": 79.7,
      "WebSRC": 93.6,
      "SQAshort": 87.7,
      "ScreenSpot Pro Dev-Text": 58.4,
      "ScreenSpot Pro Dev-Icon": 12.4,
      "ScreenSpot Pro Dev-Avg": 36.1,
      "ScreenSpot Pro Creative-Text": 50.0,
      "ScreenSpot Pro Creative-Icon": 9.1,
      "ScreenSpot Pro Creative-Avg": 32.8,
      "ScreenSpot Pro CAD-Text": 20.8,
      "ScreenSpot Pro CAD-Icon": 9.4,
      "ScreenSpot Pro CAD-Avg": 18.0,
      "ScreenSpot Pro Scientific-Text": 63.9,
      "ScreenSpot Pro Scientific-Icon": 31.8,
      "ScreenSpot Pro Scientific-Avg": 50.0,
      "ScreenSpot Pro Office-Text": 63.3,
      "ScreenSpot Pro Office-Icon": 20.8,
      "ScreenSpot Pro Office-Avg": 53.5,
      "ScreenSpot Pro OS-Text": 30.8,
      "ScreenSpot Pro OS-Icon": 16.9,
      "ScreenSpot Pro OS-Avg": 24.5,
      "ScreenSpot Pro Avg-Text": 47.8,
      "ScreenSpot Pro Avg-Icon": 16.2,
      "ScreenSpot Pro Avg": 35.7,
      "ScreenSpot Mobile-Text": 94.5,
      "ScreenSpot Mobile-Icon/Widget": 85.2,
      "ScreenSpot Desktop-Text": 95.9,
      "ScreenSpot Desktop-Icon/Widget": 85.7,
      "ScreenSpot Web-Text": 90.0,
      "ScreenSpot Web-Icon/Widget": 83.5,
      "ScreenSpot Avg": 89.5,
      "ScreenSpot v2 Mobile-Text": 96.9,
      "ScreenSpot v2 Mobile-Icon/Widget": 89.1,
      "ScreenSpot v2 Desktop-Text": 95.4,
      "ScreenSpot v2 Desktop-Icon/Widget": 85.0,
      "ScreenSpot v2 Web-Text": 93.6,
      "ScreenSpot v2 Web-Icon/Widget": 85.2,
      "ScreenSpot v2 Avg": 91.6,
      "Multimodal Mind2Web Cross-Task Ele.Acc": 73.1,
      "Multimodal Mind2Web Cross-Task Op.F1": 92.2,
      "Multimodal Mind2Web Cross-Task Step SR": 67.1,
      "Multimodal Mind2Web Cross-Website Ele.Acc": 68.2,
      "Multimodal Mind2Web Cross-Website Op.F1": 90.9,
      "Multimodal Mind2Web Cross-Website Step SR": 61.7,
      "Multimodal Mind2Web Cross-Domain Ele.Acc": 66.6,
      "Multimodal Mind2Web Cross-Domain Op.F1": 90.9,
      "Multimodal Mind2Web Cross-Domain Step SR": 60.5,
      "AndroidControl-Low Type": 98.0,
      "AndroidControl-Low Grounding": 89.3,
      "AndroidControl-Low SR": 90.8,
      "AndroidControl-High Type": 83.7,
      "AndroidControl-High Grounding": 80.5,
      "AndroidControl-High SR": 72.5,
      "GUIOdyssey Type": 94.6,
      "GUIOdyssey Grounding": 90.1,
      "GUIOdyssey SR": 87.0,
      "OSWorld (Online)": 17.7,
      "AndroidWorld (Online)": 33.0
    },
    "Source": "Not provided"
  },
  "Intended_Use": {
    "Task": [
      "GUI interaction",
      "Task automation",
      "Image-text to text generation"
    ]
  },
  "Bias_Risks_and_Limitations": {
    "Limitations": "Not provided"
  },
  "License": "Apache-2.0"
}