{
  "Model_Description": {
    "Name": "Cnam-LMSSC/wav2vec2-french-phonemizer",
    "Description": "This model is a fine-tuned Wav2Vec2-base model for French speech-to-phoneme task, trained on Common Voice v13."
  },
  "Model_Sources": {
    "Repository": "https://huggingface.co/Cnam-LMSSC/wav2vec2-french-phonemizer",
    "Paper": "https://arxiv.org/pdf/2006.11477.pdf",
    "Demo": "https://huggingface.co/Cnam-LMSSC/wav2vec2-french-phonemizer"
  },
  "Citation": "@misc {lmssc-wav2vec2-base-phonemizer-french_2023,\n\tauthor       = { Olivier, Malo AND Hauret, Julien AND Bavu, {É}ric },\n\ttitle        = { wav2vec2-french-phonemizer (Revision e715906) },\n\tyear         = 2023,\n\turl          = { https://huggingface.co/Cnam-LMSSC/wav2vec2-french-phonemizer },\n\tdoi          = { 10.57967/hf/1339 },\n\tpublisher    = { Hugging Face }\n}",
  "Contact": {
    "Author": [
      "Olivier, Malo",
      "Hauret, Julien",
      "Bavu, Éric"
    ],
    "Email": "Not provided",
    "Community": "Not provided"
  },
  "Technical_Requirements": {
    "Software": [
      "pandas",
      "huggingsound",
      "torch",
      "transformers",
      "datasets",
      "soundfile",
      "numpy"
    ],
    "Hardware": {
      "CPU": "Not provided",
      "GPU": [
        "NVIDIA 2080 Ti"
      ],
      "RAM": "Not provided",
      "Storage": "Not provided"
    }
  },
  "Access_and_Distribution": {
    "Download_Link": "Not provided",
    "Model_Variants": []
  },
  "Dataset": {
    "Name": [
      "Common Voice v13",
      "Multilingual Librispeech"
    ],
    "Sources": [
      "https://huggingface.co/datasets/mozilla-foundation/common_voice_13_0"
    ],
    "Description": "Datasets used for training and evaluation of a French speech-to-phoneme model."
  },
  "Model_Architecture": {
    "Architecture_Type": "Encoder-only Transformer",
    "Base_Architecture": "wav2vec2-base-fr-voxpopuli-v2",
    "Number_Parameters": "Not provided",
    "Parameters": "Not provided",
    "Input_Type": "Audio",
    "Output_Type": "Phonetic transcription (IPA)"
  },
  "Training_Details": {
    "Training_Data": "Commonvoice-v13 (FR)",
    "Preprocessing": "Audio input sampled at 16kHz.",
    "Hyperparameters": {
      "epochs": 14,
      "learning_rate_schedule_type": "Double Tri-state schedule",
      "lr_warmup_phase1": "1e-5 for 7% of total updates",
      "lr_constant_phase1": "1e-4 for 28% of total updates",
      "lr_linear_decrease_phase1": "to 1e-6 for 36% of total updates",
      "lr_warmup_phase2": "to 3e-5 for 3% of total updates",
      "lr_constant_phase2": "3e-5 for 12% of total updates",
      "lr_linear_decrease_phase2": "to 1e-7 for remaining 14% of updates",
      "gradient_accumulation_procedure": true,
      "audios_per_update": 256,
      "ddp_strategy": true
    }
  },
  "Evaluation": {
    "Evaluation_Data": [
      "Common Voice v13 (French)",
      "Multilingual Librispeech (French)"
    ],
    "Performance_Metrics": {
      "PER on Common Voice v13 (French)": 5.52,
      "PER on Multilingual Librispeech (French)": 4.36
    },
    "Source": "Not provided"
  },
  "Intended_Use": {
    "Task": [
      "speech-to-phoneme"
    ]
  },
  "Bias_Risks_and_Limitations": {
    "Limitations": "The model outputs IPA-encoded words without punctuation, which may require an external tool for easy human readability."
  },
  "License": "MIT"
}