{
  "Model_Description": {
    "Name": "Casual-Autopsy/snowflake-arctic-embed-l-v2.0-gguf",
    "Description": "Snowflake arctic-embed-l-v2.0 is an embedding model optimizing for retrieval performance and inference efficiency. It introduces a new standard for multilingual embedding models, combining high-quality multilingual text retrieval without sacrificing performance in English."
  },
  "Model_Sources": {
    "Repository": "https://huggingface.co/Snowflake/snowflake-arctic-embed-l-v2.0",
    "Paper": "https://arxiv.org/abs/2412.04506",
    "Demo": "Not provided"
  },
  "Citation": "Not provided",
  "Contact": {
    "Author": "Daniel Campos",
    "Email": "daniel.campos@snowflake.com",
    "Community": "Not provided"
  },
  "Technical_Requirements": {
    "Software": [
      "sentence_transformers",
      "torch",
      "transformers",
      "@huggingface/transformers"
    ],
    "Hardware": {
      "CPU": "Not provided",
      "GPU": "Not provided",
      "RAM": "Not provided",
      "Storage": "Not provided"
    }
  },
  "Access_and_Distribution": {
    "Download_Link": "https://huggingface.co/Snowflake/snowflake-arctic-embed-l-v2.0",
    "Model_Variants": []
  },
  "Dataset": {
    "Name": [
      "MTEB Retrieval",
      "MIRACL",
      "CLEF",
      "BEIR (15)"
    ],
    "Sources": "Not provided",
    "Description": "Not provided"
  },
  "Model_Architecture": {
    "Architecture_Type": "Encoder-only Transformer",
    "Base_Architecture": "BAAI/bge-m3-retromae",
    "Number_Parameters": "568M",
    "Parameters": {
      "dimensions": 1024,
      "context_length": 8192
    },
    "Input_Type": "Text",
    "Output_Type": "Embeddings"
  },
  "Training_Details": {
    "Training_Data": "Not provided",
    "Preprocessing": "Not provided",
    "Hyperparameters": "Not provided"
  },
  "Evaluation": {
    "Evaluation_Data": [
      "BEIR (15)",
      "MIRACL (4)",
      "CLEF (Focused)",
      "CLEF (Full)"
    ],
    "Performance_Metrics": {
      "NDCG@10_BEIR (15)": 55.6,
      "NDCG@10_MIRACL (4)": 55.8,
      "NDCG@10_CLEF (Focused)": 52.9,
      "NDCG@10_CLEF (Full)": 54.3
    },
    "Source": "Not provided"
  },
  "Intended_Use": {
    "Task": [
      "sentence-similarity",
      "text retrieval",
      "multilingual search"
    ]
  },
  "Bias_Risks_and_Limitations": {
    "Limitations": "Not provided"
  },
  "License": "Apache-2.0"
}