{
  "Model_Description": {
    "Name": "bigscience/bloomz-1b1",
    "Description": "BLOOMZ & mT0 is a family of models capable of following human instructions in dozens of languages zero-shot. It finetunes BLOOM & mT5 pretrained multilingual language models on a crosslingual task mixture (xP3) for crosslingual generalization to unseen tasks & languages."
  },
  "Model_Sources": {
    "Repository": "https://github.com/bigscience-workshop/xmtf",
    "Paper": "https://arxiv.org/abs/2211.01786",
    "Demo": "Not provided"
  },
  "Citation": "@article{muennighoff2022crosslingual,\n  title={Crosslingual generalization through multitask finetuning},\n  author={Muennighoff, Niklas and Wang, Thomas and Sutawika, Lintang and Roberts, Adam and Biderman, Stella and Scao, Teven Le and Bari, M Saiful and Shen, Sheng and Yong, Zheng-Xin and Schoelkopf, Hailey and others},\n  journal={arXiv preprint arXiv:2211.01786},\n  year={2022}\n}",
  "Contact": {
    "Author": "Niklas Muennighoff",
    "Email": "niklas@hf.co",
    "Community": "Not provided"
  },
  "Technical_Requirements": {
    "Software": [
      "transformers",
      "accelerate",
      "bitsandbytes",
      "Megatron-DeepSpeed",
      "DeepSpeed",
      "PyTorch (pytorch-1.11 w/ CUDA-11.5)",
      "apex"
    ],
    "Hardware": {
      "CPU": "AMD CPUs",
      "GPU": "A100 80GB GPUs",
      "RAM": "512GB memory per node",
      "Storage": "Not provided"
    }
  },
  "Access_and_Distribution": {
    "Download_Link": "Not provided",
    "Model_Variants": [
      {
        "Name": "mt0-small",
        "Link": "https://huggingface.co/bigscience/mt0-small",
        "Type": "Not provided",
        "Size": "Not provided",
        "Notes": "Parameters: 300M"
      },
      {
        "Name": "mt0-base",
        "Link": "https://huggingface.co/bigscience/mt0-base",
        "Type": "Not provided",
        "Size": "Not provided",
        "Notes": "Parameters: 580M"
      },
      {
        "Name": "mt0-large",
        "Link": "https://huggingface.co/bigscience/mt0-large",
        "Type": "Not provided",
        "Size": "Not provided",
        "Notes": "Parameters: 1.2B"
      },
      {
        "Name": "mt0-xl",
        "Link": "https://huggingface.co/bigscience/mt0-xl",
        "Type": "Not provided",
        "Size": "Not provided",
        "Notes": "Parameters: 3.7B"
      },
      {
        "Name": "mt0-xxl",
        "Link": "https://huggingface.co/bigscience/mt0-xxl",
        "Type": "Not provided",
        "Size": "Not provided",
        "Notes": "Parameters: 13B"
      },
      {
        "Name": "bloomz-560m",
        "Link": "https://huggingface.co/bigscience/bloomz-560m",
        "Type": "Not provided",
        "Size": "Not provided",
        "Notes": "Parameters: 560M"
      },
      {
        "Name": "bloomz-1b1",
        "Link": "https://huggingface.co/bigscience/bloomz-1b1",
        "Type": "Not provided",
        "Size": "Not provided",
        "Notes": "Parameters: 1.1B"
      },
      {
        "Name": "bloomz-1b7",
        "Link": "https://huggingface.co/bigscience/bloomz-1b7",
        "Type": "Not provided",
        "Size": "Not provided",
        "Notes": "Parameters: 1.7B"
      },
      {
        "Name": "bloomz-3b",
        "Link": "https://huggingface.co/bigscience/bloomz-3b",
        "Type": "Not provided",
        "Size": "Not provided",
        "Notes": "Parameters: 3B"
      },
      {
        "Name": "bloomz-7b1",
        "Link": "https://huggingface.co/bigscience/bloomz-7b1",
        "Type": "Not provided",
        "Size": "Not provided",
        "Notes": "Parameters: 7.1B"
      },
      {
        "Name": "bloomz",
        "Link": "https://huggingface.co/bigscience/bloomz",
        "Type": "Not provided",
        "Size": "Not provided",
        "Notes": "Parameters: 176B"
      },
      {
        "Name": "mt0-xxl-mt",
        "Link": "https://huggingface.co/bigscience/mt0-xxl-mt",
        "Type": "Not provided",
        "Size": "Not provided",
        "Notes": "Parameters: 13B"
      },
      {
        "Name": "bloomz-7b1-mt",
        "Link": "https://huggingface.co/bigscience/bloomz-7b1-mt",
        "Type": "Not provided",
        "Size": "Not provided",
        "Notes": "Parameters: 7.1B"
      },
      {
        "Name": "bloomz-mt",
        "Link": "https://huggingface.co/bigscience/bloomz-mt",
        "Type": "Not provided",
        "Size": "Not provided",
        "Notes": "Parameters: 176B"
      },
      {
        "Name": "mt0-xxl-p3",
        "Link": "https://huggingface.co/bigscience/mt0-xxl-p3",
        "Type": "Not provided",
        "Size": "Not provided",
        "Notes": "Parameters: 13B"
      },
      {
        "Name": "bloomz-7b1-p3",
        "Link": "https://huggingface.co/bigscience/bloomz-7b1-p3",
        "Type": "Not provided",
        "Size": "Not provided",
        "Notes": "Parameters: 7.1B"
      },
      {
        "Name": "bloomz-p3",
        "Link": "https://huggingface.co/bigscience/bloomz-p3",
        "Type": "Not provided",
        "Size": "Not provided",
        "Notes": "Parameters: 176B"
      },
      {
        "Name": "mt5-small",
        "Link": "https://huggingface.co/google/mt5-small",
        "Type": "Not provided",
        "Size": "Not provided",
        "Notes": "Parameters: 300M"
      },
      {
        "Name": "mt5-base",
        "Link": "https://huggingface.co/google/mt5-base",
        "Type": "Not provided",
        "Size": "Not provided",
        "Notes": "Parameters: 580M"
      },
      {
        "Name": "mt5-large",
        "Link": "https://huggingface.co/google/mt5-large",
        "Type": "Not provided",
        "Size": "Not provided",
        "Notes": "Parameters: 1.2B"
      },
      {
        "Name": "mt5-xl",
        "Link": "https://huggingface.co/google/mt5-xl",
        "Type": "Not provided",
        "Size": "Not provided",
        "Notes": "Parameters: 3.7B"
      },
      {
        "Name": "mt5-xxl",
        "Link": "https://huggingface.co/google/mt5-xxl",
        "Type": "Not provided",
        "Size": "Not provided",
        "Notes": "Parameters: 13B"
      },
      {
        "Name": "bloom-560m",
        "Link": "https://huggingface.co/bigscience/bloom-560m",
        "Type": "Not provided",
        "Size": "Not provided",
        "Notes": "Parameters: 560M"
      },
      {
        "Name": "bloom-1b1",
        "Link": "https://huggingface.co/bigscience/bloom-1b1",
        "Type": "Not provided",
        "Size": "Not provided",
        "Notes": "Parameters: 1.1B"
      },
      {
        "Name": "bloom-1b7",
        "Link": "https://huggingface.co/bigscience/bloom-1b7",
        "Type": "Not provided",
        "Size": "Not provided",
        "Notes": "Parameters: 1.7B"
      },
      {
        "Name": "bloom-3b",
        "Link": "https://huggingface.co/bigscience/bloom-3b",
        "Type": "Not provided",
        "Size": "Not provided",
        "Notes": "Parameters: 3B"
      },
      {
        "Name": "bloom-7b1",
        "Link": "https://huggingface.co/bigscience/bloom-7b1",
        "Type": "Not provided",
        "Size": "Not provided",
        "Notes": "Parameters: 7.1B"
      },
      {
        "Name": "bloom",
        "Link": "https://huggingface.co/bigscience/bloom",
        "Type": "Not provided",
        "Size": "Not provided",
        "Notes": "Parameters: 176B"
      }
    ]
  },
  "Dataset": {
    "Name": [
      "bigscience/xP3",
      "Winogrande XL",
      "XWinograd",
      "ANLI",
      "SuperGLUE",
      "XNLI",
      "HumanEval",
      "StoryCloze (2016)",
      "XCOPA",
      "XStoryCloze"
    ],
    "Sources": [
      "https://huggingface.co/datasets/bigscience/xP3",
      "https://huggingface.co/datasets/bigscience/xP3mt",
      "https://huggingface.co/datasets/Muennighoff/P3",
      "https://huggingface.co/datasets/winogrande",
      "https://huggingface.co/datasets/Muennighoff/xwinograd",
      "https://huggingface.co/datasets/anli",
      "https://huggingface.co/datasets/super_glue",
      "https://huggingface.co/datasets/xnli",
      "https://huggingface.co/datasets/openai_humaneval",
      "https://huggingface.co/datasets/story_cloze",
      "https://huggingface.co/datasets/xcopa",
      "https://huggingface.co/datasets/Muennighoff/xstory_cloze"
    ],
    "Description": "xP3 is a crosslingual task mixture used for finetuning. Other datasets are used for evaluation."
  },
  "Model_Architecture": {
    "Architecture_Type": "Multilingual Language Model",
    "Base_Architecture": "bloom-1b1",
    "Number_Parameters": "1.1B",
    "Parameters": "Not provided",
    "Input_Type": "Text",
    "Output_Type": "Text"
  },
  "Training_Details": {
    "Training_Data": "bigscience/xP3",
    "Preprocessing": "Not provided",
    "Hyperparameters": "Not provided"
  },
  "Evaluation": {
    "Evaluation_Data": [
      "Winogrande XL (xl)",
      "XWinograd (en)",
      "XWinograd (fr)",
      "XWinograd (jp)",
      "XWinograd (pt)",
      "XWinograd (ru)",
      "XWinograd (zh)",
      "ANLI (r1)",
      "ANLI (r2)",
      "ANLI (r3)",
      "SuperGLUE (cb)",
      "SuperGLUE (rte)",
      "XNLI (ar)",
      "XNLI (bg)",
      "XNLI (de)",
      "XNLI (el)",
      "XNLI (en)",
      "XNLI (es)",
      "XNLI (fr)",
      "XNLI (hi)",
      "XNLI (ru)",
      "XNLI (sw)",
      "XNLI (th)",
      "XNLI (tr)",
      "XNLI (ur)",
      "XNLI (vi)",
      "XNLI (zh)",
      "HumanEval",
      "StoryCloze (2016)",
      "SuperGLUE (copa)",
      "XCOPA (et)",
      "XCOPA (ht)",
      "XCOPA (id)",
      "XCOPA (it)",
      "XCOPA (qu)",
      "XCOPA (sw)",
      "XCOPA (ta)",
      "XCOPA (th)",
      "XCOPA (tr)",
      "XCOPA (vi)",
      "XCOPA (zh)",
      "XStoryCloze (ar)",
      "XStoryCloze (es)",
      "XStoryCloze (eu)",
      "XStoryCloze (hi)",
      "XStoryCloze (id)",
      "XStoryCloze (my)",
      "XStoryCloze (ru)",
      "XStoryCloze (sw)",
      "XStoryCloze (te)",
      "XStoryCloze (zh)"
    ],
    "Performance_Metrics": {
      "Accuracy_Winogrande XL (xl)": 52.33,
      "Accuracy_XWinograd (en)": 50.49,
      "Accuracy_XWinograd (fr)": 59.04,
      "Accuracy_XWinograd (jp)": 51.82,
      "Accuracy_XWinograd (pt)": 54.75,
      "Accuracy_XWinograd (ru)": 53.97,
      "Accuracy_XWinograd (zh)": 55.16,
      "Accuracy_ANLI (r1)": 33.3,
      "Accuracy_ANLI (r2)": 33.5,
      "Accuracy_ANLI (r3)": 34.5,
      "Accuracy_SuperGLUE (cb)": 58.93,
      "Accuracy_SuperGLUE (rte)": 65.7,
      "Accuracy_XNLI (ar)": 46.59,
      "Accuracy_XNLI (bg)": 40.4,
      "Accuracy_XNLI (de)": 40.12,
      "Accuracy_XNLI (el)": 39.32,
      "Accuracy_XNLI (en)": 47.11,
      "Accuracy_XNLI (es)": 47.55,
      "Accuracy_XNLI (fr)": 48.51,
      "Accuracy_XNLI (hi)": 42.89,
      "Accuracy_XNLI (ru)": 42.81,
      "Accuracy_XNLI (sw)": 41.29,
      "Accuracy_XNLI (th)": 42.93,
      "Accuracy_XNLI (tr)": 37.51,
      "Accuracy_XNLI (ur)": 41.37,
      "Accuracy_XNLI (vi)": 47.19,
      "Accuracy_XNLI (zh)": 47.63,
      "Pass@1_HumanEval": 2.62,
      "Pass@10_HumanEval": 6.22,
      "Pass@100_HumanEval": 11.68,
      "Accuracy_StoryCloze (2016)": 62.75,
      "Accuracy_SuperGLUE (copa)": 63.0,
      "Accuracy_XCOPA (et)": 55.0,
      "Accuracy_XCOPA (ht)": 52.0,
      "Accuracy_XCOPA (id)": 60.0,
      "Accuracy_XCOPA (it)": 56.0,
      "Accuracy_XCOPA (qu)": 56.0,
      "Accuracy_XCOPA (sw)": 64.0,
      "Accuracy_XCOPA (ta)": 57.0,
      "Accuracy_XCOPA (th)": 59.0,
      "Accuracy_XCOPA (tr)": 55.0,
      "Accuracy_XCOPA (vi)": 63.0,
      "Accuracy_XCOPA (zh)": 61.0,
      "Accuracy_XStoryCloze (ar)": 53.54,
      "Accuracy_XStoryCloze (es)": 58.37,
      "Accuracy_XStoryCloze (eu)": 52.35,
      "Accuracy_XStoryCloze (hi)": 55.92,
      "Accuracy_XStoryCloze (id)": 57.97,
      "Accuracy_XStoryCloze (my)": 47.05,
      "Accuracy_XStoryCloze (ru)": 50.3,
      "Accuracy_XStoryCloze (sw)": 49.97,
      "Accuracy_XStoryCloze (te)": 55.86,
      "Accuracy_XStoryCloze (zh)": 58.17
    },
    "Source": [
      "https://arxiv.org/abs/2211.01786",
      "https://huggingface.co/datasets/bigscience/evaluation-results"
    ]
  },
  "Intended_Use": {
    "Task": [
      "text-generation",
      "Natural language inference",
      "Sentence completion"
    ]
  },
  "Bias_Risks_and_Limitations": {
    "Limitations": "The model's performance may vary depending on the prompt, requiring clear input termination and sufficient context to avoid unintended continuations or incorrect responses."
  },
  "License": "bigscience-bloom-rail-1.0"
}