{
  "Model_Description": {
    "Name": "bigscience/bloom-1b1 (BigScience Large Open-science Open-access Multilingual Language Model)",
    "Description": "This model is being created to enable public research on large language models (LLMs). It is intended for language generation or as a pretrained base model that can be further fine-tuned for specific tasks."
  },
  "Model_Sources": {
    "Repository": "https://github.com/bigscience-workshop/bigscience/tree/master/train/tr11-176B-ml#readme",
    "Paper": [
      "https://arxiv.org/abs/1909.08053",
      "https://arxiv.org/pdf/2110.02861.pdf",
      "https://arxiv.org/pdf/2108.12409.pdf"
    ],
    "Demo": "https://huggingface.co/spaces/bigscience/bloom-book"
  },
  "Citation": "BigScience, _BigScience Language Open-science Open-access Multilingual (BLOOM) Language Model_. International, May 2021-May 2022",
  "Contact": {
    "Author": "BigScience",
    "Email": "bigscience-contact@googlegroups.com",
    "Community": [
      "https://bigscience.huggingface.co"
    ]
  },
  "Technical_Requirements": {
    "Software": [
      "Megatron-DeepSpeed",
      "DeepSpeed",
      "PyTorch 1.11 (w/ CUDA-11.5)",
      "apex"
    ],
    "Hardware": {
      "CPU": "AMD",
      "GPU": "NVIDIA A100 80GB",
      "RAM": "512GB per node",
      "Storage": "Not provided"
    }
  },
  "Access_and_Distribution": {
    "Download_Link": "Not provided",
    "Model_Variants": []
  },
  "Dataset": {
    "Name": "BigScienceCorpus",
    "Sources": "https://huggingface.co/spaces/bigscience/BigScienceCorpus",
    "Description": "Training data includes 45 natural languages and 12 programming languages, totaling 1.5TB of pre-processed text converted into 350B unique tokens."
  },
  "Model_Architecture": {
    "Architecture_Type": "Decoder-only Transformer",
    "Base_Architecture": "Megatron-LM GPT2",
    "Number_Parameters": "1.065B",
    "Parameters": {
      "embedding parameters": "385,351,680",
      "layers": "24",
      "attention heads": "16",
      "Hidden layers dimensional": "1536",
      "Sequence length": "2048 tokens",
      "vocabulary size": "250,680"
    },
    "Input_Type": "Text",
    "Output_Type": "Text"
  },
  "Training_Details": {
    "Training_Data": "BigScienceCorpus",
    "Preprocessing": "Byte-level Byte Pair Encoding (BPE) algorithm, simple pre-tokenization rule with no normalization, and a vocabulary size of 250,680.",
    "Hyperparameters": {
      "Number of epochs": "1",
      "Objective Function": "Cross Entropy with mean reduction"
    }
  },
  "Evaluation": {
    "Evaluation_Data": "Not provided",
    "Performance_Metrics": {
      "Training Loss": 2.7,
      "Validation Loss": 3.1,
      "Perplexity": 21.9
    },
    "Source": "https://huggingface.co/tensorboard/bigscience/tr11d-760M-logs"
  },
  "Intended_Use": {
    "Task": [
      "Text generation",
      "Information Extraction",
      "Question Answering"
    ]
  },
  "Bias_Risks_and_Limitations": {
    "Limitations": "The model may overrepresent some viewpoints, contain stereotypes, and personal information. It can generate hateful, abusive, violent, discriminatory, or prejudicial language, as well as content inappropriate for all settings. The model may also produce incorrect information as if factual, or generate irrelevant/repetitive outputs."
  },
  "License": "bigscience-bloom-rail-1.0"
}