{
  "Model_Description": {
    "Name": "bigscience/bloomz-3b",
    "Description": "BLOOMZ & mT0 is a family of models capable of following human instructions in dozens of languages zero-shot. This model is finetuned from BLOOM & mT5 pretrained multilingual language models on a crosslingual task mixture (xP3) for crosslingual generalization."
  },
  "Model_Sources": {
    "Repository": "https://github.com/bigscience-workshop/xmtf",
    "Paper": "https://arxiv.org/abs/2211.01786",
    "Demo": "Not provided"
  },
  "Citation": "@article{muennighoff2022crosslingual,\n  title={Crosslingual generalization through multitask finetuning},\n  author={Muennighoff, Niklas and Wang, Thomas and Sutawika, Lintang and Roberts, Adam and Biderman, Stella and Scao, Teven Le and Bari, M Saiful and Shen, Sheng and Yong, Zheng-Xin and Schoelkopf, Hailey and others},\n  journal={arXiv preprint arXiv:2211.01786},\n  year={2022}\n}",
  "Contact": {
    "Author": "Niklas Muennighoff",
    "Email": "niklas@hf.co",
    "Community": "Not provided"
  },
  "Technical_Requirements": {
    "Software": [
      "transformers",
      "accelerate",
      "bitsandbytes",
      "Megatron-DeepSpeed",
      "DeepSpeed",
      "PyTorch (pytorch-1.11 w/ CUDA-11.5)",
      "apex"
    ],
    "Hardware": {
      "CPU": "AMD CPUs",
      "GPU": "A100 80GB",
      "RAM": "512GB",
      "Storage": "Not provided"
    }
  },
  "Access_and_Distribution": {
    "Download_Link": "https://huggingface.co/bigscience/bloomz-3b",
    "Model_Variants": []
  },
  "Dataset": {
    "Name": [
      "bigscience/xP3",
      "Winogrande XL",
      "XWinograd",
      "ANLI",
      "SuperGLUE",
      "XNLI",
      "HumanEval",
      "StoryCloze (2016)",
      "XCOPA",
      "XStoryCloze",
      "xP3mt",
      "P3"
    ],
    "Sources": [
      "https://huggingface.co/datasets/bigscience/xP3",
      "https://huggingface.co/datasets/bigscience/xP3mt",
      "https://huggingface.co/datasets/Muennighoff/P3",
      "https://huggingface.co/datasets/winogrande",
      "https://huggingface.co/datasets/Muennighoff/xwinograd",
      "https://huggingface.co/datasets/anli",
      "https://huggingface.co/datasets/super_glue",
      "https://huggingface.co/datasets/xnli",
      "https://huggingface.co/datasets/openai_humaneval",
      "https://huggingface.co/datasets/story_cloze",
      "https://huggingface.co/datasets/xcopa",
      "https://huggingface.co/datasets/Muennighoff/xstory_cloze"
    ],
    "Description": "Crosslingual task mixture (xP3) used for finetuning."
  },
  "Model_Architecture": {
    "Architecture_Type": "Not provided",
    "Base_Architecture": "BLOOM",
    "Number_Parameters": "3B",
    "Parameters": "Not provided",
    "Input_Type": "Text",
    "Output_Type": "Text"
  },
  "Training_Details": {
    "Training_Data": [
      "bigscience/xP3",
      "xP3mt",
      "P3"
    ],
    "Preprocessing": "Not provided",
    "Hyperparameters": {
      "finetuning_steps": 2000,
      "finetuning_tokens": "8.39 billion",
      "finetuning_layout": "2x pipeline parallel, 1x tensor parallel, 64x data parallel",
      "precision": "float16"
    }
  },
  "Evaluation": {
    "Evaluation_Data": [
      "Winogrande XL (xl)",
      "XWinograd (en)",
      "XWinograd (fr)",
      "XWinograd (jp)",
      "XWinograd (pt)",
      "XWinograd (ru)",
      "XWinograd (zh)",
      "ANLI (r1)",
      "ANLI (r2)",
      "ANLI (r3)",
      "SuperGLUE (cb)",
      "SuperGLUE (rte)",
      "XNLI (ar)",
      "XNLI (bg)",
      "XNLI (de)",
      "XNLI (el)",
      "XNLI (en)",
      "XNLI (es)",
      "XNLI (fr)",
      "XNLI (hi)",
      "XNLI (ru)",
      "XNLI (sw)",
      "XNLI (th)",
      "XNLI (tr)",
      "XNLI (ur)",
      "XNLI (vi)",
      "XNLI (zh)",
      "HumanEval",
      "StoryCloze (2016)",
      "SuperGLUE (copa)",
      "XCOPA (et)",
      "XCOPA (ht)",
      "XCOPA (id)",
      "XCOPA (it)",
      "XCOPA (qu)",
      "XCOPA (sw)",
      "XCOPA (ta)",
      "XCOPA (th)",
      "XCOPA (tr)",
      "XCOPA (vi)",
      "XCOPA (zh)",
      "XStoryCloze (ar)",
      "XStoryCloze (es)",
      "XStoryCloze (eu)",
      "XStoryCloze (hi)",
      "XStoryCloze (id)",
      "XStoryCloze (my)",
      "XStoryCloze (ru)",
      "XStoryCloze (sw)",
      "XStoryCloze (te)",
      "XStoryCloze (zh)"
    ],
    "Performance_Metrics": {
      "Accuracy (Winogrande XL (xl))": 53.67,
      "Accuracy (XWinograd (en))": 59.23,
      "Accuracy (XWinograd (fr))": 53.01,
      "Accuracy (XWinograd (jp))": 52.45,
      "Accuracy (XWinograd (pt))": 53.61,
      "Accuracy (XWinograd (ru))": 53.97,
      "Accuracy (XWinograd (zh))": 60.91,
      "Accuracy (ANLI (r1))": 40.1,
      "Accuracy (ANLI (r2))": 36.8,
      "Accuracy (ANLI (r3))": 40.0,
      "Accuracy (SuperGLUE (cb))": 75.0,
      "Accuracy (SuperGLUE (rte))": 76.17,
      "Accuracy (XNLI (ar))": 53.29,
      "Accuracy (XNLI (bg))": 43.82,
      "Accuracy (XNLI (de))": 45.26,
      "Accuracy (XNLI (el))": 42.61,
      "Accuracy (XNLI (en))": 57.31,
      "Accuracy (XNLI (es))": 56.14,
      "Accuracy (XNLI (fr))": 55.78,
      "Accuracy (XNLI (hi))": 51.49,
      "Accuracy (XNLI (ru))": 47.11,
      "Accuracy (XNLI (sw))": 47.83,
      "Accuracy (XNLI (th))": 42.93,
      "Accuracy (XNLI (tr))": 37.23,
      "Accuracy (XNLI (ur))": 49.04,
      "Accuracy (XNLI (vi))": 53.98,
      "Accuracy (XNLI (zh))": 54.18,
      "Pass@1 (HumanEval)": 6.29,
      "Pass@10 (HumanEval)": 11.94,
      "Pass@100 (HumanEval)": 19.06,
      "Accuracy (StoryCloze (2016))": 87.33,
      "Accuracy (SuperGLUE (copa))": 76.0,
      "Accuracy (XCOPA (et))": 53.0,
      "Accuracy (XCOPA (ht))": 64.0,
      "Accuracy (XCOPA (id))": 70.0,
      "Accuracy (XCOPA (it))": 53.0,
      "Accuracy (XCOPA (qu))": 56.0,
      "Accuracy (XCOPA (sw))": 66.0,
      "Accuracy (XCOPA (ta))": 59.0,
      "Accuracy (XCOPA (th))": 63.0,
      "Accuracy (XCOPA (tr))": 61.0,
      "Accuracy (XCOPA (vi))": 77.0,
      "Accuracy (XCOPA (zh))": 73.0,
      "Accuracy (XStoryCloze (ar))": 80.61,
      "Accuracy (XStoryCloze (es))": 85.9,
      "Accuracy (XStoryCloze (eu))": 70.95,
      "Accuracy (XStoryCloze (hi))": 78.89,
      "Accuracy (XStoryCloze (id))": 82.99,
      "Accuracy (XStoryCloze (my))": 49.9,
      "Accuracy (XStoryCloze (ru))": 61.42,
      "Accuracy (XStoryCloze (sw))": 69.69,
      "Accuracy (XStoryCloze (te))": 73.66,
      "Accuracy (XStoryCloze (zh))": 84.32
    },
    "Source": [
      "https://arxiv.org/abs/2211.01786",
      "https://huggingface.co/datasets/bigscience/evaluation-results"
    ]
  },
  "Intended_Use": {
    "Task": [
      "text-generation",
      "natural language inference",
      "program synthesis"
    ]
  },
  "Bias_Risks_and_Limitations": {
    "Limitations": "Model performance may vary depending on the prompt. It is recommended to make the input stop clear and provide as much context as possible to avoid the model continuing the input sentence."
  },
  "License": "bigscience-bloom-rail-1.0"
}