{
  "Model_Description": {
    "Name": "bigscience/bloom-7b1",
    "Description": "BLOOM LM (BigScience Large Open-science Open-access Multilingual Language Model) is a Transformer-based Language Model created to enable public research on large language models, intended for language generation or as a pretrained base model for fine-tuning."
  },
  "Model_Sources": {
    "Repository": "https://github.com/bigscience-workshop/bigscience/tree/master/train/tr11-176B-ml#readme",
    "Paper": "https://arxiv.org/abs/1909.08053",
    "Demo": "https://huggingface.co/spaces/bigscience/bloom-book"
  },
  "Citation": "Not provided",
  "Contact": {
    "Author": "BigScience",
    "Email": "bigscience-contact@googlegroups.com",
    "Community": [
      "https://bigscience.huggingface.co"
    ]
  },
  "Technical_Requirements": {
    "Software": [
      "Megatron-DeepSpeed",
      "DeepSpeed",
      "PyTorch (pytorch-1.11 w/ CUDA-11.5)",
      "apex"
    ],
    "Hardware": {
      "CPU": "AMD",
      "GPU": "A100 80GB",
      "RAM": "512GB per node",
      "Storage": "Not provided"
    }
  },
  "Access_and_Distribution": {
    "Download_Link": "Not provided",
    "Model_Variants": []
  },
  "Dataset": {
    "Name": "BigScience Corpus",
    "Sources": "https://huggingface.co/spaces/bigscience/BigScienceCorpus",
    "Description": "The training data includes 45 natural languages and 12 programming languages, totaling 1.5TB of pre-processed text converted into 350B unique tokens."
  },
  "Model_Architecture": {
    "Architecture_Type": "Decoder-only Transformer",
    "Base_Architecture": "Megatron-LM GPT2",
    "Number_Parameters": "7.07B",
    "Parameters": {
      "embedding_parameters": "1,027,604,480",
      "layers": 30,
      "attention_heads": 32,
      "hidden_size": 4096,
      "sequence_length": 2048,
      "vocabulary_size": 250680
    },
    "Input_Type": "Text",
    "Output_Type": "Text"
  },
  "Training_Details": {
    "Training_Data": "BigScience Corpus",
    "Preprocessing": "Learned subword tokenizer using a byte-level Byte Pair Encoding (BPE) algorithm, simple pre-tokenization rule with no normalization, vocabulary size of 250,680. Trained on a subset of the corpus using alpha-weighting per language.",
    "Hyperparameters": {
      "epochs": 1,
      "objective_function": "Cross Entropy with mean reduction"
    }
  },
  "Evaluation": {
    "Evaluation_Data": "Not provided",
    "Performance_Metrics": {
      "Training Loss": 2.3,
      "Validation Loss": 2.9,
      "Perplexity": 16
    },
    "Source": "Not provided"
  },
  "Intended_Use": {
    "Task": [
      "Text generation",
      "Information Extraction",
      "Question Answering"
    ]
  },
  "Bias_Risks_and_Limitations": {
    "Limitations": "The model may overrepresent some viewpoints, contain stereotypes, and generate hateful, abusive, violent, discriminatory, or prejudicial language. It can also produce incorrect information or irrelevant/repetitive outputs. Usage in high-stakes settings, for critical decisions, or in biomedical, political, legal, or finance domains is out of scope."
  },
  "License": "bigscience-bloom-rail-1.0"
}