{
  "Model_Description": {
    "Name": "bigscience/bloom-3b",
    "Description": "BLOOM LM (BigScience Large Open-science Open-access Multilingual Language Model) is a Transformer-based Language Model designed for public research on large language models, enabling language generation or fine-tuning for specific tasks."
  },
  "Model_Sources": {
    "Repository": "https://github.com/bigscience-workshop/bigscience/tree/master/train/tr11-176B-ml#readme",
    "Paper": "https://arxiv.org/abs/1909.08053",
    "Demo": "https://huggingface.co/spaces/bigscience/bloom-book"
  },
  "Citation": "Not provided",
  "Contact": {
    "Author": "BigScience",
    "Email": "bigscience-contact@googlegroups.com",
    "Community": [
      "https://bigscience.huggingface.co"
    ]
  },
  "Technical_Requirements": {
    "Software": [
      "Megatron-DeepSpeed",
      "DeepSpeed",
      "PyTorch 1.11 w/ CUDA 11.5",
      "apex"
    ],
    "Hardware": {
      "CPU": "AMD",
      "GPU": "NVIDIA A100 80GB",
      "RAM": "512GB per node",
      "Storage": "Not provided"
    }
  },
  "Access_and_Distribution": {
    "Download_Link": "Not provided",
    "Model_Variants": []
  },
  "Dataset": {
    "Name": [
      "BigScienceCorpus",
      "arc_challenge",
      "flores_101",
      "humaneval"
    ],
    "Sources": "https://huggingface.co/spaces/bigscience/BigScienceCorpus",
    "Description": "A corpus of 1.5TB of pre-processed text, converted into 350B unique tokens, covering 45 natural languages and 12 programming languages. Used for training and evaluated on various benchmarks."
  },
  "Model_Architecture": {
    "Architecture_Type": "Decoder-only Transformer",
    "Base_Architecture": "Megatron-LM GPT2",
    "Number_Parameters": "3.002B",
    "Parameters": {
      "embedding_parameters": "642,252,800",
      "layers": 30,
      "attention_heads": 32,
      "hidden_size": 2560,
      "sequence_length": 2048,
      "vocabulary_size": 250680
    },
    "Input_Type": "Text",
    "Output_Type": "Text"
  },
  "Training_Details": {
    "Training_Data": "BigScienceCorpus (1.5TB of pre-processed text, 350B unique tokens, 45 natural languages, 12 programming languages)",
    "Preprocessing": "Byte-level Byte Pair Encoding (BPE) algorithm, simple pre-tokenization rule (no normalization), vocabulary size of 250,680.",
    "Hyperparameters": {
      "epochs": 1,
      "objective_function": "Cross Entropy with mean reduction"
    }
  },
  "Evaluation": {
    "Evaluation_Data": [
      "arc_challenge",
      "arc_easy",
      "axb",
      "axg",
      "boolq",
      "cb",
      "cola",
      "copa",
      "crows_pairs_english",
      "crows_pairs_french",
      "diabla",
      "gsarti/flores_101_afr",
      "gsarti/flores_101_amh",
      "gsarti/flores_101_ara",
      "gsarti/flores_101_asm",
      "gsarti/flores_101_ast",
      "gsarti/flores_101_azj",
      "gsarti/flores_101_bel",
      "gsarti/flores_101_ben",
      "gsarti/flores_101_bos",
      "gsarti/flores_101_bul",
      "gsarti/flores_101_cat",
      "gsarti/flores_101_ceb",
      "gsarti/flores_101_ces",
      "gsarti/flores_101_ckb",
      "gsarti/flores_101_cym",
      "gsarti/flores_101_dan",
      "gsarti/flores_101_deu",
      "gsarti/flores_101_ell",
      "gsarti/flores_101_eng",
      "gsarti/flores_101_est",
      "gsarti/flores_101_fas",
      "gsarti/flores_101_fin",
      "gsarti/flores_101_fra",
      "gsarti/flores_101_ful",
      "gsarti/flores_101_gle",
      "gsarti/flores_101_glg",
      "gsarti/flores_101_guj",
      "gsarti/flores_101_hau",
      "gsarti/flores_101_heb",
      "gsarti/flores_101_hin",
      "gsarti/flores_101_hrv",
      "gsarti/flores_101_hun",
      "gsarti/flores_101_hye",
      "gsarti/flores_101_ibo",
      "gsarti/flores_101_ind",
      "gsarti/flores_101_isl",
      "gsarti/flores_101_ita",
      "gsarti/flores_101_jav",
      "gsarti/flores_101_jpn",
      "gsarti/flores_101_kam",
      "gsarti/flores_101_kan",
      "gsarti/flores_101_kat",
      "gsarti/flores_101_kaz",
      "gsarti/flores_101_kea",
      "gsarti/flores_101_kir",
      "gsarti/flores_101_kor",
      "gsarti/flores_101_lao",
      "gsarti/flores_101_lav",
      "gsarti/flores_101_lin",
      "gsarti/flores_101_lit",
      "gsarti/flores_101_ltz",
      "gsarti/flores_101_lug",
      "gsarti/flores_101_luo",
      "gsarti/flores_101_mal",
      "gsarti/flores_101_mar",
      "gsarti/flores_101_mkd",
      "gsarti/flores_101_mlt",
      "gsarti/flores_101_mon",
      "gsarti/flores_101_mri",
      "gsarti/flores_101_msa",
      "gsarti/flores_101_mya",
      "gsarti/flores_101_nld",
      "gsarti/flores_101_nob",
      "gsarti/flores_101_npi",
      "gsarti/flores_101_nso",
      "gsarti/flores_101_nya",
      "gsarti/flores_101_oci",
      "gsarti/flores_101_orm",
      "gsarti/flores_101_ory",
      "gsarti/flores_101_pan",
      "gsarti/flores_101_pol",
      "gsarti/flores_101_por",
      "gsarti/flores_101_pus",
      "gsarti/flores_101_ron",
      "gsarti/flores_101_rus",
      "gsarti/flores_101_slk",
      "gsarti/flores_101_slv",
      "gsarti/flores_101_sna",
      "gsarti/flores_101_snd",
      "gsarti/flores_101_som",
      "gsarti/flores_101_spa",
      "gsarti/flores_101_srp",
      "gsarti/flores_101_swe",
      "gsarti/flores_101_swh",
      "gsarti/flores_101_tam",
      "gsarti/flores_101_tel",
      "gsarti/flores_101_tgk",
      "gsarti/flores_101_tgl",
      "gsarti/flores_101_tha",
      "gsarti/flores_101_tur",
      "gsarti/flores_101_ukr",
      "gsarti/flores_101_umb",
      "gsarti/flores_101_urd",
      "gsarti/flores_101_uzb",
      "gsarti/flores_101_vie",
      "gsarti/flores_101_wol",
      "gsarti/flores_101_xho",
      "gsarti/flores_101_yor",
      "gsarti/flores_101_zho_simpl",
      "gsarti/flores_101_zho_trad",
      "gsarti/flores_101_zul",
      "headqa",
      "hellaswag",
      "logiqa",
      "mathqa",
      "mc_taco",
      "mnli",
      "mnli_mismatched",
      "mrpc",
      "multirc",
      "openbookqa",
      "piqa",
      "prost",
      "pubmedqa",
      "qnli",
      "qqp",
      "race",
      "rte",
      "sciq",
      "sst",
      "triviaqa",
      "tydiqa_primary",
      "webqs",
      "wic",
      "winogrande",
      "wnli",
      "wsc",
      "humaneval"
    ],
    "Performance_Metrics": {
      "Training Loss": 2.0,
      "Validation Loss": 2.2,
      "Perplexity": 8.9
    },
    "Source": "https://github.com/bigscience-workshop/evaluation-results"
  },
  "Intended_Use": {
    "Task": [
      "Text generation",
      "Information Extraction",
      "Question Answering"
    ]
  },
  "Bias_Risks_and_Limitations": {
    "Limitations": "The model may overrepresent some viewpoints, contain stereotypes, and personal information. It can generate hateful, abusive, violent, discriminatory, or prejudicial language, as well as content inappropriate for all settings. The model may also produce incorrect information as factual or generate irrelevant/repetitive outputs."
  },
  "License": "bigscience-bloom-rail-1.0"
}