{
  "Model_Description": {
    "Name": "bigscience/bloomz-560m",
    "Description": "BLOOMZ & mT0 is a family of models capable of following human instructions in dozens of languages zero-shot. It finetunes BLOOM & mT5 pretrained multilingual language models on a crosslingual task mixture (xP3) for crosslingual generalization to unseen tasks & languages."
  },
  "Model_Sources": {
    "Repository": "https://github.com/bigscience-workshop/xmtf",
    "Paper": "https://arxiv.org/abs/2211.01786",
    "Demo": "Not provided"
  },
  "Citation": "@article{muennighoff2022crosslingual,\n  title={Crosslingual generalization through multitask finetuning},\n  author={Muennighoff, Niklas and Wang, Thomas and Sutawika, Lintang and Roberts, Adam and Biderman, Stella and Scao, Teven Le and Bari, M Saiful and Shen, Sheng and Yong, Zheng-Xin and Schoelkopf, Hailey and others},\n  journal={arXiv preprint arXiv:2211.01786},\n  year={2022}\n}",
  "Contact": {
    "Author": "Niklas Muennighoff",
    "Email": "niklas@hf.co",
    "Community": "Not provided"
  },
  "Technical_Requirements": {
    "Software": [
      "Megatron-DeepSpeed",
      "DeepSpeed",
      "PyTorch (pytorch-1.11 w/ CUDA-11.5)",
      "apex"
    ],
    "Hardware": {
      "CPU": "AMD CPUs",
      "GPU": "A100 80GB",
      "RAM": "Not provided",
      "Storage": "Not provided"
    }
  },
  "Access_and_Distribution": {
    "Download_Link": "https://huggingface.co/bigscience/bloomz-560m",
    "Model_Variants": [
      {
        "Name": "bloomz-1b1",
        "Link": "https://huggingface.co/bigscience/bloomz-1b1",
        "Type": "Not provided",
        "Size": "Not provided",
        "Notes": "Recommended for prompting in English."
      },
      {
        "Name": "bloomz-1b7",
        "Link": "https://huggingface.co/bigscience/bloomz-1b7",
        "Type": "Not provided",
        "Size": "Not provided",
        "Notes": "Recommended for prompting in English."
      },
      {
        "Name": "bloomz-3b",
        "Link": "https://huggingface.co/bigscience/bloomz-3b",
        "Type": "Not provided",
        "Size": "Not provided",
        "Notes": "Recommended for prompting in English."
      },
      {
        "Name": "bloomz-7b1",
        "Link": "https://huggingface.co/bigscience/bloomz-7b1",
        "Type": "Not provided",
        "Size": "Not provided",
        "Notes": "Recommended for prompting in English."
      },
      {
        "Name": "bloomz",
        "Link": "https://huggingface.co/bigscience/bloomz",
        "Type": "Not provided",
        "Size": "Not provided",
        "Notes": "Recommended for prompting in English."
      },
      {
        "Name": "bloomz-7b1-mt",
        "Link": "https://huggingface.co/bigscience/bloomz-7b1-mt",
        "Type": "Not provided",
        "Size": "Not provided",
        "Notes": "Recommended for prompting in non-English."
      },
      {
        "Name": "bloomz-mt",
        "Link": "https://huggingface.co/bigscience/bloomz-mt",
        "Type": "Not provided",
        "Size": "Not provided",
        "Notes": "Recommended for prompting in non-English."
      },
      {
        "Name": "bloomz-7b1-p3",
        "Link": "https://huggingface.co/bigscience/bloomz-7b1-p3",
        "Type": "Not provided",
        "Size": "Not provided",
        "Notes": "Released for research purposes only. Strictly inferior to above models!"
      },
      {
        "Name": "bloomz-p3",
        "Link": "https://huggingface.co/bigscience/bloomz-p3",
        "Type": "Not provided",
        "Size": "Not provided",
        "Notes": "Released for research purposes only. Strictly inferior to above models!"
      }
    ]
  },
  "Dataset": {
    "Name": "bigscience/xP3",
    "Sources": "https://huggingface.co/datasets/bigscience/xP3",
    "Description": "Crosslingual task mixture used for finetuning."
  },
  "Model_Architecture": {
    "Architecture_Type": "Not provided",
    "Base_Architecture": "bloom-560m",
    "Number_Parameters": "560M",
    "Parameters": "Not provided",
    "Input_Type": "Text",
    "Output_Type": "Text"
  },
  "Training_Details": {
    "Training_Data": "bigscience/xP3",
    "Preprocessing": "Not provided",
    "Hyperparameters": {
      "finetuning_steps": 1750,
      "finetuning_tokens": "3.67 billion",
      "finetuning_layout": "1x pipeline parallel, 1x tensor parallel, 1x data parallel",
      "precision": "float16"
    }
  },
  "Evaluation": {
    "Evaluation_Data": [
      "Winogrande XL (xl)",
      "XWinograd (en)",
      "XWinograd (fr)",
      "XWinograd (jp)",
      "XWinograd (pt)",
      "XWinograd (ru)",
      "XWinograd (zh)",
      "ANLI (r1)",
      "ANLI (r2)",
      "ANLI (r3)",
      "SuperGLUE (cb)",
      "SuperGLUE (rte)",
      "XNLI (ar)",
      "XNLI (bg)",
      "XNLI (de)",
      "XNLI (el)",
      "XNLI (en)",
      "XNLI (es)",
      "XNLI (fr)",
      "XNLI (hi)",
      "XNLI (ru)",
      "XNLI (sw)",
      "XNLI (th)",
      "XNLI (tr)",
      "XNLI (ur)",
      "XNLI (vi)",
      "XNLI (zh)",
      "HumanEval",
      "StoryCloze (2016)",
      "SuperGLUE (copa)",
      "XCOPA (et)",
      "XCOPA (ht)",
      "XCOPA (id)",
      "XCOPA (it)",
      "XCOPA (qu)",
      "XCOPA (sw)",
      "XCOPA (ta)",
      "XCOPA (th)",
      "XCOPA (tr)",
      "XCOPA (vi)",
      "XCOPA (zh)",
      "XStoryCloze (ar)",
      "XStoryCloze (es)",
      "XStoryCloze (eu)",
      "XStoryCloze (hi)",
      "XStoryCloze (id)",
      "XStoryCloze (my)",
      "XStoryCloze (ru)",
      "XStoryCloze (sw)",
      "XStoryCloze (te)",
      "XStoryCloze (zh)"
    ],
    "Performance_Metrics": {
      "Pass@1": 2.18,
      "Pass@10": 4.11,
      "Pass@100": 9.0
    },
    "Source": [
      "https://arxiv.org/abs/2211.01786",
      "https://huggingface.co/datasets/bigscience/evaluation-results"
    ]
  },
  "Intended_Use": {
    "Task": [
      "text generation",
      "natural language instruction following",
      "translation"
    ]
  },
  "Bias_Risks_and_Limitations": {
    "Limitations": "Performance may vary depending on the prompt; clear input termination is recommended to prevent the model from continuing the input sentence."
  },
  "License": "bigscience-bloom-rail-1.0"
}