{
  "Model_Description": {
    "Name": "bigscience/bloomz-7b1",
    "Description": "BLOOMZ & mT0 is a family of models capable of following human instructions in dozens of languages zero-shot. These models are finetuned BLOOM & mT5 pretrained multilingual language models on a crosslingual task mixture (xP3), demonstrating crosslingual generalization to unseen tasks & languages."
  },
  "Model_Sources": {
    "Repository": "https://github.com/bigscience-workshop/xmtf",
    "Paper": "https://arxiv.org/abs/2211.01786",
    "Demo": "Not provided"
  },
  "Citation": "@article{muennighoff2022crosslingual,\n  title={Crosslingual generalization through multitask finetuning},\n  author={Muennighoff, Niklas and Wang, Thomas and Sutawika, Lintang and Roberts, Adam and Biderman, Stella and Scao, Teven Le and Bari, M Saiful and Shen, Sheng and Yong, Zheng-Xin and Schoelkopf, Hailey and others},\n  journal={arXiv preprint arXiv:2211.01786},\n  year={2022}\n}",
  "Contact": {
    "Author": "Niklas Muennighoff",
    "Email": "niklas@hf.co",
    "Community": "Not provided"
  },
  "Technical_Requirements": {
    "Software": [
      "transformers",
      "accelerate",
      "bitsandbytes",
      "Megatron-DeepSpeed",
      "DeepSpeed",
      "PyTorch (pytorch-1.11 w/ CUDA-11.5)",
      "apex"
    ],
    "Hardware": {
      "CPU": "AMD CPUs",
      "GPU": "A100 80GB",
      "RAM": "512GB",
      "Storage": "Not provided"
    }
  },
  "Access_and_Distribution": {
    "Download_Link": "https://huggingface.co/bigscience/bloomz-7b1",
    "Model_Variants": [
      {
        "Name": "bloomz-7b1-mt",
        "Link": "https://huggingface.co/bigscience/bloomz-7b1-mt",
        "Type": "Not provided",
        "Size": "Not provided",
        "Notes": "Multitask finetuned on xP3mt. Recommended for prompting in non-English."
      },
      {
        "Name": "bloomz-7b1-p3",
        "Link": "https://huggingface.co/bigscience/bloomz-7b1-p3",
        "Type": "Not provided",
        "Size": "Not provided",
        "Notes": "Multitask finetuned on P3. Released for research purposes only. Strictly inferior to above models!"
      }
    ]
  },
  "Dataset": {
    "Name": "bigscience/xP3",
    "Sources": "https://huggingface.co/datasets/bigscience/xP3",
    "Description": "crosslingual task mixture"
  },
  "Model_Architecture": {
    "Architecture_Type": "Not provided",
    "Base_Architecture": "BLOOM",
    "Number_Parameters": "7.1B",
    "Parameters": "Not provided",
    "Input_Type": "Text",
    "Output_Type": "Text"
  },
  "Training_Details": {
    "Training_Data": "bigscience/xP3",
    "Preprocessing": "Not provided",
    "Hyperparameters": "Not provided"
  },
  "Evaluation": {
    "Evaluation_Data": [
      "Winogrande XL",
      "XWinograd",
      "ANLI",
      "SuperGLUE",
      "XNLI",
      "HumanEval",
      "StoryCloze",
      "XCOPA",
      "XStoryCloze"
    ],
    "Performance_Metrics": "Not provided",
    "Source": [
      "https://arxiv.org/abs/2211.01786",
      "https://huggingface.co/datasets/bigscience/evaluation-results"
    ]
  },
  "Intended_Use": {
    "Task": [
      "Text Generation",
      "Natural Language Inference",
      "Coreference Resolution"
    ]
  },
  "Bias_Risks_and_Limitations": {
    "Limitations": "Performance may vary depending on the prompt; clear input termination and sufficient context are recommended to avoid unintended model behavior."
  },
  "License": "bigscience-bloom-rail-1.0"
}