{
  "Model_Description": {
    "Name": "bigscience/bloom-560m",
    "Description": "This model is being created to enable public research on large language models (LLMs). It is intended for language generation or as a pretrained base model that can be further fine-tuned for specific tasks."
  },
  "Model_Sources": {
    "Repository": "https://github.com/bigscience-workshop/bigscience/tree/master/train/tr11-176B-ml#readme",
    "Paper": "https://arxiv.org/abs/1909.08053",
    "Demo": "https://huggingface.co/spaces/bigscience/bloom-book"
  },
  "Citation": "Not provided",
  "Contact": {
    "Author": "BigScience",
    "Email": "bigscience-contact@googlegroups.com",
    "Community": [
      "https://bigscience.huggingface.co"
    ]
  },
  "Technical_Requirements": {
    "Software": [
      "Megatron-DeepSpeed",
      "DeepSpeed",
      "PyTorch (pytorch-1.11 w/ CUDA-11.5)",
      "apex"
    ],
    "Hardware": {
      "CPU": "AMD",
      "GPU": "NVIDIA A100 80GB",
      "RAM": "512GB per node",
      "Storage": "Not provided"
    }
  },
  "Access_and_Distribution": {
    "Download_Link": "Not provided",
    "Model_Variants": []
  },
  "Dataset": {
    "Name": "BigScience Corpus",
    "Sources": "https://huggingface.co/spaces/bigscience/BigScienceCorpus",
    "Description": "The training data includes 45 natural languages and 12 programming languages, totaling 1.5TB of pre-processed text converted into 350B unique tokens."
  },
  "Model_Architecture": {
    "Architecture_Type": "Decoder-only Transformer",
    "Base_Architecture": "Megatron-LM GPT2",
    "Number_Parameters": "559M",
    "Parameters": {
      "layers": 24,
      "attention_heads": 16,
      "hidden_size": 1024,
      "sequence_length": 2048,
      "vocabulary_size": 250680
    },
    "Input_Type": "Text",
    "Output_Type": "Text"
  },
  "Training_Details": {
    "Training_Data": "BigScience Corpus",
    "Preprocessing": "Byte-level Byte Pair Encoding (BPE) algorithm, simple pre-tokenization rule (no normalization), vocabulary size of 250,680.",
    "Hyperparameters": {
      "epochs": 1
    }
  },
  "Evaluation": {
    "Evaluation_Data": "Not provided",
    "Performance_Metrics": {
      "Training Loss": 2.0,
      "Validation Loss": 2.2,
      "Perplexity": 8.9
    },
    "Source": "https://huggingface.co/bigscience/tr11e-350M-logs"
  },
  "Intended_Use": {
    "Task": [
      "Text generation",
      "Information Extraction",
      "Question Answering"
    ]
  },
  "Bias_Risks_and_Limitations": {
    "Limitations": "The model may overrepresent some viewpoints, contain stereotypes and personal information, and generate hateful, abusive, violent, discriminatory, or prejudicial language. It can also make errors, produce incorrect information, or generate irrelevant/repetitive outputs."
  },
  "License": "bigscience-bloom-rail-1.0"
}