{
  "Model_Description": {
    "Name": "bigscience/bloom-1b7",
    "Description": "This model is a Transformer-based Language Model created to enable public research on large language models (LLMs). It is intended for language generation or as a pretrained base model that can be further fine-tuned for specific tasks."
  },
  "Model_Sources": {
    "Repository": "https://github.com/bigscience-workshop/bigscience/tree/master/train/tr11-176B-ml#readme",
    "Paper": "https://arxiv.org/abs/1909.08053",
    "Demo": "https://huggingface.co/spaces/bigscience/bloom-book"
  },
  "Citation": "BigScience, _BigScience Language Open-science Open-access Multilingual (BLOOM) Language Model_. International, May 2021-May 2022",
  "Contact": {
    "Author": "BigScience",
    "Email": "bigscience-contact@googlegroups.com",
    "Community": [
      "https://bigscience.huggingface.co"
    ]
  },
  "Technical_Requirements": {
    "Software": [
      "Megatron-DeepSpeed",
      "DeepSpeed",
      "PyTorch 1.11 w/ CUDA 11.5",
      "apex"
    ],
    "Hardware": {
      "CPU": "AMD",
      "GPU": "NVIDIA V100",
      "RAM": "160GB per node",
      "Storage": "Not provided"
    }
  },
  "Access_and_Distribution": {
    "Download_Link": "Not provided",
    "Model_Variants": []
  },
  "Dataset": {
    "Name": "BigScienceCorpus",
    "Sources": "https://huggingface.co/spaces/bigscience/BigScienceCorpus",
    "Description": "A corpus of 1.5TB of pre-processed text, converted into 350B unique tokens, covering 45 natural languages and 12 programming languages."
  },
  "Model_Architecture": {
    "Architecture_Type": "Decoder-only Transformer",
    "Base_Architecture": "Megatron-LM GPT2",
    "Number_Parameters": "1.72B",
    "Parameters": {
      "embedding_parameters": 513802240,
      "layers": 24,
      "attention_heads": 16,
      "hidden_size": 2048,
      "sequence_length": 2048,
      "vocabulary_size": 250680
    },
    "Input_Type": "Text",
    "Output_Type": "Text"
  },
  "Training_Details": {
    "Training_Data": "BigScienceCorpus",
    "Preprocessing": "Byte-level Byte Pair Encoding (BPE) algorithm, simple pre-tokenization rule (no normalization), alpha-weighting per language.",
    "Hyperparameters": {
      "epochs": 1
    }
  },
  "Evaluation": {
    "Evaluation_Data": "Not provided",
    "Performance_Metrics": {
      "Training Loss": 2.0,
      "Validation Loss": 2.2,
      "Perplexity": 8.9
    },
    "Source": "Not provided"
  },
  "Intended_Use": {
    "Task": [
      "Text generation",
      "Information Extraction",
      "Question Answering"
    ]
  },
  "Bias_Risks_and_Limitations": {
    "Limitations": "The model may overrepresent certain viewpoints, contain stereotypes, and generate harmful or inappropriate content. It can also produce factual errors and irrelevant outputs, making it unsuitable for high-stakes or critical decision-making applications."
  },
  "License": "RAIL License v1.0"
}