{
  "Model_Description": {
    "Name": "roberta-base-wechsel-german",
    "Description": "Model trained with WECHSEL, a method for effective initialization of subword embeddings for cross-lingual transfer of monolingual language models."
  },
  "Model_Sources": {
    "Repository": "https://github.com/CPJKU/wechsel",
    "Paper": "https://aclanthology.org/2022.naacl-main.293/",
    "Demo": "Not provided"
  },
  "Citation": "@inproceedings{minixhofer-etal-2022-wechsel,\n    title = \"{WECHSEL}: Effective initialization of subword embeddings for cross-lingual transfer of monolingual language models\",\n    author = \"Minixhofer, Benjamin  and\n      Paischer, Fabian  and\n      Rekabsaz, Navid\",\n    booktitle = \"Proceedings of the 2022 Conference of the North American Chapter of the Association for Computational Linguistics: Human Language Technologies\",\n    month = jul,\n    year = \"2022\",\n    address = \"Seattle, United States\",\n    publisher = \"Association for Computational Linguistics\",\n    url = \"https://aclanthology.org/2022.naacl-main.293\",\n    pages = \"3992--4006\",\n    abstract = \"Large pretrained language models (LMs) have become the central building block of many NLP applications. Training these models requires ever more computational resources and most of the existing models are trained on English text only. It is exceedingly expensive to train these models in other languages. To alleviate this problem, we introduce a novel method {--} called WECHSEL {--} to efficiently and effectively transfer pretrained LMs to new languages. WECHSEL can be applied to any model which uses subword-based tokenization and learns an embedding for each subword. The tokenizer of the source model (in English) is replaced with a tokenizer in the target language and token embeddings are initialized such that they are semantically similar to the English tokens by utilizing multilingual static word embeddings covering English and the target language. We use WECHSEL to transfer the English RoBERTa and GPT-2 models to four languages (French, German, Chinese and Swahili). We also study the benefits of our method on very low-resource languages. WECHSEL improves over proposed methods for cross-lingual parameter transfer and outperforms models of comparable size trained from scratch with up to 64x less training effort. Our method makes training large language models for new languages more accessible and less damaging to the environment. We make our code and models publicly available.\",\n}",
  "Contact": {
    "Author": [
      "Minixhofer, Benjamin",
      "Paischer, Fabian",
      "Rekabsaz, Navid"
    ],
    "Email": "Not provided",
    "Community": "Not provided"
  },
  "Technical_Requirements": {
    "Software": "Not provided",
    "Hardware": {
      "CPU": "Not provided",
      "GPU": "Not provided",
      "RAM": "Not provided",
      "Storage": "Not provided"
    }
  },
  "Access_and_Distribution": {
    "Download_Link": "Not provided",
    "Model_Variants": []
  },
  "Dataset": {
    "Name": "Not provided",
    "Sources": "Not provided",
    "Description": "Not provided"
  },
  "Model_Architecture": {
    "Architecture_Type": "Encoder-only Transformer",
    "Base_Architecture": "RoBERTa",
    "Number_Parameters": "Not provided",
    "Parameters": "Not provided",
    "Input_Type": "Text",
    "Output_Type": "Text"
  },
  "Training_Details": {
    "Training_Data": "Not provided",
    "Preprocessing": "The tokenizer of the source model (in English) is replaced with a tokenizer in the target language and token embeddings are initialized such that they are semantically similar to the English tokens by utilizing multilingual static word embeddings covering English and the target language.",
    "Hyperparameters": "Not provided"
  },
  "Evaluation": {
    "Evaluation_Data": "Not provided",
    "Performance_Metrics": {
      "NLI Score": 81.79,
      "NER Score": 89.72,
      "Avg Score": 85.76
    },
    "Source": "https://aclanthology.org/2022.naacl-main.293/"
  },
  "Intended_Use": {
    "Task": [
      "cross-lingual transfer",
      "Natural Language Inference",
      "Named Entity Recognition"
    ]
  },
  "Bias_Risks_and_Limitations": {
    "Limitations": "Not provided"
  },
  "License": "MIT"
}