{
  "Model_Description": {
    "Name": "caidas/swin2SR-lightweight-x2-64",
    "Description": "Swin2SR model that upscales images x2. It is based on the SwinV2 Transformer and is intended for lightweight image super-resolution."
  },
  "Model_Sources": {
    "Repository": "https://github.com/mv-lab/swin2sr",
    "Paper": "https://arxiv.org/abs/2209.11345",
    "Demo": "Not provided"
  },
  "Citation": "Not provided",
  "Contact": {
    "Author": "Not provided",
    "Email": "Not provided",
    "Community": "Not provided"
  },
  "Technical_Requirements": {
    "Software": "Not provided",
    "Hardware": {
      "CPU": "Not provided",
      "GPU": "Not provided",
      "RAM": "Not provided",
      "Storage": "Not provided"
    }
  },
  "Access_and_Distribution": {
    "Download_Link": "Not provided",
    "Model_Variants": []
  },
  "Dataset": {
    "Name": "Not provided",
    "Sources": "Not provided",
    "Description": "Not provided"
  },
  "Model_Architecture": {
    "Architecture_Type": "Transformer",
    "Base_Architecture": "SwinV2 Transformer",
    "Number_Parameters": "Not provided",
    "Parameters": "Not provided",
    "Input_Type": "Image",
    "Output_Type": "Image"
  },
  "Training_Details": {
    "Training_Data": "Not provided",
    "Preprocessing": "Not provided",
    "Hyperparameters": "Not provided"
  },
  "Evaluation": {
    "Evaluation_Data": "Not provided",
    "Performance_Metrics": "Not provided",
    "Source": "Not provided"
  },
  "Intended_Use": {
    "Task": [
      "image super-resolution"
    ]
  },
  "Bias_Risks_and_Limitations": {
    "Limitations": "Not provided"
  },
  "License": "apache-2.0"
}