{
  "Model_Description": {
    "Name": "altomek/YiSM-34B-0rn",
    "Description": "This is Yi Self Merged. The model aims to follow most instructions while preserving its base model nature."
  },
  "Model_Sources": {
    "Repository": "https://huggingface.co/altomek/YiSM-34B-0rn",
    "Paper": "Not provided",
    "Demo": "Not provided"
  },
  "Citation": "Not provided",
  "Contact": {
    "Author": "altomek",
    "Email": "Not provided",
    "Community": "Not provided"
  },
  "Technical_Requirements": {
    "Software": [
      "transformers"
    ],
    "Hardware": {
      "CPU": "Not provided",
      "GPU": "Not provided",
      "RAM": "Not provided",
      "Storage": "Not provided"
    }
  },
  "Access_and_Distribution": {
    "Download_Link": "https://huggingface.co/altomek/YiSM-34B-0rn",
    "Model_Variants": [
      {
        "Name": "GGUF",
        "Link": "https://huggingface.co/altomek/YiSM-34B-0rn-GGUF",
        "Type": "GGUF",
        "Size": "Not provided",
        "Notes": "Not provided"
      },
      {
        "Name": "8bpw",
        "Link": "https://huggingface.co/altomek/YiSM-34B-0rn-8bpw-EXL2",
        "Type": "8bpw-EXL2",
        "Size": "Not provided",
        "Notes": "Not provided"
      },
      {
        "Name": "6.5bpw",
        "Link": "https://huggingface.co/altomek/YiSM-34B-0rn-6.5bpw-EXL2",
        "Type": "6.5bpw-EXL2",
        "Size": "Not provided",
        "Notes": "Not provided"
      },
      {
        "Name": "4.65bpw",
        "Link": "https://huggingface.co/altomek/YiSM-34B-0rn-4.65bpw-EXL2",
        "Type": "4.65bpw-EXL2",
        "Size": "Not provided",
        "Notes": "Not provided"
      },
      {
        "Name": "4bpw",
        "Link": "https://huggingface.co/altomek/YiSM-34B-0rn-4bpw-EXL2",
        "Type": "4bpw-EXL2",
        "Size": "Not provided",
        "Notes": "Not provided"
      },
      {
        "Name": "3.2bpw",
        "Link": "https://huggingface.co/altomek/YiSM-34B-0rn-3.2bpw-EXL2",
        "Type": "3.2bpw-EXL2",
        "Size": "Not provided",
        "Notes": "Fits in 16GB VRAM but not recomended. Performance is significantly degraded in lower quants."
      }
    ]
  },
  "Dataset": {
    "Name": [
      "AI2 Reasoning Challenge",
      "HellaSwag",
      "MMLU",
      "TruthfulQA",
      "Winogrande",
      "GSM8k",
      "IFEval",
      "BBH",
      "MATH Lvl 5",
      "GPQA",
      "MuSR",
      "MMLU-PRO"
    ],
    "Sources": [
      "ai2_arc",
      "hellaswag",
      "cais/mmlu",
      "truthful_qa",
      "winogrande",
      "gsm8k",
      "HuggingFaceH4/ifeval",
      "BBH",
      "hendrycks/competition_math",
      "Idavidrein/gpqa",
      "TAUR-Lab/MuSR",
      "TIGER-Lab/MMLU-Pro"
    ],
    "Description": "Not provided"
  },
  "Model_Architecture": {
    "Architecture_Type": "Not provided",
    "Base_Architecture": [
      "Yi-1.5-34B-Chat",
      "Yi-1.5-34B"
    ],
    "Number_Parameters": "34B",
    "Parameters": {
      "max_seq_len": "8K",
      "alpha_value": 2.65
    },
    "Input_Type": "Text",
    "Output_Type": "Text"
  },
  "Training_Details": {
    "Training_Data": "Not provided",
    "Preprocessing": "Not provided",
    "Hyperparameters": {
      "temp": 0.1,
      "temperature_last": true,
      "top_p": 1,
      "top_k": 0,
      "top_a": 0,
      "tfs": 1,
      "epsilon_cutoff": 0,
      "eta_cutoff": 0,
      "typical_p": 1,
      "min_p": 0,
      "rep_pen": 1.08,
      "rep_pen_range": 0,
      "no_repeat_ngram_size": 0,
      "penalty_alpha": 0,
      "num_beams": 1,
      "length_penalty": 1,
      "min_length": 0,
      "encoder_rep_pen": 1,
      "freq_pen": 0.01,
      "presence_pen": 0,
      "do_sample": true,
      "early_stopping": false,
      "add_bos_token": true,
      "truncation_length": 2048,
      "ban_eos_token": false,
      "skip_special_tokens": true,
      "streaming": true,
      "mirostat_mode": 0,
      "mirostat_tau": 5,
      "mirostat_eta": 0.1,
      "guidance_scale": 1,
      "negative_prompt": "",
      "grammar_string": "",
      "banned_tokens": "",
      "ignore_eos_token_aphrodite": false,
      "spaces_between_special_tokens_aphrodite": true,
      "sampler_order": [
        6,
        0,
        1,
        3,
        4,
        2,
        5
      ],
      "logit_bias": [],
      "n": 1,
      "rep_pen_size": 0,
      "genamt": 2048,
      "max_length": 8192
    }
  },
  "Evaluation": {
    "Evaluation_Data": [
      "AI2 Reasoning Challenge (25-Shot)",
      "HellaSwag (10-Shot)",
      "MMLU (5-Shot)",
      "TruthfulQA (0-shot)",
      "Winogrande (5-shot)",
      "GSM8k (5-shot)",
      "IFEval (0-Shot)",
      "BBH (3-Shot)",
      "MATH Lvl 5 (4-Shot)",
      "GPQA (0-shot)",
      "MuSR (0-shot)",
      "MMLU-PRO (5-shot)"
    ],
    "Performance_Metrics": {
      "Avg. (Leaderboard 1)": 75.65,
      "AI2 Reasoning Challenge (25-Shot) normalized accuracy": 69.54,
      "HellaSwag (10-Shot) normalized accuracy": 86.67,
      "MMLU (5-Shot) accuracy": 78.51,
      "TruthfulQA (0-shot) mc2": 59.68,
      "Winogrande (5-shot) accuracy": 83.66,
      "GSM8k (5-shot) accuracy": 75.82,
      "Avg. (Leaderboard 2)": 30.15,
      "IFEval (0-Shot) strict accuracy": 42.84,
      "BBH (3-Shot) normalized accuracy": 45.38,
      "MATH Lvl 5 (4-Shot) exact match": 20.62,
      "GPQA (0-shot) acc_norm": 16.22,
      "MuSR (0-shot) acc_norm": 14.76,
      "MMLU-PRO (5-shot) accuracy": 41.06
    },
    "Source": [
      "https://huggingface.co/spaces/open-llm-leaderboard/open_llm_leaderboard?query=altomek/YiSM-34B-0rn",
      "https://huggingface.co/spaces/open-llm-leaderboard/open_llm_leaderboard",
      "https://huggingface.co/datasets/open-llm-leaderboard/details_altomek__YiSM-34B-0rn"
    ]
  },
  "Intended_Use": {
    "Task": [
      "text-generation"
    ]
  },
  "Bias_Risks_and_Limitations": {
    "Limitations": "Performance is significantly degraded in lower quants."
  },
  "License": "Apache-2.0"
}