{
  "Model_Description": {
    "Name": "Babelscape/rebel-large",
    "Description": "REBEL is a seq2seq model based on BART that performs end-to-end relation extraction for more than 200 different relation types, reframing Relation Extraction as a language generation task."
  },
  "Model_Sources": {
    "Repository": "https://github.com/Babelscape/rebel",
    "Paper": "https://aclanthology.org/2021.findings-emnlp.204",
    "Demo": "https://huggingface.co/spaces/Babelscape/rebel-demo"
  },
  "Citation": "@inproceedings{huguet-cabot-navigli-2021-rebel-relation,\n        title = \"{REBEL}: Relation Extraction By End-to-end Language generation\",\n        author = \"Huguet Cabot, Pere-Llu{\\'\\i}s  and\n          Navigli, Roberto\",\n        booktitle = \"Findings of the Association for Computational Linguistics: EMNLP 2021\",\n        month = nov,\n        year = \"2021\",\n        address = \"Punta Cana, Dominican Republic\",\n        publisher = \"Association for Computational Linguistics\",\n        url = \"https://aclanthology.org/2021.findings-emnlp.204\",\n        pages = \"2370--2381\",\n        abstract = \"Extracting relation triplets from raw text is a crucial task in Information Extraction, enabling multiple applications such as populating or validating knowledge bases, factchecking, and other downstream tasks. However, it usually involves multiple-step pipelines that propagate errors or are limited to a small number of relation types. To overcome these issues, we propose the use of autoregressive seq2seq models. Such models have previously been shown to perform well not only in language generation, but also in NLU tasks such as Entity Linking, thanks to their framing as seq2seq tasks. In this paper, we show how Relation Extraction can be simplified by expressing triplets as a sequence of text and we present REBEL, a seq2seq model based on BART that performs end-to-end relation extraction for more than 200 different relation types. We show our model{\\'}s flexibility by fine-tuning it on an array of Relation Extraction and Relation Classification benchmarks, with it attaining state-of-the-art performance in most of them.\",\n    }",
  "Contact": {
    "Author": [
      "Huguet Cabot, Pere-Lluís",
      "Navigli, Roberto"
    ],
    "Email": "Not provided",
    "Community": "Not provided"
  },
  "Technical_Requirements": {
    "Software": [
      "transformers"
    ],
    "Hardware": {
      "CPU": "Not provided",
      "GPU": "Not provided",
      "RAM": "Not provided",
      "Storage": "Not provided"
    }
  },
  "Access_and_Distribution": {
    "Download_Link": "Not provided",
    "Model_Variants": []
  },
  "Dataset": {
    "Name": [
      "Babelscape/rebel-dataset",
      "CoNLL04",
      "NYT"
    ],
    "Sources": [
      "https://huggingface.co/datasets/Babelscape/rebel-dataset"
    ],
    "Description": "Not provided"
  },
  "Model_Architecture": {
    "Architecture_Type": "Encoder-Decoder Transformer",
    "Base_Architecture": "BART",
    "Number_Parameters": "Not provided",
    "Parameters": "Not provided",
    "Input_Type": "Text",
    "Output_Type": "Text"
  },
  "Training_Details": {
    "Training_Data": [
      "Babelscape/rebel-dataset"
    ],
    "Preprocessing": "Text tokenization with special tokens (`<triplet>`, `<subj>`, `<obj>`), max_length 256, padding, truncation.",
    "Hyperparameters": "Not provided"
  },
  "Evaluation": {
    "Evaluation_Data": [
      "CoNLL04",
      "NYT"
    ],
    "Performance_Metrics": {
      "re+ macro f1": 76.65,
      "F1": 93.4
    },
    "Source": "https://paperswithcode.com/sota/relation-extraction-on-nyt?p=rebel-relation-extraction-by-end-to-end"
  },
  "Intended_Use": {
    "Task": [
      "Relation Extraction",
      "Relation Classification",
      "Information Extraction"
    ]
  },
  "Bias_Risks_and_Limitations": {
    "Limitations": "The inference widget does not output special tokens necessary to distinguish the subject, object, and relation types."
  },
  "License": "cc-by-nc-sa-4.0"
}