{
  "Model_Description": {
    "Name": "T5-base-summarization-claim-extractor",
    "Description": "The T5-base-summarization-claim-extractor is a model developed for the task of extracting atomic claims from summaries. The model is based on the T5 architecture, fine-tuned specifically for claim extraction."
  },
  "Model_Sources": {
    "Repository": "https://github.com/Babelscape/FENICE",
    "Paper": [
      "https://aclanthology.org/2024.findings-acl.841.pdf",
      "https://arxiv.org/abs/2403.02270"
    ],
    "Demo": "Not provided"
  },
  "Citation": "@inproceedings{scire-etal-2024-fenice,\n    title = \"{FENICE}: Factuality Evaluation of summarization based on Natural language Inference and Claim Extraction\",\n    author = \"Scir{\\`e}, Alessandro and Ghonim, Karim and Navigli, Roberto\",\n    editor = \"Ku, Lun-Wei  and Martins, Andre and Srikumar, Vivek\",\n    booktitle = \"Findings of the Association for Computational Linguistics ACL 2024\",\n    month = aug,\n    year = \"2024\",\n    address = \"Bangkok, Thailand and virtual meeting\",\n    publisher = \"Association for Computational Linguistics\",\n    url = \"https://aclanthology.org/2024.findings-acl.841\",\n    pages = \"14148--14161\",\n}",
  "Contact": {
    "Author": [
      "Alessandro Scirè",
      "Karim Ghonim",
      "Roberto Navigli"
    ],
    "Email": "scire@diag.uniroma1.it, scire@babelscape.com",
    "Community": "Not provided"
  },
  "Technical_Requirements": {
    "Software": [
      "transformers"
    ],
    "Hardware": {
      "CPU": "Not provided",
      "GPU": "Not provided",
      "RAM": "Not provided",
      "Storage": "Not provided"
    }
  },
  "Access_and_Distribution": {
    "Download_Link": "Not provided",
    "Model_Variants": []
  },
  "Dataset": {
    "Name": "ROSE (Liu et al., 2023b)",
    "Sources": "https://aclanthology.org/2023.acl-long.228/",
    "Description": "Not provided"
  },
  "Model_Architecture": {
    "Architecture_Type": "Encoder-Decoder Transformer",
    "Base_Architecture": "T5",
    "Number_Parameters": "Not provided",
    "Parameters": "Not provided",
    "Input_Type": "Text",
    "Output_Type": "Text"
  },
  "Training_Details": {
    "Training_Data": "Not provided",
    "Preprocessing": "Not provided",
    "Hyperparameters": "Not provided"
  },
  "Evaluation": {
    "Evaluation_Data": "ROSE (Liu et al., 2023b)",
    "Performance_Metrics": {
      "easiness_P": 79.2,
      "easiness_R": 68.8,
      "easiness_F1": 73.4
    },
    "Source": "https://aclanthology.org/2024.findings-acl.841.pdf"
  },
  "Intended_Use": {
    "Task": [
      "Extraction of atomic claims from a summary",
      "Serve as a component in pipelines for factuality evaluation of summaries"
    ]
  },
  "Bias_Risks_and_Limitations": {
    "Limitations": "The model is specifically designed for extracting claims from summaries and may not perform well on other types of texts. It is currently available only in English and may not generalize well to other languages. Users should be aware that while this model extracts claims that can be evaluated for factuality, it does not determine the truthfulness of those claims. Therefore, it should be used in conjunction with other tools or human judgment when evaluating the reliability of summaries."
  },
  "License": "CC BY-NC-SA 4.0"
}