{
  "Model_Description": {
    "Name": "Babelscape/wikineural-multilingual-ner",
    "Description": "A multilingual Named Entity Recognition (NER) model fine-tuned from mBERT for 3 epochs on the WikiNEuRal dataset, supporting 9 languages."
  },
  "Model_Sources": {
    "Repository": "https://github.com/Babelscape/wikineural",
    "Paper": "https://aclanthology.org/2021.findings-emnlp.215/",
    "Demo": "Not provided"
  },
  "Citation": "@inproceedings{tedeschi-etal-2021-wikineural-combined,\n    title = \"{W}iki{NE}u{R}al: {C}ombined Neural and Knowledge-based Silver Data Creation for Multilingual {NER}\",\n    author = \"Tedeschi, Simone  and\n      Maiorca, Valentino  and\n      Campolungo, Niccol{\\`o}  and\n      Cecconi, Francesco  and\n      Navigli, Roberto\",\n    booktitle = \"Findings of the Association for Computational Linguistics: EMNLP 2021\",\n    month = nov,\n    year = \"2021\",\n    address = \"Punta Cana, Dominican Republic\",\n    publisher = \"Association for Computational Linguistics\",\n    url = \"https://aclanthology.org/2021.findings-emnlp.215\",\n    pages = \"2521--2533\",\n    abstract = \"Multilingual Named Entity Recognition (NER) is a key intermediate task which is needed in many areas of NLP. In this paper, we address the well-known issue of data scarcity in NER, especially relevant when moving to a multilingual scenario, and go beyond current approaches to the creation of multilingual silver data for the task. We exploit the texts of Wikipedia and introduce a new methodology based on the effective combination of knowledge-based approaches and neural models, together with a novel domain adaptation technique, to produce high-quality training corpora for NER. We evaluate our datasets extensively on standard benchmarks for NER, yielding substantial improvements up to 6 span-based F1-score points over previous state-of-the-art systems for data creation.\",\n}",
  "Contact": {
    "Author": [
      "Tedeschi, Simone",
      "Maiorca, Valentino",
      "Campolungo, Niccolò",
      "Cecconi, Francesco",
      "Navigli, Roberto"
    ],
    "Email": "Not provided",
    "Community": "Not provided"
  },
  "Technical_Requirements": {
    "Software": [
      "Python",
      "transformers"
    ],
    "Hardware": {
      "CPU": "Not provided",
      "GPU": "Not provided",
      "RAM": "Not provided",
      "Storage": "Not provided"
    }
  },
  "Access_and_Distribution": {
    "Download_Link": "Not provided",
    "Model_Variants": []
  },
  "Dataset": {
    "Name": "WikiNEuRal dataset",
    "Sources": "https://huggingface.co/datasets/Babelscape/wikineural",
    "Description": "Not provided"
  },
  "Model_Architecture": {
    "Architecture_Type": "Not provided",
    "Base_Architecture": "mBERT",
    "Number_Parameters": "Not provided",
    "Parameters": "Not provided",
    "Input_Type": "Text",
    "Output_Type": "Text"
  },
  "Training_Details": {
    "Training_Data": "WikiNEuRal dataset",
    "Preprocessing": "Not provided",
    "Hyperparameters": {
      "epochs": 3
    }
  },
  "Evaluation": {
    "Evaluation_Data": "Not provided",
    "Performance_Metrics": "Not provided",
    "Source": "Not provided"
  },
  "Intended_Use": {
    "Task": [
      "named-entity-recognition"
    ]
  },
  "Bias_Risks_and_Limitations": {
    "Limitations": "The model might not generalize well to all textual genres (e.g., news) as it was trained on Wikipedia-derived data. It may obtain lower scores on non-encyclopedic articles."
  },
  "License": "CC BY-NC-SA 4.0"
}