{
  "Model_Description": {
    "Name": "adept/fuyu-8b",
    "Description": "Fuyu-8B is a small, multimodal model designed for digital agents, capable of consuming images and text to produce text. It supports arbitrary image resolutions and performs well on visual question-answering and natural-image-captioning benchmarks."
  },
  "Model_Sources": {
    "Repository": "https://huggingface.co/adept/fuyu-8b",
    "Paper": "Not provided",
    "Demo": "Not provided"
  },
  "Citation": "Not provided",
  "Contact": {
    "Author": "Adept AI",
    "Email": "Not provided",
    "Community": "Not provided"
  },
  "Technical_Requirements": {
    "Software": [
      "transformers",
      "PIL",
      "requests",
      "Python",
      "PyTorch"
    ],
    "Hardware": {
      "CPU": "Not provided",
      "GPU": "Not provided",
      "RAM": "Not provided",
      "Storage": "Not provided"
    }
  },
  "Access_and_Distribution": {
    "Download_Link": "Not provided",
    "Model_Variants": []
  },
  "Dataset": {
    "Name": "Not provided",
    "Sources": "Not provided",
    "Description": "Not provided"
  },
  "Model_Architecture": {
    "Architecture_Type": "Decoder-only Transformer",
    "Base_Architecture": "Not provided",
    "Number_Parameters": "8B",
    "Parameters": "Not provided",
    "Input_Type": "Image-Text",
    "Output_Type": "Text"
  },
  "Training_Details": {
    "Training_Data": "Not provided",
    "Preprocessing": "Image patches are linearly projected into the first layer of the transformer, bypassing embedding lookup. Image tokens are treated like text tokens, fed in raster-scan order with a special image-newline character to denote line breaks. Image-specific position embeddings are removed.",
    "Hyperparameters": "Not provided"
  },
  "Evaluation": {
    "Evaluation_Data": [
      "VQAv2",
      "OKVQA",
      "COCO Captions",
      "AI2D"
    ],
    "Performance_Metrics": {
      "VQAv2": 74.2,
      "OKVQA": 60.6,
      "COCO Captions": 141,
      "AI2D": 64.5
    },
    "Source": "Not provided"
  },
  "Intended_Use": {
    "Task": [
      "Applications in computer control",
      "digital agents",
      "Research on multi-modal models"
    ]
  },
  "Bias_Risks_and_Limitations": {
    "Limitations": "Faces and people in general may not be generated properly. The model was not trained to be factual or true representations of people or events. It can also reinforce or exacerbate social biases."
  },
  "License": "CC BY-NC 4.0"
}