{
  "Model_Description": {
    "Name": "ArBert/albert-base-v2-finetuned-ner",
    "Description": "This model is a fine-tuned version of albert-base-v2 on the conll2003 dataset."
  },
  "Model_Sources": {
    "Repository": "https://huggingface.co/albert-base-v2",
    "Paper": "Not provided",
    "Demo": "Not provided"
  },
  "Citation": "Not provided",
  "Contact": {
    "Author": "Not provided",
    "Email": "Not provided",
    "Community": "Not provided"
  },
  "Technical_Requirements": {
    "Software": [
      "Transformers 4.14.1",
      "Pytorch 1.10.1",
      "Datasets 1.17.0",
      "Tokenizers 0.10.3"
    ],
    "Hardware": {
      "CPU": "Not provided",
      "GPU": "Not provided",
      "RAM": "Not provided",
      "Storage": "Not provided"
    }
  },
  "Access_and_Distribution": {
    "Download_Link": "Not provided",
    "Model_Variants": []
  },
  "Dataset": {
    "Name": "conll2003",
    "Sources": "Not provided",
    "Description": "Not provided"
  },
  "Model_Architecture": {
    "Architecture_Type": "Not provided",
    "Base_Architecture": "albert-base-v2",
    "Number_Parameters": "Not provided",
    "Parameters": "Not provided",
    "Input_Type": "Not provided",
    "Output_Type": "Not provided"
  },
  "Training_Details": {
    "Training_Data": "conll2003",
    "Preprocessing": "Not provided",
    "Hyperparameters": {
      "learning_rate": "2e-05",
      "train_batch_size": 8,
      "eval_batch_size": 8,
      "seed": 42,
      "optimizer": "Adam with betas=(0.9,0.999) and epsilon=1e-08",
      "lr_scheduler_type": "linear",
      "num_epochs": 3
    }
  },
  "Evaluation": {
    "Evaluation_Data": "conll2003",
    "Performance_Metrics": {
      "Loss": 0.07,
      "Precision": 0.9301,
      "Recall": 0.9376,
      "F1": 0.9338,
      "Accuracy": 0.9852
    },
    "Source": "Not provided"
  },
  "Intended_Use": {
    "Task": [
      "token-classification"
    ]
  },
  "Bias_Risks_and_Limitations": {
    "Limitations": "Not provided"
  },
  "License": "Apache-2.0"
}