{
  "Model_Description": {
    "Name": "amazon/chronos-t5-small",
    "Description": "Chronos is a family of pretrained time series forecasting models based on language model architectures. A time series is transformed into a sequence of tokens via scaling and quantization, and a language model is trained on these tokens using the cross-entropy loss."
  },
  "Model_Sources": {
    "Repository": "https://github.com/amazon-science/chronos-forecasting",
    "Paper": "https://arxiv.org/abs/2403.07815",
    "Demo": "Not provided"
  },
  "Citation": "@article{ansari2024chronos,\n    title={Chronos: Learning the Language of Time Series},\n    author={Ansari, Abdul Fatir and Stella, Lorenzo and Turkmen, Caner and Zhang, Xiyuan, and Mercado, Pedro and Shen, Huibin and Shchur, Oleksandr and Rangapuram, Syama Syndar and Pineda Arango, Sebastian and Kapoor, Shubham and Zschiegner, Jasper and Maddix, Danielle C. and Mahoney, Michael W. and Torkkola, Kari and Gordon Wilson, Andrew and Bohlke-Schneider, Michael and Wang, Yuyang},\n    journal={Transactions on Machine Learning Research},\n    issn={2835-8856},\n    year={2024},\n    url={https://openreview.net/forum?id=gerNCVqqtR}\n}",
  "Contact": {
    "Author": [
      "Ansari, Abdul Fatir",
      "Stella, Lorenzo",
      "Turkmen, Caner",
      "Zhang, Xiyuan",
      "Mercado, Pedro",
      "Shen, Huibin",
      "Shchur, Oleksandr",
      "Rangapuram, Syama Syndar",
      "Pineda Arango, Sebastian",
      "Kapoor, Shubham",
      "Zschiegner, Jasper",
      "Maddix, Danielle C.",
      "Mahoney, Michael W.",
      "Torkkola, Kari",
      "Gordon Wilson, Andrew",
      "Bohlke-Schneider, Michael",
      "Wang, Yuyang"
    ],
    "Email": "Not provided",
    "Community": "Not provided"
  },
  "Technical_Requirements": {
    "Software": [
      "chronos",
      "torch"
    ],
    "Hardware": {
      "CPU": "Not provided",
      "GPU": "NVIDIA CUDA-compatible GPU",
      "RAM": "Not provided",
      "Storage": "Not provided"
    }
  },
  "Access_and_Distribution": {
    "Download_Link": "Not provided",
    "Model_Variants": [
      {
        "Name": "chronos-t5-tiny",
        "Link": "https://huggingface.co/amazon/chronos-t5-tiny",
        "Type": "Not provided",
        "Size": "Not provided",
        "Notes": "Not provided"
      },
      {
        "Name": "chronos-t5-mini",
        "Link": "https://huggingface.co/amazon/chronos-t5-mini",
        "Type": "Not provided",
        "Size": "Not provided",
        "Notes": "Not provided"
      },
      {
        "Name": "chronos-t5-small",
        "Link": "https://huggingface.co/amazon/chronos-t5-small",
        "Type": "Not provided",
        "Size": "Not provided",
        "Notes": "Not provided"
      },
      {
        "Name": "chronos-t5-base",
        "Link": "https://huggingface.co/amazon/chronos-t5-base",
        "Type": "Not provided",
        "Size": "Not provided",
        "Notes": "Not provided"
      },
      {
        "Name": "chronos-t5-large",
        "Link": "https://huggingface.co/amazon/chronos-t5-large",
        "Type": "Not provided",
        "Size": "Not provided",
        "Notes": "Not provided"
      }
    ]
  },
  "Dataset": {
    "Name": "Not provided",
    "Sources": "Not provided",
    "Description": "large corpus of publicly available time series data, as well as synthetic data generated using Gaussian processes."
  },
  "Model_Architecture": {
    "Architecture_Type": "Encoder-Decoder Transformer",
    "Base_Architecture": "T5 architecture",
    "Number_Parameters": "46M",
    "Parameters": {
      "vocabulary_size": 4096
    },
    "Input_Type": "Time Series",
    "Output_Type": "Time Series Forecasts"
  },
  "Training_Details": {
    "Training_Data": "large corpus of publicly available time series data, as well as synthetic data generated using Gaussian processes.",
    "Preprocessing": "Time series is scaled and quantized to obtain a sequence of tokens.",
    "Hyperparameters": "Not provided"
  },
  "Evaluation": {
    "Evaluation_Data": "Not provided",
    "Performance_Metrics": "Not provided",
    "Source": "Not provided"
  },
  "Intended_Use": {
    "Task": [
      "time-series-forecasting"
    ]
  },
  "Bias_Risks_and_Limitations": {
    "Limitations": "Not provided"
  },
  "License": "Apache-2.0"
}