{
  "Model_Description": {
    "Name": "amazon/chronos-bolt-base",
    "Description": "Chronos-Bolt is a family of pretrained time series forecasting models which can be used for zero-shot forecasting. It is based on the T5 encoder-decoder architecture and has been trained on nearly 100 billion time series observations."
  },
  "Model_Sources": {
    "Repository": "https://github.com/amazon-science/chronos-forecasting",
    "Paper": "https://arxiv.org/abs/2403.07815",
    "Demo": "https://github.com/amazon-science/chronos-forecasting/blob/main/notebooks/deploy-chronos-bolt-to-amazon-sagemaker.ipynb"
  },
  "Citation": "@article{ansari2024chronos,\n    title={Chronos: Learning the Language of Time Series},\n    author={Ansari, Abdul Fatir and Stella, Lorenzo and Turkmen, Caner and Zhang, Xiyuan, and Mercado, Pedro and Shen, Huibin and Shchur, Oleksandr and Rangapuram, Syama Syndar and Pineda Arango, Sebastian and Kapoor, Shubham and Zschiegner, Jasper and Maddix, Danielle C. and Mahoney, Michael W. and Torkkola, Kari and Gordon Wilson, Andrew and Bohlke-Schneider, Michael and Wang, Yuyang},\n    journal={Transactions on Machine Learning Research},\n    issn={2835-8856},\n    year={2024},\n    url={https://openreview.net/forum?id=gerNCVqqtR}\n}",
  "Contact": {
    "Author": [
      "Ansari, Abdul Fatir",
      "Stella, Lorenzo",
      "Turkmen, Caner",
      "Zhang, Xiyuan",
      "Mercado, Pedro",
      "Shen, Huibin",
      "Shchur, Oleksandr",
      "Rangapuram, Syama Syndar",
      "Pineda Arango, Sebastian",
      "Kapoor, Shubham",
      "Zschiegner, Jasper",
      "Maddix, Danielle C.",
      "Mahoney, Michael W.",
      "Torkkola, Kari",
      "Gordon Wilson, Andrew",
      "Bohlke-Schneider, Michael",
      "Wang, Yuyang"
    ],
    "Email": "Not provided",
    "Community": "Not provided"
  },
  "Technical_Requirements": {
    "Software": [
      "autogluon",
      "sagemaker",
      "pandas",
      "torch",
      "chronos-forecasting"
    ],
    "Hardware": {
      "CPU": "ml.c5.2xlarge",
      "GPU": [
        "NVIDIA GPU",
        "Apple Silicon"
      ],
      "RAM": "Not provided",
      "Storage": "Not provided"
    }
  },
  "Access_and_Distribution": {
    "Download_Link": "Not provided",
    "Model_Variants": [
      {
        "Name": "chronos-bolt-tiny",
        "Link": "https://huggingface.co/amazon/chronos-bolt-tiny",
        "Type": "t5-efficient-tiny",
        "Size": "Not provided",
        "Notes": "Not provided"
      },
      {
        "Name": "chronos-bolt-mini",
        "Link": "https://huggingface.co/amazon/chronos-bolt-mini",
        "Type": "t5-efficient-mini",
        "Size": "Not provided",
        "Notes": "Not provided"
      },
      {
        "Name": "chronos-bolt-small",
        "Link": "https://huggingface.co/amazon/chronos-bolt-small",
        "Type": "t5-efficient-small",
        "Size": "Not provided",
        "Notes": "Not provided"
      },
      {
        "Name": "chronos-bolt-base",
        "Link": "https://huggingface.co/amazon/chronos-bolt-base",
        "Type": "t5-efficient-base",
        "Size": "Not provided",
        "Notes": "Not provided"
      }
    ]
  },
  "Dataset": {
    "Name": "Not provided",
    "Sources": [
      "https://autogluon.s3.amazonaws.com/datasets/timeseries/m4_hourly/train.csv",
      "https://raw.githubusercontent.com/AileenNielsen/TimeSeriesAnalysisWithPython/master/data/AirPassengers.csv"
    ],
    "Description": "Example time series data used in usage snippets."
  },
  "Model_Architecture": {
    "Architecture_Type": "Encoder-Decoder Transformer",
    "Base_Architecture": "T5 encoder-decoder architecture",
    "Number_Parameters": "205M",
    "Parameters": {
      "context_length": 512,
      "prediction_horizon": 64,
      "prediction_length_example_1": 48,
      "prediction_length_example_2": 12
    },
    "Input_Type": "Time series observations",
    "Output_Type": "Quantile forecasts"
  },
  "Training_Details": {
    "Training_Data": "Not provided",
    "Preprocessing": "chunks the historical time series context into patches of multiple observations",
    "Hyperparameters": "Not provided"
  },
  "Evaluation": {
    "Evaluation_Data": "Not provided",
    "Performance_Metrics": "Not provided",
    "Source": [
      "https://auto.gluon.ai/stable/tutorials/timeseries/forecasting-metrics.html#autogluon.timeseries.metrics.WQL",
      "https://auto.gluon.ai/stable/tutorials/timeseries/forecasting-metrics.html#autogluon.timeseries.metrics.MASE",
      "https://arxiv.org/abs/2403.07815"
    ]
  },
  "Intended_Use": {
    "Task": [
      "time-series forecasting",
      "zero-shot forecasting"
    ]
  },
  "Bias_Risks_and_Limitations": {
    "Limitations": "Not provided"
  },
  "License": "Apache-2.0"
}