{
  "Model_Description": {
    "Name": "abhinand/MedEmbed-small-v0.1",
    "Description": "MedEmbed is a family of embedding models fine-tuned specifically for medical and clinical data, designed to enhance performance in healthcare-related natural language processing (NLP) tasks, particularly information retrieval."
  },
  "Model_Sources": {
    "Repository": "https://github.com/abhinand5/MedEmbed",
    "Paper": "Not provided",
    "Demo": "Not provided"
  },
  "Citation": "@software{balachandran2024medembed,\n  author = {Balachandran, Abhinand},\n  title = {MedEmbed: Medical-Focused Embedding Models},\n  year = {2024},\n  url = {https://github.com/abhinand5/MedEmbed}\n}",
  "Contact": {
    "Author": "Balachandran, Abhinand",
    "Email": "Not provided",
    "Community": "Not provided"
  },
  "Technical_Requirements": {
    "Software": "Not provided",
    "Hardware": {
      "CPU": "Not provided",
      "GPU": "Not provided",
      "RAM": "Not provided",
      "Storage": "Not provided"
    }
  },
  "Access_and_Distribution": {
    "Download_Link": "Not provided",
    "Model_Variants": []
  },
  "Dataset": {
    "Name": [
      "MedicalQARetrieval",
      "NFCorpus",
      "PublicHealthQA",
      "TRECCOVID",
      "ArguAna",
      "PubMed Central (PMC)"
    ],
    "Sources": [
      "https://huggingface.co/datasets/mteb/medical_qa",
      "https://huggingface.co/datasets/mteb/nfcorpus",
      "https://huggingface.co/datasets/xhluca/publichealth-qa",
      "https://huggingface.co/datasets/mteb/trec-covid",
      "https://huggingface.co/datasets/mteb/arguana",
      "PubMed Central (PMC)"
    ],
    "Description": "Clinical notes from PubMed Central (PMC) were used as source data. LLaMA 3.1 70B model generated query-response pairs, augmented with negative sampling for challenging examples, formatted as triplets (query, positive response, negative response) for contrastive learning."
  },
  "Model_Architecture": {
    "Architecture_Type": "Not provided",
    "Base_Architecture": "BAAI/bge-small-en-v1.5",
    "Number_Parameters": "Not provided",
    "Parameters": "Not provided",
    "Input_Type": "Text",
    "Output_Type": "Embeddings"
  },
  "Training_Details": {
    "Training_Data": "Clinical notes from PubMed Central (PMC)",
    "Preprocessing": "LLaMA 3.1 70B model used to generate query-response pairs; negative sampling for challenging examples; formatted as triplets (query, positive response, negative response) for contrastive learning.",
    "Hyperparameters": "Not provided"
  },
  "Evaluation": {
    "Evaluation_Data": [
      "ArguAna",
      "MedicalQARetrieval",
      "NFCorpus",
      "PublicHealthQA",
      "TRECCOVID"
    ],
    "Performance_Metrics": {
      "nDCG": "Not provided",
      "MAP": "Not provided",
      "Recall": "Not provided",
      "Precision": "Not provided",
      "MRR": "Not provided"
    },
    "Source": "Not provided"
  },
  "Intended_Use": {
    "Task": [
      "information retrieval",
      "question answering",
      "semantic search"
    ]
  },
  "Bias_Risks_and_Limitations": {
    "Limitations": "While highly effective for medical and clinical data, this model may not generalize well to non-medical domains. It should be used with caution in general-purpose NLP tasks."
  },
  "License": "apache-2.0"
}