{
  "Model_Description": {
    "Name": "aubmindlab/bert-base-arabertv2",
    "Description": "AraBERT is an Arabic pretrained language model based on Google's BERT architecture. It is designed for Arabic Language Understanding and comes in various versions, including AraBERTv2 which features better preprocessing and a larger dataset."
  },
  "Model_Sources": {
    "Repository": "https://github.com/aub-mind/arabert",
    "Paper": "https://arxiv.org/abs/2003.00104v2",
    "Demo": "Not provided"
  },
  "Citation": "@inproceedings{antoun2020arabert,\n  title={AraBERT: Transformer-based Model for Arabic Language Understanding},\n  author={Antoun, Wissam and Baly, Fady and Hajj, Hazem},\n  booktitle={LREC 2020 Workshop Language Resources and Evaluation Conference 11--16 May 2020},\n  pages={9}\n}",
  "Contact": {
    "Author": [
      "Wissam Antoun",
      "Fady Baly",
      "Hazem Hajj"
    ],
    "Email": [
      "wfa07@mail.aub.edu",
      "wissam.antoun@gmail.com",
      "fgb06@mail.aub.edu",
      "baly.fady@gmail.com"
    ],
    "Community": "Not provided"
  },
  "Technical_Requirements": {
    "Software": [
      "Python",
      "farasapy",
      "tokenizers",
      "transformers",
      "arabert.preprocess"
    ],
    "Hardware": {
      "CPU": "Not provided",
      "GPU": "Not provided",
      "RAM": "Not provided",
      "Storage": "Not provided"
    }
  },
  "Access_and_Distribution": {
    "Download_Link": "",
    "Model_Variants": [
      {
        "Name": "bert-base-arabertv02",
        "Link": "https://huggingface.co/aubmindlab/bert-base-arabertv02",
        "Type": "",
        "Size": "543MB",
        "Notes": ""
      },
      {
        "Name": "bert-large-arabertv02",
        "Link": "https://huggingface.co/aubmindlab/bert-large-arabertv02",
        "Type": "",
        "Size": "1.38G",
        "Notes": ""
      },
      {
        "Name": "bert-base-arabertv2",
        "Link": "https://huggingface.co/aubmindlab/bert-base-arabertv2",
        "Type": "",
        "Size": "543MB",
        "Notes": ""
      },
      {
        "Name": "bert-large-arabertv2",
        "Link": "https://huggingface.co/aubmindlab/bert-large-arabertv2",
        "Type": "",
        "Size": "1.38G",
        "Notes": ""
      },
      {
        "Name": "bert-base-arabertv01",
        "Link": "https://huggingface.co/aubmindlab/bert-base-arabertv01",
        "Type": "",
        "Size": "543MB",
        "Notes": ""
      },
      {
        "Name": "bert-base-arabert",
        "Link": "https://huggingface.co/aubmindlab/bert-base-arabert",
        "Type": "",
        "Size": "543MB",
        "Notes": ""
      }
    ]
  },
  "Dataset": {
    "Name": [
      "wikipedia",
      "Osian",
      "1.5B-Arabic-Corpus",
      "oscar-arabic-unshuffled",
      "OSCAR unshuffled and filtered",
      "Arabic Wikipedia dump",
      "The 1.5B words Arabic Corpus",
      "The OSIAN Corpus",
      "Assafir news articles"
    ],
    "Sources": [
      "https://archive.org/details/arwiki-20190201",
      "https://www.semanticscholar.org/paper/1.5-billion-words-Arabic-Corpus-El-Khair/f3eeef4afb81223df96575adadf808fe7fe440b4",
      "https://www.aclweb.org/anthology/W19-4619"
    ],
    "Description": "The dataset consists of 77GB or 200,095,961 lines or 8,655,948,860 words or 82,232,988,358 chars (before applying Farasa Segmentation). It includes filtered OSCAR corpus, Arabic Wikipedia dump, 1.5B words Arabic Corpus, OSIAN Corpus, and Assafir news articles."
  },
  "Model_Architecture": {
    "Architecture_Type": "Transformer-based Model",
    "Base_Architecture": "Google's BERT architecture",
    "Number_Parameters": "136M",
    "Parameters": "Not provided",
    "Input_Type": "Text",
    "Output_Type": "Text"
  },
  "Training_Details": {
    "Training_Data": [
      "wikipedia",
      "Osian",
      "1.5B-Arabic-Corpus",
      "oscar-arabic-unshuffled",
      "OSCAR unshuffled and filtered",
      "Arabic Wikipedia dump",
      "The 1.5B words Arabic Corpus",
      "The OSIAN Corpus",
      "Assafir news articles"
    ],
    "Preprocessing": "Insert a space between numbers and characters and around punctuation characters. The new vocabulary was learnt using the `BertWordpieceTokenizer` from the `tokenizers` library. It is recommended to apply the `ArabertPreprocessor` function, which for AraBERT v1 & v2 involves pre-segmentation using the `Farasa Segmenter`.",
    "Hyperparameters": {
      "hardware_arabertv0.2-base": "TPUv3-8",
      "num_examples_seq_len_128_arabertv0.2-base": "420M",
      "num_examples_seq_len_512_arabertv0.2-base": "207M",
      "batch_size_seq_len_128_arabertv0.2-base": "2560",
      "num_steps_seq_len_128_arabertv0.2-base": "1M",
      "batch_size_seq_len_512_arabertv0.2-base": "384",
      "num_steps_seq_len_512_arabertv0.2-base": "2M",
      "total_steps_arabertv0.2-base": "3M",
      "hardware_arabertv0.2-large": "TPUv3-128",
      "num_examples_seq_len_128_arabertv0.2-large": "420M",
      "num_examples_seq_len_512_arabertv0.2-large": "207M",
      "batch_size_seq_len_128_arabertv0.2-large": "13440",
      "num_steps_seq_len_128_arabertv0.2-large": "250K",
      "batch_size_seq_len_512_arabertv0.2-large": "2056",
      "num_steps_seq_len_512_arabertv0.2-large": "300K",
      "total_steps_arabertv0.2-large": "550K",
      "total_time_arabertv0.2-large": "7 days",
      "hardware_arabertv2-base": "TPUv3-8",
      "num_examples_seq_len_128_arabertv2-base": "420M",
      "num_examples_seq_len_512_arabertv2-base": "207M",
      "batch_size_seq_len_128_arabertv2-base": "2560",
      "num_steps_seq_len_128_arabertv2-base": "1M",
      "batch_size_seq_len_512_arabertv2-base": "384",
      "num_steps_seq_len_512_arabertv2-base": "2M",
      "total_steps_arabertv2-base": "3M",
      "hardware_arabertv2-large": "TPUv3-128",
      "num_examples_seq_len_128_arabertv2-large": "520M",
      "num_examples_seq_len_512_arabertv2-large": "245M",
      "batch_size_seq_len_128_arabertv2-large": "13440",
      "num_steps_seq_len_128_arabertv2-large": "250K",
      "batch_size_seq_len_512_arabertv2-large": "2056",
      "num_steps_seq_len_512_arabertv2-large": "300K",
      "total_steps_arabertv2-large": "550K",
      "total_time_arabertv2-large": "7 days",
      "hardware_arabert-base_v1_v0.1": "TPUv2-8",
      "batch_size_seq_len_128_arabert-base_v1_v0.1": "512",
      "num_steps_seq_len_128_arabert-base_v1_v0.1": "900K",
      "batch_size_seq_len_512_arabert-base_v1_v0.1": "128",
      "num_steps_seq_len_512_arabert-base_v1_v0.1": "300K",
      "total_steps_arabert-base_v1_v0.1": "1.2M",
      "total_time_arabert-base_v1_v0.1": "4 days"
    }
  },
  "Evaluation": {
    "Evaluation_Data": [
      "HARD",
      "ASTD-Balanced",
      "ArsenTD-Lev",
      "LABR",
      "ANERcorp",
      "Arabic-SQuAD",
      "ARCD"
    ],
    "Performance_Metrics": "Not provided",
    "Source": [
      "https://github.com/elnagara/HARD-Arabic-Dataset",
      "https://www.aclweb.org/anthology/D15-1299",
      "https://staff.aub.edu.lb/~we07/Publications/ArSentD-LEV_Sentiment_Corpus.pdf",
      "https://github.com/mohamedadaly/LABR",
      "http://curtis.ml.cmu.edu/w/courses/index.php/ANERcorp",
      "https://github.com/husseinmozannar/SOQAL"
    ]
  },
  "Intended_Use": {
    "Task": [
      "Arabic Language Understanding",
      "Sentiment Analysis",
      "Named Entity Recognition",
      "Arabic Question Answering"
    ]
  },
  "Bias_Risks_and_Limitations": {
    "Limitations": "Not provided"
  },
  "License": "Not provided"
}