{
  "Model_Description": {
    "Name": "aubmindlab/bert-base-arabert",
    "Description": "AraBERT is an Arabic pretrained language model based on Google's BERT architecture, using the BERT-Base configuration. It is designed for Arabic Language Understanding tasks."
  },
  "Model_Sources": {
    "Repository": "https://github.com/aub-mind/arabert",
    "Paper": "https://arxiv.org/abs/2003.00104v2",
    "Demo": "Not provided"
  },
  "Citation": "@inproceedings{antoun2020arabert,\n  title={AraBERT: Transformer-based Model for Arabic Language Understanding},\n  author={Antoun, Wissam and Baly, Fady and Hajj, Hazem},\n  booktitle={LREC 2020 Workshop Language Resources and Evaluation Conference 11--16 May 2020},\n  pages={9}\n}",
  "Contact": {
    "Author": [
      "Wissam Antoun",
      "Fady Baly",
      "Hazem Hajj"
    ],
    "Email": [
      "wfa07@mail.aub.edu",
      "wissam.antoun@gmail.com",
      "fgb06@mail.aub.edu",
      "baly.fady@gmail.com"
    ],
    "Community": [
      "https://www.linkedin.com/in/wissam-antoun-622142b4/",
      "https://twitter.com/wissam_antoun",
      "https://github.com/WissamAntoun",
      "https://www.linkedin.com/in/fadybaly/",
      "https://twitter.com/fadybaly",
      "https://github.com/fadybaly"
    ]
  },
  "Technical_Requirements": {
    "Software": [
      "farasa (via farasapy)",
      "tokenizers",
      "transformers"
    ],
    "Hardware": {
      "CPU": "Not provided",
      "GPU": [
        "TPUv3-8",
        "TPUv3-128",
        "TPUv2-8"
      ],
      "RAM": "Not provided",
      "Storage": "Not provided"
    }
  },
  "Access_and_Distribution": {
    "Download_Link": "https://huggingface.co/aubmindlab/bert-base-arabert",
    "Model_Variants": [
      {
        "Name": "AraBERTv0.2-base",
        "Link": "https://huggingface.co/aubmindlab/bert-base-arabertv02",
        "Type": "Not provided",
        "Size": "543MB",
        "Notes": "No Pre-Segmentation"
      },
      {
        "Name": "AraBERTv0.2-large",
        "Link": "https://huggingface.co/aubmindlab/bert-large-arabertv02",
        "Type": "Not provided",
        "Size": "1.38G",
        "Notes": "No Pre-Segmentation"
      },
      {
        "Name": "AraBERTv2-base",
        "Link": "https://huggingface.co/aubmindlab/bert-base-arabertv2",
        "Type": "Not provided",
        "Size": "543MB",
        "Notes": "Yes Pre-Segmentation"
      },
      {
        "Name": "AraBERTv2-large",
        "Link": "https://huggingface.co/aubmindlab/bert-large-arabertv2",
        "Type": "Not provided",
        "Size": "1.38G",
        "Notes": "Yes Pre-Segmentation"
      },
      {
        "Name": "AraBERTv0.1-base",
        "Link": "https://huggingface.co/aubmindlab/bert-base-arabertv01",
        "Type": "Not provided",
        "Size": "543MB",
        "Notes": "No Pre-Segmentation"
      },
      {
        "Name": "AraBERTv1-base",
        "Link": "https://huggingface.co/aubmindlab/bert-base-arabert",
        "Type": "Not provided",
        "Size": "543MB",
        "Notes": "Yes Pre-Segmentation"
      }
    ]
  },
  "Dataset": {
    "Name": [
      "wikipedia",
      "Osian",
      "1.5B-Arabic-Corpus",
      "oscar-arabic-unshuffled",
      "Assafir(private)"
    ],
    "Sources": [
      "https://archive.org/details/arwiki-20190201",
      "https://www.semanticscholar.org/paper/1.5-billion-words-Arabic-Corpus-El-Khair/f3eeef4afb81223df96575adadf808fe7fe440b4",
      "https://www.aclweb.org/anthology/W19-4619"
    ],
    "Description": "The dataset consists of 77GB or 200,095,961 lines or 8,655,948,860 words or 82,232,988,358 chars (before applying Farasa Segmentation). It includes the unshuffled and filtered OSCAR corpus, Arabic Wikipedia dump from 2020/09/01, The 1.5B words Arabic Corpus, The OSIAN Corpus, and Assafir news articles."
  },
  "Model_Architecture": {
    "Architecture_Type": "Encoder-only Transformer",
    "Base_Architecture": "BERT-Base",
    "Number_Parameters": "136M",
    "Parameters": "Not provided",
    "Input_Type": "Text",
    "Output_Type": "Text"
  },
  "Training_Details": {
    "Training_Data": [
      "wikipedia",
      "Osian",
      "1.5B-Arabic-Corpus",
      "oscar-arabic-unshuffled",
      "Assafir(private)"
    ],
    "Preprocessing": "Pre-segmentation of text where prefixes and suffixes were split using the Farasa Segmenter. Insertion of space between numbers and characters and around punctuation characters. Vocabulary learned using BertWordpieceTokenizer from the tokenizers library.",
    "Hyperparameters": {
      "batch_size_seq_len_128": 512,
      "batch_size_seq_len_512": 128,
      "total_steps": "1.2M",
      "total_time": "4 days"
    }
  },
  "Evaluation": {
    "Evaluation_Data": [
      "HARD",
      "ASTD-Balanced",
      "ArsenTD-Lev",
      "LABR",
      "ANERcorp",
      "Arabic-SQuAD",
      "ARCD"
    ],
    "Performance_Metrics": "Not provided",
    "Source": "Not provided"
  },
  "Intended_Use": {
    "Task": [
      "Arabic Language Understanding",
      "Sentiment Analysis",
      "Named Entity Recognition",
      "Question Answering"
    ]
  },
  "Bias_Risks_and_Limitations": {
    "Limitations": "Not provided"
  },
  "License": "Not provided"
}