{
  "Model_Description": {
    "Name": "Animagine XL 4.0",
    "Description": "Animagine XL 4.0 is the ultimate anime-themed finetuned SDXL model, retrained from Stable Diffusion XL 1.0 with a massive dataset of 8.4M diverse anime-style images. It was finetuned for approximately 2650 GPU hours using a tag ordering method for identity and style training."
  },
  "Model_Sources": {
    "Repository": "Not provided",
    "Paper": "Not provided",
    "Demo": "https://huggingface.co/spaces/cagliostrolab/animagine-xl-4.0"
  },
  "Citation": "Not provided",
  "Contact": {
    "Author": [
      "Cagliostro Research Lab",
      "KayfaHaarukku",
      "Raelina",
      "Linaqruf"
    ],
    "Email": "Not provided",
    "Community": [
      "https://discord.gg/cqh9tZgbGc",
      "https://github.com/sponsors/cagliostrolab/"
    ]
  },
  "Technical_Requirements": {
    "Software": [
      "diffusers",
      "transformers",
      "accelerate",
      "safetensors",
      "torch"
    ],
    "Hardware": {
      "CPU": "Not provided",
      "GPU": "CUDA-compatible GPU",
      "RAM": "Not provided",
      "Storage": "Not provided"
    }
  },
  "Access_and_Distribution": {
    "Download_Link": "https://huggingface.co/cagliostrolab/animagine-xl-4.0",
    "Model_Variants": [
      {
        "Name": "Animagine XL 4.0 Opt",
        "Link": "",
        "Type": "Optimized",
        "Size": "Not provided",
        "Notes": "Better stability for more consistent outputs, Enhanced anatomy with more accurate proportions, Reduced noise and artifacts in generations, Fixed low saturation issues, resulting in richer colors, Improved color accuracy for more visually appealing results."
      }
    ]
  },
  "Dataset": {
    "Name": "Not provided",
    "Sources": "Not provided",
    "Description": "8.4M diverse anime-style images from various sources with the knowledge cut-off of January 7th 2025."
  },
  "Model_Architecture": {
    "Architecture_Type": "Diffusion-based generative model",
    "Base_Architecture": "Stable Diffusion XL 1.0",
    "Number_Parameters": "Not provided",
    "Parameters": {
      "Training Resolution": "1024x1024",
      "Mixed Precision": "fp16"
    },
    "Input_Type": "Text",
    "Output_Type": "Image"
  },
  "Training_Details": {
    "Training_Data": "Not provided",
    "Preprocessing": "Trained using tag ordering method for identity and style training.",
    "Hyperparameters": {
      "UNet Learning Rate": "2.5e-6",
      "Text Encoder Learning Rate": "1.25e-6",
      "Scheduler": "Constant With Warmup",
      "Warmup Steps": "5%",
      "Batch Size": "32",
      "Gradient Accumulation Steps": "2",
      "Training Resolution": "1024x1024",
      "Optimizer": "Adafactor",
      "Input Perturbation Noise": "0.1",
      "Debiased Estimation Loss": "Enabled",
      "Mixed Precision": "fp16"
    }
  },
  "Evaluation": {
    "Evaluation_Data": "Not provided",
    "Performance_Metrics": "Not provided",
    "Source": "Not provided"
  },
  "Intended_Use": {
    "Task": [
      "Text-to-Image Generation"
    ]
  },
  "Bias_Risks_and_Limitations": {
    "Limitations": "The model has limitations including its reliance on tag-based prompts, potential struggles with complex anatomy and text rendering, and lower accuracy for new or multiple characters. Higher resolutions may also show degradation, and style consistency might require specific tags."
  },
  "License": "CreativeML Open RAIL++-M"
}