{
  "Model_Description": {
    "Name": "Animagine XL 3.1",
    "Description": "Animagine XL 3.1 is an open-source, anime-themed text-to-image model, an update to Animagine XL 3.0, designed for generating high-quality anime-style images with enhanced characters, an optimized dataset, and new aesthetic tags."
  },
  "Model_Sources": {
    "Repository": "https://huggingface.co/cagliostrolab/animagine-xl-3.1",
    "Paper": "Not provided",
    "Demo": [
      "https://huggingface.co/spaces/cagliostrolab/animagine-xl-3.1",
      "https://colab.research.google.com/#fileId=https%3A//huggingface.co/spaces/cagliostrolab/animagine-xl-3.1/blob/main/demo.ipynb"
    ]
  },
  "Citation": "Not provided",
  "Contact": {
    "Author": [
      "Cagliostro Research Lab",
      "Linaqruf",
      "ItsMeBell",
      "Asahina2K",
      "DamarJati",
      "Zwicky18",
      "Scipius2121",
      "Raelina",
      "Kayfahaarukku",
      "Kriz"
    ],
    "Email": "Not provided",
    "Community": [
      "https://discord.gg/cqh9tZgbGc"
    ]
  },
  "Technical_Requirements": {
    "Software": [
      "diffusers",
      "transformers",
      "accelerate",
      "safetensors",
      "torch"
    ],
    "Hardware": {
      "CPU": "Not provided",
      "GPU": [
        "NVIDIA A100 80GB",
        "NVIDIA CUDA compatible GPU"
      ],
      "RAM": "Not provided",
      "Storage": "Not provided"
    }
  },
  "Access_and_Distribution": {
    "Download_Link": "Not provided",
    "Model_Variants": []
  },
  "Dataset": {
    "Name": "Not provided",
    "Sources": "Not provided",
    "Description": "A data-rich collection of 870k ordered and tagged images used for pretraining, and labeled and curated aesthetic datasets used for finetuning."
  },
  "Model_Architecture": {
    "Architecture_Type": "Diffusion-based generative model",
    "Base_Architecture": "Stable Diffusion XL (fine-tuned from Animagine XL 3.0)",
    "Number_Parameters": "Not provided",
    "Parameters": "Not provided",
    "Input_Type": "Text",
    "Output_Type": "Image"
  },
  "Training_Details": {
    "Training_Data": "Not provided",
    "Preprocessing": "Not provided",
    "Hyperparameters": {
      "Epochs": [
        10,
        15
      ],
      "UNet lr": [
        "1e-5",
        "2e-6",
        "1e-6"
      ],
      "Train Text Encoder": [
        "True",
        "False"
      ],
      "Batch Size": [
        16,
        48
      ],
      "Noise Offset": [
        "N/A",
        0.0357
      ],
      "Optimizer": [
        "AdamW",
        "Adafactor"
      ],
      "LR Scheduler": [
        "Cosine Annealing Warm Restart",
        "Constant with Warmup"
      ],
      "Grad Acc Steps": [
        3,
        1
      ],
      "GPUs": [
        2,
        1
      ]
    }
  },
  "Evaluation": {
    "Evaluation_Data": "Not provided",
    "Performance_Metrics": "Not provided",
    "Source": "Not provided"
  },
  "Intended_Use": {
    "Task": [
      "text-to-image",
      "anime-style image generation"
    ]
  },
  "Bias_Risks_and_Limitations": {
    "Limitations": "The model is anime-focused and not suitable for realistic photos, requiring detailed Danbooru-style prompts for optimal results. It may still produce suboptimal anatomy/hand rendering and NSFW content, and its dataset size, while substantial, is considered limited for an 'ultimate' anime model."
  },
  "License": "Fair AI Public License 1.0-SD"
}