{
  "Model_Description": {
    "Name": "airkingbd/dplm_650m",
    "Description": "DPLM (diffusion protein language model) is a versatile protein language model that demonstrates strong generative and predictive capabilities for protein sequences. It exhibits impressive performance in protein sequence generation, motif scaffolding, inverse folding, and representation learning."
  },
  "Model_Sources": {
    "Repository": "https://github.com/bytedance/dplm/tree/main",
    "Paper": "https://arxiv.org/abs/2402.18567",
    "Demo": "Not provided"
  },
  "Citation": "Not provided",
  "Contact": {
    "Author": "Not provided",
    "Email": "Not provided",
    "Community": "Not provided"
  },
  "Technical_Requirements": {
    "Software": "Not provided",
    "Hardware": {
      "CPU": "Not provided",
      "GPU": "Not provided",
      "RAM": "Not provided",
      "Storage": "Not provided"
    }
  },
  "Access_and_Distribution": {
    "Download_Link": "Not provided",
    "Model_Variants": [
      {
        "Name": "dplm_3b",
        "Link": "https://huggingface.co/airkingbd/dplm_3b",
        "Type": "Not provided",
        "Size": "Not provided",
        "Notes": "Not provided"
      },
      {
        "Name": "dplm_650m",
        "Link": "https://huggingface.co/airkingbd/dplm_650m",
        "Type": "Not provided",
        "Size": "Not provided",
        "Notes": "Not provided"
      },
      {
        "Name": "dplm_150m",
        "Link": "https://huggingface.co/airkingbd/dplm_150m",
        "Type": "Not provided",
        "Size": "Not provided",
        "Notes": "Not provided"
      }
    ]
  },
  "Dataset": {
    "Name": "Not provided",
    "Sources": "Not provided",
    "Description": "Not provided"
  },
  "Model_Architecture": {
    "Architecture_Type": "Diffusion Language Model",
    "Base_Architecture": "DPLM",
    "Number_Parameters": "650M",
    "Parameters": {
      "Num layers": 33
    },
    "Input_Type": "Protein Sequences",
    "Output_Type": "Protein Sequences"
  },
  "Training_Details": {
    "Training_Data": "Not provided",
    "Preprocessing": "Not provided",
    "Hyperparameters": "Not provided"
  },
  "Evaluation": {
    "Evaluation_Data": "Not provided",
    "Performance_Metrics": "Not provided",
    "Source": "Not provided"
  },
  "Intended_Use": {
    "Task": [
      "protein sequence generation",
      "motif scaffolding",
      "inverse folding"
    ]
  },
  "Bias_Risks_and_Limitations": {
    "Limitations": "Not provided"
  },
  "License": "Not provided"
}