{
  "Model_Description": {
    "Name": "bardsai/twitter-sentiment-pl-base",
    "Description": "Twitter Sentiment PL (base) is a model based on herbert-base for analyzing sentiment of Polish twitter posts. It was trained on the translated version of TweetEval."
  },
  "Model_Sources": {
    "Repository": "https://huggingface.co/bardsai/twitter-sentiment-pl-base",
    "Paper": "Not provided",
    "Demo": "Not provided"
  },
  "Citation": "Not provided",
  "Contact": {
    "Author": "bards.ai",
    "Email": "info@bards.ai",
    "Community": [
      "https://bards.ai/"
    ]
  },
  "Technical_Requirements": {
    "Software": [
      "transformers"
    ],
    "Hardware": {
      "CPU": "Not provided",
      "GPU": "RTX3090",
      "RAM": "Not provided",
      "Storage": "Not provided"
    }
  },
  "Access_and_Distribution": {
    "Download_Link": "Not provided",
    "Model_Variants": []
  },
  "Dataset": {
    "Name": "TweetEval",
    "Sources": "https://www.researchgate.net/publication/347233661_TweetEval_Unified_Benchmark_and_Comparative_Evaluation_for_Tweet_Classification",
    "Description": "Not provided"
  },
  "Model_Architecture": {
    "Architecture_Type": "Not provided",
    "Base_Architecture": "herbert-base",
    "Number_Parameters": "Not provided",
    "Parameters": "Not provided",
    "Input_Type": "Text",
    "Output_Type": "Text"
  },
  "Training_Details": {
    "Training_Data": "TweetEval",
    "Preprocessing": "translated version",
    "Hyperparameters": {
      "epochs": 10
    }
  },
  "Evaluation": {
    "Evaluation_Data": "Not provided",
    "Performance_Metrics": {
      "f1 macro": 0.658,
      "precision macro": 0.655,
      "recall macro": 0.662,
      "accuracy": 0.662,
      "samples per second": 129.9
    },
    "Source": "Not provided"
  },
  "Intended_Use": {
    "Task": [
      "text-classification",
      "sentiment-analysis"
    ]
  },
  "Bias_Risks_and_Limitations": {
    "Limitations": "Not provided"
  },
  "License": "Not provided"
}