{
  "Model_Description": {
    "Name": "AITeamVN/Vietnamese_Embedding",
    "Description": "Vietnamese_Embedding is an embedding model fine-tuned from the BGE-M3 model to enhance retrieval capabilities for Vietnamese."
  },
  "Model_Sources": {
    "Repository": "https://huggingface.co/AITeamVN/Vietnamese_Embedding",
    "Paper": "Not provided",
    "Demo": "Not provided"
  },
  "Citation": "@misc{Vietnamese_Embedding,\n  title={Vietnamese_Embedding: Embedding model in Vietnamese language.},\n  author={Nguyen Nho Trung, Nguyen Nhat Quang, Nguyen Van Huy},\n  year={2025},\n  publisher={Huggingface},\n}",
  "Contact": {
    "Author": [
      "Nguyễn Nho Trung",
      "Nguyễn Nhật Quang",
      "Nguyen Van Huy"
    ],
    "Email": "nguyennhotrung3004@gmail.com",
    "Community": "Not provided"
  },
  "Technical_Requirements": {
    "Software": [
      "sentence-transformers",
      "torch",
      "onnx"
    ],
    "Hardware": {
      "CPU": "Not provided",
      "GPU": "Not provided",
      "RAM": "Not provided",
      "Storage": "Not provided"
    }
  },
  "Access_and_Distribution": {
    "Download_Link": "Not provided",
    "Model_Variants": [
      {
        "Name": "Vietnamese_Embedding_v2",
        "Link": "https://huggingface.co/AITeamVN/Vietnamese_Embedding_v2",
        "Type": "Not provided",
        "Size": "Not provided",
        "Notes": "trained on 1100000 triplets; good for other domains"
      }
    ]
  },
  "Dataset": {
    "Name": "Not provided",
    "Sources": "Not provided",
    "Description": "Not provided"
  },
  "Model_Architecture": {
    "Architecture_Type": "Sentence Transformer",
    "Base_Architecture": "BAAI/bge-m3",
    "Number_Parameters": "Not provided",
    "Parameters": {
      "Maximum Sequence Length": "2048 tokens",
      "Output Dimensionality": "1024 dimensions"
    },
    "Input_Type": "Text",
    "Output_Type": "Embedding Vector"
  },
  "Training_Details": {
    "Training_Data": "Not provided",
    "Preprocessing": "triplets of queries, positive documents, and negative documents for Vietnamese",
    "Hyperparameters": "Not provided"
  },
  "Evaluation": {
    "Evaluation_Data": "Legal Zalo 2021",
    "Performance_Metrics": {
      "Accuracy@1": 0.7274,
      "Accuracy@3": 0.8992,
      "Accuracy@5": 0.9305,
      "Accuracy@10": 0.9568,
      "MRR@10": 0.8181
    },
    "Source": "running code python evaluation_model.py (data downloaded from Kaggle)"
  },
  "Intended_Use": {
    "Task": [
      "sentence-similarity",
      "Embedding"
    ]
  },
  "Bias_Risks_and_Limitations": {
    "Limitations": "Not provided"
  },
  "License": "Apache-2.0"
}