{
  "Model_Description": {
    "Name": "COGNANO/VHHBERT",
    "Description": "VHHBERT is a RoBERTa-based model pre-trained on two million VHH sequences in VHHCorpus-2M. It has the same model parameters as RoBERTaBASE, with positional embeddings adjusted to a length of 185 to cover the maximum sequence length of 179 in VHHCorpus-2M."
  },
  "Model_Sources": {
    "Repository": "https://github.com/cognano/AVIDa-SARS-CoV-2",
    "Paper": "https://arxiv.org/abs/2405.18749",
    "Demo": "Not provided"
  },
  "Citation": "@inproceedings{tsuruta2024sars,\n  title={A {SARS}-{C}o{V}-2 Interaction Dataset and {VHH} Sequence Corpus for Antibody Language Models},\n  author={Hirofumi Tsuruta and Hiroyuki Yamazaki and Ryota Maeda and Ryotaro Tamura and Akihiro Imura},\n  booktitle={Advances in Neural Information Processing Systems 37},\n  year={2024}\n}",
  "Contact": {
    "Author": [
      "Hirofumi Tsuruta",
      "Hiroyuki Yamazaki",
      "Ryota Maeda",
      "Ryotaro Tamura",
      "Akihiro Imura"
    ],
    "Email": "Not provided",
    "Community": "Not provided"
  },
  "Technical_Requirements": {
    "Software": [
      "transformers"
    ],
    "Hardware": {
      "CPU": "Not provided",
      "GPU": "Not provided",
      "RAM": "Not provided",
      "Storage": "Not provided"
    }
  },
  "Access_and_Distribution": {
    "Download_Link": "Not provided",
    "Model_Variants": []
  },
  "Dataset": {
    "Name": "VHHCorpus-2M",
    "Sources": "https://huggingface.co/datasets/COGNANO/VHHCorpus-2M",
    "Description": "A corpus containing two million VHH sequences."
  },
  "Model_Architecture": {
    "Architecture_Type": "Encoder-only Transformer",
    "Base_Architecture": "RoBERTa-BASE",
    "Number_Parameters": "Not provided",
    "Parameters": {
      "positional_embeddings_length": 185
    },
    "Input_Type": "Text",
    "Output_Type": "Not provided"
  },
  "Training_Details": {
    "Training_Data": "VHHCorpus-2M",
    "Preprocessing": "Not provided",
    "Hyperparameters": "Not provided"
  },
  "Evaluation": {
    "Evaluation_Data": "Not provided",
    "Performance_Metrics": "Not provided",
    "Source": "Not provided"
  },
  "Intended_Use": {
    "Task": [
      "Antibody Language Modeling"
    ]
  },
  "Bias_Risks_and_Limitations": {
    "Limitations": "Not provided"
  },
  "License": "MIT"
}