{
  "error": "output_parser_failed",
  "raw_output": "```json\n{\n  \"Model_Description\": {\n    \"Name\": \"AMR-KELEG/Sentence-ALDi\",\n    \"Description\": \"A BERT-based model fine-tuned to estimate the Arabic Level of Dialectness of text.\"\n  },\n  \"Model_Sources\": {\n    \"Repository\": \"https://github.com/AMR-KELEG/ALDi\",\n    \"Paper\": \"https://aclanthology.org/2023.emnlp-main.655\",\n    \"Demo\": \"https://huggingface.co/spaces/AMR-KELEG/ALDi\"\n  },\n  \"Citation\": \"@inproceedings{keleg-etal-2023-aldi,\\n    title = \\\"{ALD}i: Quantifying the {A}rabic Level of Dialectness of Text\\\",\\n    author = \\\"Keleg, Amr  and\\n      Goldwater, Sharon  and\\n      Magdy, Walid\\\",\\n    editor = \\\"Bouamor, Houda  and\\n      Pino, Juan  and\\n      Bali, Kalika\\\",\\n    booktitle = \\\"Proceedings of the 2023 Conference on Empirical Methods in Natural Language Processing\\\",\\n    month = dec,\\n    year = \\\"2023\\\",\\n    address = \\\"Singapore\\\",\\n    publisher = \\\"Association for Computational Linguistics\\\",\\n    url = \\\"https://aclanthology.org/2023.emnlp-main.655\\\",\\n    doi = \\\"10.18653/v1/2023.emnlp-main.655\\\",\\n    pages = \\\"10597--10611\\\",\\n    abstract = \\\"Transcribed speech and user-generated text in Arabic typically contain a mixture of Modern Standard Arabic (MSA), the standardized language taught in schools, and Dialectal Arabic (DA), used in daily communications. To handle this variation, previous work in Arabic NLP has focused on Dialect Identification (DI) on the sentence or the token level. However, DI treats the task as binary, whereas we argue that Arabic speakers perceive a spectrum of dialectness, which we operationalize at the sentence level as the Arabic Level of Dialectness (ALDi), a continuous linguistic variable. We introduce the AOC-ALDi dataset (derived from the AOC dataset), containing 127,835 sentences (17{\\%} from news articles and 83{\\%} from user comments on those articles) which are manually labeled with their level of dialectness. We provide a detailed analysis of AOC-ALDi and show that a model trained on it can effectively identify levels of dialectness on a range of other corpora (including dialects and genres not included in AOC-ALDi), providing a more nuanced picture than traditional DI systems. Through case studies, we illustrate how ALDi can reveal Arabic speakers{'} stylistic choices in different situations, a useful property for sociolinguistic analyses.\\\",\\n}\",\n  \"Contact\": {\n    \"Author\": [\n      \"Amr Keleg\",\n      \"Sharon Goldwater\",\n      \"Walid Magdy\"\n    ],\n    \"Email\": \"Not provided\",\n    \"Community\": \"Not provided\"\n  },\n  \"Technical_Requirements\": {\n    \"Software\": [\n      \"Python\",\n      \"transformers\",\n      \"PyTorch\"\n    ],\n    \"Hardware\": {\n      \"CPU\": \"Not provided\",\n      \"GPU\": \"Not provided\",\n      \"RAM\": \"Not provided\",\n      \"Storage\": \"Not provided\"\n    }\n  },\n  \"Access_and_Distribution\": {\n    \"Download_Link\": \"https://huggingface.co/AMR-KELEG/Sentence-ALDi\",\n    \"Model_Variants\": [\n      {\n        \"Name\": \"Sentence-ALDi (random seed: 42)\",\n        \"Link\": \"https://huggingface.co/AMR-KELEG/Sentence-ALDi\",\n        \"Type\": \"Not provided\",\n        \"Size\": \"Not provided\",\n        \"Notes\": \"Not provided\"\n      },\n      {\n        \"Name\": \"Sentence-ALDi (random seed: 30)\",\n        \"Link\": \"https://huggingface.co/AMR-KELEG/Sentence-ALDi-30\",\n        \"Type\": \"Not provided\",\n        \"Size\": \"Not provided\",\n        \"Notes\": \"Not provided\"\n      },\n      {\n        \"Name\": \"Sentence-ALDi (random seed: 50)\",\n        \"Link\": \"https://huggingface.co/AMR-KELEG/Sentence-ALDi-50\",\n        \"Type\": \"Not provided\",\n        \"Size\": \"Not provided\",\n        \"Notes\": \"Not provided\"\n      },\n      {\n        \"Name\": \"Token-DI (random seed: 42)\",\n        \"Link\": \"https://huggingface.co/AMR-KELEG/ALDi-Token-DI\",\n        \"Type\": \"Not provided\",\n        \"Size\": \"Not provided\",\n        \"Notes\": \"Not provided\"\n      },\n      {\n        \"Name\": \"Token-DI (random seed: 30)\",\n        \"Link\": \"https://huggingface.co/AMR-KELEG/ALDi-Token-DI-30\",\n        \"Type\": \"Not provided\",\n        \"Size\": \"Not provided\",\n        \"Notes\": \"Not provided\"\n      },\n      {\n        \"Name\": \"Token-DI (random seed: 50)\",\n        \"Link\": \"https://huggingface.co/AMR-KELEG/ALDi-Token-DI-50\",\n        \"Type\": \"Not provided\",\n        \"Size\": \"Not provided\",\n        \"Notes\": \"Not provided\"\n      }\n    ]\n  },\n  \"Dataset\": {\n    \"Name\": \"AOC-ALDi\",\n    \"Sources\": \"https://github.com/AMR-KELEG/ALDi/blob/master/data/AOC-ALDi.tar.gz\",\n    \"Description\": \"The AOC-ALDi dataset (derived from the AOC dataset) contains 127,835 sentences (17% from news articles and 83% from user comments on those articles) which are manually labeled with their level of dialectness.\"\n  },\n  \"Model_Architecture\": {\n    \"Architecture_Type\": \"Regression head on BERT-based model\",\n    \"Base_Architecture\": \"MarBERT\",\n    \"Number_Parameters\": \"Not provided\",\n    \"Parameters\": \"Not provided\",\n    \"Input_Type\": \"Text\",\n    \"Output_Type\": \"Numeric\"\n  },\n  \"Training_Details\": {\n    \"Training_Data\": \"AOC-ALDi\",\n    \"Preprocessing\": \"Tokenization using AutoTokenizer.\",\n    \"Hyperparameters\": \"Not provided\"\n  },\n  \"Evaluation\": {\n    \"Evaluation_Data\": \"Not provided\",\n    \"Performance_Metrics\": \"Not provided\",\n    \"Source\": \"Not provided\"\n  },\n  \"Intended_Use\": {\n    \"Task\": [\n      \"Arabic Level of Dialectness estimation\"\n    ]\n  },\n  \"Bias_Risks_and_Limitations\": {\n    \"Limitations\": \"Not provided\"\n  },\n  \"License\": \"Not provided\"\n}\n```"
}