{
  "error": "output_parser_failed",
  "raw_output": "```json\n{\n  \"Model_Description\": {\n    \"Name\": \"FRIDA\",\n    \"Description\": \"FRIDA is a full-scale finetuned general text embedding model inspired by denoising architecture based on T5. It has been pre-trained on a Russian-English dataset and fine-tuned for improved performance on the target task.\"\n  },\n  \"Model_Sources\": {\n    \"Repository\": \"https://huggingface.co/ai-forever/FRIDA\",\n    \"Paper\": \"https://habr.com/ru/companies/sberdevices/articles/909924/\",\n    \"Demo\": \"Not provided\"\n  },\n  \"Citation\": \"Not provided\",\n  \"Contact\": {\n    \"Author\": [\n      \"SaluteDevices AI for B2C RnD Team\",\n      \"Artem Snegirev\",\n      \"Anna Maksimova\",\n      \"Aleksandr Abramov\"\n    ],\n    \"Email\": \"Not provided\",\n    \"Community\": \"Not provided\"\n  },\n  \"Technical_Requirements\": {\n    \"Software\": [\n      \"torch\",\n      \"transformers\",\n      \"sentence_transformers\"\n    ],\n    \"Hardware\": {\n      \"CPU\": \"Not provided\",\n      \"GPU\": \"Not provided\",\n      \"RAM\": \"Not provided\",\n      \"Storage\": \"Not provided\"\n    }\n  },\n  \"Access_and_Distribution\": {\n    \"Download_Link\": \"https://huggingface.co/ai-forever/FRIDA\",\n    \"Model_Variants\": []\n  },\n  \"Dataset\": {\n    \"Name\": [\n      \"Russian-English dataset\",\n      \"ai-forever/solyanka\",\n      \"MTEB CEDRClassification\",\n      \"MTEB GeoreviewClassification\",\n      \"MTEB GeoreviewClusteringP2P\",\n      \"MTEB HeadlineClassification\",\n      \"MTEB InappropriatenessClassification\",\n      \"MTEB KinopoiskClassification\",\n      \"MTEB MIRACLReranking\",\n      \"MTEB MIRACLRetrieval\",\n      \"MTEB MassiveIntentClassification\",\n      \"MTEB MassiveScenarioClassification\",\n      \"MTEB RUParaPhraserSTS\",\n      \"MTEB RiaNewsRetrieval\",\n      \"MTEB RuBQReranking\",\n      \"MTEB RuBQRetrieval\",\n      \"MTEB RuReviewsClassification\",\n      \"MTEB RuSTSBenchmarkSTS\",\n      \"MTEB RuSciBenchGRNTIClassification\",\n      \"MTEB RuSciBenchGRNTIClusteringP2P\",\n      \"MTEB RuSciBenchOECDClassification\",\n      \"MTEB RuSciBenchOECDClusteringP2P\",\n      \"MTEB STS22\",\n      \"MTEB SensitiveTopicsClassification\",\n      \"MTEB TERRa\"\n    ],\n    \"Sources\": [\n      \"https://huggingface.co/datasets/ai-forever/solyanka\",\n      \"https://arxiv.org/abs/2309.10931\",\n      \"https://arxiv.org/abs/2408.12503\",\n      \"https://huggingface.co/ai-forever/ru-en-RoSBERTa\",\n      \"https://huggingface.co/datasets/ai-forever/cedr-classification\",\n      \"https://huggingface.co/datasets/ai-forever/georeview-classification\",\n      \"https://huggingface.co/datasets/ai-forever/georeview-clustering-p2p\",\n      \"https://huggingface.co/datasets/ai-forever/headline-classification\",\n      \"https://huggingface.co/datasets/ai-forever/inappropriateness-classification\",\n      \"https://huggingface.co/datasets/ai-forever/kinopoisk-sentiment-classification\",\n      \"https://huggingface.co/datasets/miracl/mmteb-miracl-reranking\",\n      \"https://huggingface.co/datasets/miracl/mmteb-miracl\",\n      \"https://huggingface.co/datasets/mteb/amazon_massive_intent\",\n      \"https://huggingface.co/datasets/mteb/amazon_massive_scenario\",\n      \"https://huggingface.co/datasets/merionum/ru_paraphraser\",\n      \"https://huggingface.co/datasets/ai-forever/ria-news-retrieval\",\n      \"https://huggingface.co/datasets/ai-forever/rubq-reranking\",\n      \"https://huggingface.co/datasets/ai-forever/rubq-retrieval\",\n      \"https://huggingface.co/datasets/ai-forever/ru-reviews-classification\",\n      \"https://huggingface.co/datasets/ai-forever/ru-stsbenchmark-sts\",\n      \"https://huggingface.co/datasets/ai-forever/ru-scibench-grnti-classification\",\n      \"https://huggingface.co/datasets/ai-forever/ru-scibench-oecd-classification\",\n      \"https://huggingface.co/datasets/mteb/sts22-crosslingual-sts\",\n      \"https://huggingface.co/datasets/ai-forever/sensitive-topics-classification\",\n      \"https://huggingface.co/datasets/ai-forever/terra-pairclassification\"\n    ],\n    \"Description\": \"The model was pre-trained on a Russian-English dataset. Evaluation was performed on various MTEB datasets covering classification, clustering, reranking, retrieval, and STS tasks.\"\n  },\n  \"Model_Architecture\": {\n    \"Architecture_Type\": \"Encoder-Decoder Transformer\",\n    \"Base_Architecture\": \"FRED-T5\",\n    \"Number_Parameters\": \"Not provided\",\n    \"Parameters\": \"Not provided\",\n    \"Input_Type\": \"Text\",\n    \"Output_Type\": \"Text Embedding\"\n  },\n  \"Training_Details\": {\n    \"Training_Data\": [\n      \"Russian-English dataset\",\n      \"ai-forever/solyanka\"\n    ],\n    \"Preprocessing\": \"Input texts are tokenized with a maximum length of 512 tokens, padded, and truncated. CLS pooling is recommended for embeddings, which are normalized by default.\",\n    \"Hyperparameters\": \"Not provided\"\n  },\n  \"Evaluation\": {\n    \"Evaluation_Data\": [\n      \"MTEB CEDRClassification (default)\",\n      \"MTEB GeoreviewClassification (default)\",\n      \"MTEB GeoreviewClusteringP2P (default)\",\n      \"MTEB HeadlineClassification (default)\",\n      \"MTEB InappropriatenessClassification (default)\",\n      \"MTEB KinopoiskClassification (default)\",\n      \"MTEB MIRACLReranking (ru)\",\n      \"MTEB MIRACLRetrieval (ru)\",\n      \"MTEB MassiveIntentClassification (ru)\",\n      \"MTEB MassiveScenarioClassification (ru)\",\n      \"MTEB RUParaPhraserSTS (default)\",\n      \"MTEB RiaNewsRetrieval (default)\",\n      \"MTEB RuBQReranking (default)\",\n      \"MTEB RuBQRetrieval (default)\",\n      \"MTEB RuReviewsClassification (default)\",\n      \"MTEB RuSTSBenchmarkSTS (default)\",\n      \"MTEB RuSciBenchGRNTIClassification (default)\",\n      \"MTEB RuSciBenchGRNTIClusteringP2P (default)\",\n      \"MTEB RuSciBenchOECDClassification (default)\",\n      \"MTEB RuSciBenchOECDClusteringP2P (default)\",\n      \"MTEB STS22 (ru)\",\n      \"MTEB SensitiveTopicsClassification (default)\",\n      \"MTEB TERRa (default)\"\n    ],\n    \"Performance_Metrics\": {\n      \"MultilabelClassification - MTEB CEDRClassification (default) - accuracy\": 64.60148777895856,\n      \"MultilabelClassification - MTEB CEDRClassification (default) - f1\": 70.36630348039266,\n      \"MultilabelClassification - MTEB CEDRClassification (default) - lrap\": 92.47290116896953,\n      \"MultilabelClassification - MTEB CEDRClassification (default) - main_score\": 64.60148777895856,\n      \"Classification - MTEB GeoreviewClassification (default) - accuracy\": 57.70996093750001,\n      \"Classification - MTEB GeoreviewClassification (default) - f1\": 53.18542982057098,\n      \"Classification - MTEB GeoreviewClassification (default) - f1_weighted\": 53.17663229582108,\n      \"Classification - MTEB GeoreviewClassification (default) - main_score\": 57.70996093750001,\n      \"Clustering - MTEB GeoreviewClusteringP2P (default) - main_score\": 78.25468393043356,\n      \"Clustering - MTEB GeoreviewClusteringP2P (default) - v_measure\": 78.25468393043356,\n      \"Clustering - MTEB GeoreviewClusteringP2P (default) - v_measure_std\": 0.5094366871364238,\n      \"Classification - MTEB HeadlineClassification (default) - accuracy\": 89.0185546875,\n      \"Classification - MTEB HeadlineClassification (default) - f1\": 88.993933120612,\n      \"Classification - MTEB HeadlineClassification (default) - f1_weighted\": 88.99276764225768,\n      \"Classification - MTEB HeadlineClassification (default) - main_score\": 89.0185546875,\n      \"Classification - MTEB InappropriatenessClassification (default) - accuracy\": 78.330078125,\n      \"Classification - MTEB InappropriatenessClassification (default) - ap\": 73.17856750532495,\n      \"Classification - MTEB InappropriatenessClassification (default) - ap_weighted\": 73.17856750532495,\n      \"Classification - MTEB InappropriatenessClassification (default) - f1\": 78.20169867599041,\n      \"Classification - MTEB InappropriatenessClassification (default) - f1_weighted\": 78.20169867599041,\n      \"Classification - MTEB InappropriatenessClassification (default) - main_score\": 78.330078125,\n      \"Classification - MTEB KinopoiskClassification (default) - accuracy\": 70.46666666666665,\n      \"Classification - MTEB KinopoiskClassification (default) - f1\": 65.83951766538878,\n      \"Classification - MTEB KinopoiskClassification (default) - f1_weighted\": 65.83951766666665,\n      \"Classification - MTEB KinopoiskClassification (default) - main_score\": 70.46666666666665,\n      \"Reranking - MTEB MIRACLReranking (ru) - MAP@1(MIRACL)\": 39.023,\n      \"Reranking - MTEB MIRACLReranking (ru) - MAP@10(MIRACL)\": 60.208,\n      \"Reranking - MTEB MIRACLReranking (ru) - MAP@100(MIRACL)\": 61.672000000000004,\n      \"Reranking - MTEB MIRACLReranking (ru) - MAP@1000(MIRACL)\": 61.672000000000004,\n      \"Reranking - MTEB MIRACLReranking (ru) - MAP@20(MIRACL)\": 61.30799999999999,\n      \"Reranking - MTEB MIRACLReranking (ru) - MAP@3(MIRACL)\": 53.33,\n      \"Reranking - MTEB MIRACLReranking (ru) - MAP@5(MIRACL)\": 57.289,\n      \"Reranking - MTEB MIRACLReranking (ru) - NDCG@1(MIRACL)\": 63.352,\n      \"Reranking - MTEB MIRACLReranking (ru) - NDCG@10(MIRACL)\": 66.042,\n      \"Reranking - MTEB MIRACLReranking (ru) - NDCG@100(MIRACL)\": 68.702,\n      \"Reranking - MTEB MIRACLReranking (ru) - NDCG@1000(MIRACL)\": 68.702,\n      \"Reranking - MTEB MIRACLReranking (ru) - NDCG@20(MIRACL)\": 67.768,\n      \"Reranking - MTEB MIRACLReranking (ru) - NDCG@3(MIRACL)\": 61.925,\n      \"Reranking - MTEB MIRACLReranking (ru) - NDCG@5(MIRACL)\": 63.327,\n      \"Reranking - MTEB MIRACLReranking (ru) - P@1(MIRACL)\": 63.352,\n      \"Reranking - MTEB MIRACLReranking (ru) - P@10(MIRACL)\": 16.512,\n      \"Reranking - MTEB MIRACLReranking (ru) - P@100(MIRACL)\": 1.9529999999999998,\n      \"Reranking - MTEB MIRACLReranking (ru) - P@1000(MIRACL)\": 0.19499999999999998,\n      \"Reranking - MTEB MIRACLReranking (ru) - P@20(MIRACL)\": 9.13,\n      \"Reranking - MTEB MIRACLReranking (ru) - P@3(MIRACL)\": 37.878,\n      \"Reranking - MTEB MIRACLReranking (ru) - P@5(MIRACL)\": 27.586,\n      \"Reranking - MTEB MIRACLReranking (ru) - Recall@1(MIRACL)\": 39.023,\n      \"Reranking - MTEB MIRACLReranking (ru) - Recall@10(MIRACL)\": 72.35000000000001,\n      \"Reranking - MTEB MIRACLReranking (ru) - Recall@100(MIRACL)\": 79.952,\n      \"Reranking - MTEB MIRACLReranking (ru) - Recall@1000(MIRACL)\": 79.952,\n      \"Reranking - MTEB MIRACLReranking (ru) - Recall@20(MIRACL)\": 76.828,\n      \"Reranking - MTEB MIRACLReranking (ru) - Recall@3(MIRACL)\": 57.769999999999996,\n      \"Reranking - MTEB MIRACLReranking (ru) - Recall@5(MIRACL)\": 64.91900000000001,\n      \"Reranking - MTEB MIRACLReranking (ru) - main_score\": 66.042,\n      \"Reranking - MTEB MIRACLReranking (ru) - nAUC_MAP@1000_diff1(MIRACL)\": 27.150388833033052,\n      \"Reranking - MTEB MIRACLReranking (ru) - nAUC_MAP@1000_max(MIRACL)\": 55.15672274267081,\n      \"Reranking - MTEB MIRACLReranking (ru) - nAUC_MAP@1000_std(MIRACL)\": 30.088939934575553,\n      \"Reranking - MTEB MIRACLReranking (ru) - nAUC_MAP@100_diff1(MIRACL)\": 27.150388833033052,\n      \"Reranking - MTEB MIRACLReranking (ru) - nAUC_MAP@100_max(MIRACL)\": 55.15672274267081,\n      \"Reranking - MTEB MIRACLReranking (ru) - nAUC_MAP@100_std(MIRACL)\": 30.088939934575553,\n      \"Reranking - MTEB MIRACLReranking (ru) - nAUC_MAP@10_diff1(MIRACL)\": 27.853691773641742,\n      \"Reranking - MTEB MIRACLReranking (ru) - nAUC_MAP@10_max(MIRACL)\": 52.89390350055654,\n      \"Reranking - MTEB MIRACLReranking (ru) - nAUC_MAP@10_std(MIRACL)\": 28.08732516551691,\n      \"Reranking - MTEB MIRACLReranking (ru) - nAUC_MAP@1_diff1(MIRACL)\": 43.23179150244192,\n      \"Reranking - MTEB MIRACLReranking (ru) - nAUC_MAP@1_max(MIRACL)\": 29.923943954188864,\n      \"Reranking - MTEB MIRACLReranking (ru) - nAUC_MAP@1_std(MIRACL)\": 7.447084370195121,\n      \"Reranking - MTEB MIRACLReranking (ru) - nAUC_MAP@20_diff1(MIRACL)\": 27.328384072311675,\n      \"Reranking - MTEB MIRACLReranking (ru) - nAUC_MAP@20_max(MIRACL)\": 54.60286379835721,\n      \"Reranking - MTEB MIRACLReranking (ru) - nAUC_MAP@20_std(MIRACL)\": 29.8084128980043,\n      \"Reranking - MTEB MIRACLReranking (ru) - nAUC_MAP@3_diff1(MIRACL)\": 31.244971536944554,\n      \"Reranking - MTEB MIRACLReranking (ru) - nAUC_MAP@3_max(MIRACL)\": 43.63984692803854,\n      \"Reranking - MTEB MIRACLReranking (ru) - nAUC_MAP@3_std(MIRACL)\": 18.609234683765887,\n      \"Reranking - MTEB MIRACLReranking (ru) - nAUC_MAP@5_diff1(MIRACL)\": 29.088760492638286,\n      \"Reranking - MTEB MIRACLReranking (ru) - nAUC_MAP@5_max(MIRACL)\": 48.30474364461509,\n      \"Reranking - MTEB MIRACLReranking (ru) - nAUC_MAP@5_std(MIRACL)\": 23.817514353844224,\n      \"Reranking - MTEB MIRACLReranking (ru) - nAUC_NDCG@1000_diff1(MIRACL)\": 23.12754356408408,\n      \"Reranking - MTEB MIRACLReranking (ru) - nAUC_NDCG@1000_max(MIRACL)\": 64.24894553363303,\n      \"Reranking - MTEB MIRACLReranking (ru) - nAUC_NDCG@1000_std(MIRACL)\": 38.19318050598967,\n      \"Reranking - MTEB MIRACLReranking (ru) - nAUC_NDCG@100_diff1(MIRACL)\": 23.12754356408408,\n      \"Reranking - MTEB MIRACLReranking (ru) - nAUC_NDCG@100_max(MIRACL)\": 64.24894553363303,\n      \"Reranking - MTEB MIRACLReranking (ru) - nAUC_NDCG@100_std(MIRACL)\": 38.19318050598967,\n      \"Reranking - MTEB MIRACLReranking (ru) - nAUC_NDCG@10_diff1(MIRACL)\": 24.779856373697275,\n      \"Reranking - MTEB MIRACLReranking (ru) - nAUC_NDCG@10_max(MIRACL)\": 60.4054459738118,\n      \"Reranking - MTEB MIRACLReranking (ru) - nAUC_NDCG@10_std(MIRACL)\": 35.148950441182784,\n      \"Reranking - MTEB MIRACLReranking (ru) - nAUC_NDCG@1_diff1(MIRACL)\": 35.605865569438556,\n      \"Reranking - MTEB MIRACLReranking (ru) - nAUC_NDCG@1_max(MIRACL)\": 65.77787399715454,\n      \"Reranking - MTEB MIRACLReranking (ru) - nAUC_NDCG@1_std(MIRACL)\": 34.34726892885082,\n      \"Reranking - MTEB MIRACLReranking (ru) - nAUC_NDCG@20_diff1(MIRACL)\": 23.71231783125691,\n      \"Reranking - MTEB MIRACLReranking (ru) - nAUC_NDCG@20_max(MIRACL)\": 62.89676599488004,\n      \"Reranking - MTEB MIRACLReranking (ru) - nAUC_NDCG@20_std(MIRACL)\": 37.697052941884316,\n      \"Reranking - MTEB MIRACLReranking (ru) - nAUC_NDCG@3_diff1(MIRACL)\": 26.109027741640865,\n      \"Reranking - MTEB MIRACLReranking (ru) - nAUC_NDCG@3_max(MIRACL)\": 56.22356793638693,\n      \"Reranking - MTEB MIRACLReranking (ru) - nAUC_NDCG@3_std(MIRACL)\": 29.9437568508688,\n      \"Reranking - MTEB MIRACLReranking (ru) - nAUC_NDCG@5_diff1(MIRACL)\": 25.98644715327336,\n      \"Reranking - MTEB MIRACLReranking (ru) - nAUC_NDCG@5_max(MIRACL)\": 56.25032008404774,\n      \"Reranking - MTEB MIRACLReranking (ru) - nAUC_NDCG@5_std(MIRACL)\": 31.581899860862578,\n      \"Reranking - MTEB MIRACLReranking (ru) - nAUC_P@1000_diff1(MIRACL)\": -18.29912787064644,\n      \"Reranking - MTEB MIRACLReranking (ru) - nAUC_P@1000_max(MIRACL)\": 31.811344878776087,\n      \"Reranking - MTEB MIRACLReranking (ru) - nAUC_P@1000_std(MIRACL)\": 30.163820183304914,\n      \"Reranking - MTEB MIRACLReranking (ru) - nAUC_P@100_diff1(MIRACL)\": -18.299127870646405,\n      \"Reranking - MTEB MIRACLReranking (ru) - nAUC_P@100_max(MIRACL)\": 31.811344878776133,\n      \"Reranking - MTEB MIRACLReranking (ru) - nAUC_P@100_std(MIRACL)\": 30.163820183304956,\n      \"Reranking - MTEB MIRACLReranking (ru) - nAUC_P@10_diff1(MIRACL)\": -15.96416268531149,\n      \"Reranking - MTEB MIRACLReranking (ru) - nAUC_P@10_max(MIRACL)\": 36.989578896466526,\n      \"Reranking - MTEB MIRACLReranking (ru) - nAUC_P@10_std(MIRACL)\": 34.54507111688143,\n      \"Reranking - MTEB MIRACLReranking (ru) - nAUC_P@1_diff1(MIRACL)\": 35.605865569438556,\n      \"Reranking - MTEB MIRACLReranking (ru) - nAUC_P@1_max(MIRACL)\": 65.77787399715454,\n      \"Reranking - MTEB MIRACLReranking (ru) - nAUC_P@1_std(MIRACL)\": 34.34726892885082,\n      \"Reranking - MTEB MIRACLReranking (ru) - nAUC_P@20_diff1(MIRACL)\": -17.443963421383287,\n      \"Reranking - MTEB MIRACLReranking (ru) - nAUC_P@20_max(MIRACL)\": 34.309618168778385,\n      \"Reranking - MTEB MIRACLReranking (ru) - nAUC_P@20_std(MIRACL)\": 33.38820956485373,\n      \"Reranking - MTEB MIRACLReranking (ru) - nAUC_P@3_diff1(MIRACL)\": -8.533621861815652,\n      \"Reranking - MTEB MIRACLReranking (ru) - nAUC_P@3_max(MIRACL)\": 45.90408386776497,\n      \"Reranking - MTEB MIRACLReranking (ru) - nAUC_P@3_std(MIRACL)\": 34.50459351305535,\n      \"Reranking - MTEB MIRACLReranking (ru) - nAUC_P@5_diff1(MIRACL)\": -13.207968899314865,\n      \"Reranking - MTEB MIRACLReranking (ru) - nAUC_P@5_max(MIRACL)\": 40.37718282248973,\n      \"Reranking - MTEB MIRACLReranking (ru) - nAUC_P@5_std(MIRACL)\": 35.601417332196206,\n      \"Reranking - MTEB MIRACLReranking (ru) - nAUC_Recall@1000_diff1(MIRACL)\": 7.907304198177226,\n      \"Reranking - MTEB MIRACLReranking (ru) - nAUC_Recall@1000_max(MIRACL)\": 77.82197832361145,\n      \"Reranking - MTEB MIRACLReranking (ru) - nAUC_Recall@1000_std(MIRACL)\": 52.66957487246724,\n      \"Reranking - MTEB MIRACLReranking (ru) - nAUC_Recall@100_diff1(MIRACL)\": 7.907304198177226,\n      \"Reranking - MTEB MIRACLReranking (ru) - nAUC_Recall@100_max(MIRACL)\": 77.82197832361145,\n      \"Reranking - MTEB MIRACLReranking (ru) - nAUC_Recall@100_std(MIRACL)\": 52.66957487246724,\n      \"Reranking - MTEB MIRACLReranking (ru) - nAUC_Recall@10_diff1(MIRACL)\": 15.498121023488693,\n      \"Reranking - MTEB MIRACLReranking (ru) - nAUC_Recall@10_max(MIRACL)\": 62.24320529338724,\n      \"Reranking - MTEB MIRACLReranking (ru) - nAUC_Recall@10_std(MIRACL)\": 40.60221460946224,\n      \"Reranking - MTEB MIRACLReranking (ru) - nAUC_Recall@1_diff1(MIRACL)\": 43.23179150244192,\n      \"Reranking - MTEB MIRACLReranking (ru) - nAUC_Recall@1_max(MIRACL)\": 29.923943954188864,\n      \"Reranking - MTEB MIRACLReranking (ru) - nAUC_Recall@1_std(MIRACL)\": 7.447084370195121,\n      \"Reranking - MTEB MIRACLReranking (ru) - nAUC_Recall@20_diff1(MIRACL)\": 11.457044176116248,\n      \"Reranking - MTEB MIRACLReranking (ru) - nAUC_Recall@20_max(MIRACL)\": 70.3493054342368,\n      \"Reranking - MTEB MIRACLReranking (ru) - nAUC_Recall@20_std(MIRACL)\": 49.27124296325928,\n      \"Reranking - MTEB MIRACLReranking (ru) - nAUC_Recall@3_diff1(MIRACL)\": 25.12077828977941,\n      \"Reranking - MTEB MIRACLReranking (ru) - nAUC_Recall@3_max(MIRACL)\": 42.903379317937166,\n      \"Reranking - MTEB MIRACLReranking (ru) - nAUC_Recall@3_std(MIRACL)\": 20.324501722161497,\n      \"Reranking - MTEB MIRACLReranking (ru) - nAUC_Recall@5_diff1(MIRACL)\": 20.925701235197977,\n      \"Reranking - MTEB MIRACLReranking (ru) - nAUC_Recall@5_max(MIRACL)\": 49.85323960390812,\n      \"Reranking - MTEB MIRACLReranking (ru) - nAUC_Recall@5_std(MIRACL)\": 29.04484539530469,\n      \"Retrieval - MTEB MIRACLRetrieval (ru) - main_score\": 71.882,\n      \"Retrieval - MTEB MIRACLRetrieval (ru) - map_at_1\": 37.913000000000004,\n      \"Retrieval - MTEB MIRACLRetrieval (ru) - map_at_10\": 62.604000000000006,\n      \"Retrieval - MTEB MIRACLRetrieval (ru) - map_at_100\": 64.925,\n      \"Retrieval - MTEB MIRACLRetrieval (ru) - map_at_1000\": 64.992,\n      \"Retrieval - MTEB MIRACLRetrieval (ru) - map_at_20\": 64.081,\n      \"Retrieval - MTEB MIRACLRetrieval (ru) - map_at_3\": 55.212,\n      \"Retrieval - MTEB MIRACLRetrieval (ru) - map_at_5\": 59.445,\n      \"Retrieval - MTEB MIRACLRetrieval (ru) - mrr_at_1\": 73.24281150159744,\n      \"Retrieval - MTEB MIRACLRetrieval (ru) - mrr_at_10\": 81.65043866321825,\n      \"Retrieval - MTEB MIRACLRetrieval (ru) - mrr_at_100\": 81.85391378818977,\n      \"Retrieval - MTEB MIRACLRetrieval (ru) - mrr_at_1000\": 81.85753390802569,\n      \"Retrieval - MTEB MIRACLRetrieval (ru) - mrr_at_20\": 81.81045606130179,\n      \"Retrieval - MTEB MIRACLRetrieval (ru) - mrr_at_3\": 80.56443024494146,\n      \"Retrieval - MTEB MIRACLRetrieval (ru) - mrr_at_5\": 81.30724174653893,\n      \"Retrieval - MTEB MIRACLRetrieval (ru) - nauc_map_at_1000_diff1\": 26.962150235593356,\n      \"Retrieval - MTEB MIRACLRetrieval (ru) - nauc_map_at_1000_max\": 29.234958037854568,\n      \"Retrieval - MTEB MIRACLRetrieval (ru) - nauc_map_at_1000_std\": -2.4294465103633884,\n      \"Retrieval - MTEB MIRACLRetrieval (ru) - nauc_map_at_100_diff1\": 26.92990252114163,\n      \"Retrieval - MTEB MIRACLRetrieval (ru) - nauc_map_at_100_max\": 29.206328533120118,\n      \"Retrieval - MTEB MIRACLRetrieval (ru) - nauc_map_at_100_std\": -2.437371090941197,\n      \"Retrieval - MTEB MIRACLRetrieval (ru) - nauc_map_at_10_diff1\": 25.758265691179226,\n      \"Retrieval - MTEB MIRACLRetrieval (ru) - nauc_map_at_10_max\": 26.949978490795317,\n      \"Retrieval - MTEB MIRACLRetrieval (ru) - nauc_map_at_10_std\": -5.484961002106038,\n      \"Retrieval - MTEB MIRACLRetrieval (ru) - nauc_map_at_1_diff1\": 34.70849461278043,\n      \"Retrieval - MTEB MIRACLRetrieval (ru) - nauc_map_at_1_max\": 12.778570893623042,\n      \"Retrieval - MTEB MIRACLRetrieval (ru) - nauc_map_at_1_std\": -13.018292652743938,\n      \"Retrieval - MTEB MIRACLRetrieval (ru) - nauc_map_at_20_diff1\": 26.659923008218268,\n      \"Retrieval - MTEB MIRACLRetrieval (ru) - nauc_map_at_20_max\": 28.341440871568185,\n      \"Retrieval - MTEB MIRACLRetrieval (ru) - nauc_map_at_20_std\": -3.614549844913084,\n      \"Retrieval - MTEB MIRACLRetrieval (ru) - nauc_map_at_3_diff1\": 27.197629021438203,\n      \"Retrieval - MTEB MIRACLRetrieval (ru) - nauc_map_at_3_max\": 20.701094874050856,\n      \"Retrieval - MTEB MIRACLRetrieval (ru) - nauc_map_at_3_std\": -12.062992301112041,\n      \"Retrieval - MTEB MIRACLRetrieval (ru) - nauc_map_at_5_diff1\": 25.51793537203295,\n      \"Retrieval - MTEB MIRACLRetrieval (ru) - nauc_map_at_5_max\": 23.80396771243794,\n      \"Retrieval - MTEB MIRACLRetrieval (ru) - nauc_map_at_5_std\": -8.920465695323575,\n      \"Retrieval - MTEB MIRACLRetrieval (ru) - nauc_mrr_at_1000_diff1\": 45.14819989592967,\n      \"Retrieval - MTEB MIRACLRetrieval (ru) - nauc_mrr_at_1000_max\": 53.29202156141053,\n      \"Retrieval - MTEB MIRACLRetrieval (ru) - nauc_mrr_at_1000_std\": 18.037336462510524,\n      \"Retrieval - MTEB MIRACLRetrieval (ru) - nauc_mrr_at_100_diff1\": 45.15287600228451,\n      \"Retrieval - MTEB MIRACLRetrieval (ru) - nauc_mrr_at_100_max\": 53.29979751928615,\n      \"Retrieval - MTEB MIRACLRetrieval (ru) - nauc_mrr_at_100_std\": 18.04996604778386,\n      \"Retrieval - MTEB MIRACLRetrieval (ru) - nauc_mrr_at_10_diff1\": 44.96865105944474,\n      \"Retrieval - MTEB MIRACLRetrieval (ru) - nauc_mrr_at_10_max\": 53.53323465323092,\n      \"Retrieval - MTEB MIRACLRetrieval (ru) - nauc_mrr_at_10_std\": 18.25001344917689,\n      \"Retrieval - MTEB MIRACLRetrieval (ru) - nauc_mrr_at_1_diff1\": 46.16604946873163,\n      \"Retrieval - MTEB MIRACLRetrieval (ru) - nauc_mrr_at_1_max\": 48.573651103547874,\n      \"Retrieval - MTEB MIRACLRetrieval (ru) - nauc_mrr_at_1_std\": 13.764871626330915,\n      \"Retrieval - MTEB MIRACLRetrieval (ru) - nauc_mrr_at_20_diff1\": 45.11925458479102,\n      \"Retrieval - MTEB MIRACLRetrieval (ru) - nauc_mrr_at_20_max\": 53.35685123898342,\n      \"Retrieval - MTEB MIRACLRetrieval (ru) - nauc_mrr_at_20_std\": 18.127344968819905,\n      \"Retrieval - MTEB MIRACLRetrieval (ru) - nauc_mrr_at_3_diff1\": 45.377195452730234,\n      \"Retrieval - MTEB MIRACLRetrieval (ru) - nauc_mrr_at_3_max\": 53.35146309217089,\n      \"Retrieval - MTEB MIRACLRetrieval (ru) - nauc_mrr_at_3_std\": 17.47105877186237,\n      \"Retrieval - MTEB MIRACLRetrieval (ru) - nauc_mrr_at_5_diff1\": 45.00525578771549,\n      \"Retrieval - MTEB MIRACLRetrieval (ru) - nauc_mrr_at_5_max\": 53.76227254707128,\n      \"Retrieval - MTEB MIRACLRetrieval (ru) - nauc_mrr_at_5_std\": 18.437290060746957,\n      \"Retrieval - MTEB MIRACLRetrieval (ru) - nauc_ndcg_at_1000_diff1\": 31.19215594457491,\n      \"Retrieval - MTEB MIRACLRetrieval (ru) - nauc_ndcg_at_1000_max\": 38.09555406458668,\n      \"Retrieval - MTEB MIRACLRetrieval (ru) - nauc_ndcg_at_1000_std\": 7.225628621238009,\n      \"Retrieval - MTEB MIRACLRetrieval (ru) - nauc_ndcg_at_100_diff1\": 30.726331247999934,\n      \"Retrieval - MTEB MIRACLRetrieval (ru) - nauc_ndcg_at_100_max\": 37.81369589418277,\n      \"Retrieval - MTEB MIRACLRetrieval (ru) - nauc_ndcg_at_100_std\": 7.242855238555071,\n      \"Retrieval - MTEB MIRACLRetrieval (ru) - nauc_ndcg_at_10_diff1\": 27.514048333744835,\n      \"Retrieval - MTEB MIRACLRetrieval (ru) - nauc_ndcg_at_10_max\": 33.10990399385253,\n      \"Retrieval - MTEB MIRACLRetrieval (ru) - nauc_ndcg_at_10_std\": 0.3051899572112002,\n      \"Retrieval - MTEB MIRACLRetrieval (ru) - nauc_ndcg_at_1_diff1\": 47.06089085235751,\n      \"Retrieval - MTEB MIRACLRetrieval (ru) - nauc_ndcg_at_1_max\": 47.7300872370495,\n      \"Retrieval - MTEB MIRACLRetrieval (ru) - nauc_ndcg_at_1_std\": 12.468605493613916,\n      \"Retrieval - MTEB MIRACLRetrieval (ru) - nauc_ndcg_at_20_diff1\": 29.404215438764496,\n      \"Retrieval - MTEB MIRACLRetrieval (ru) - nauc_ndcg_at_20_max\": 35.26967886796471,\n      \"Retrieval - MTEB MIRACLRetrieval (ru) - nauc_ndcg_at_20_std\": 3.7214697890813353,\n      \"Retrieval - MTEB MIRACLRetrieval (ru) - nauc_ndcg_at_3_diff1\": 29.448848639643067,\n      \"Retrieval - MTEB MIRACLRetrieval (ru) - nauc_ndcg_at_3_max\": 33.85912412370657,\n      \"Retrieval - MTEB MIRACLRetrieval (ru) - nauc_ndcg_at_3_std\": 0.895453646819452,\n      \"Retrieval - MTEB MIRACLRetrieval (ru) - nauc_ndcg_at_5_diff1\": 26.916649012613526,\n      \"Retrieval - MTEB MIRACLRetrieval (ru) - nauc_ndcg_at_5_max\": 30.899005979291644,\n      \"Retrieval - MTEB MIRACLRetrieval (ru) - nauc_ndcg_at_5_std\": -1.0001575639156615,\n      \"Retrieval - MTEB MIRACLRetrieval (ru) - nauc_precision_at_1000_diff1\": -8.492004667432635,\n      \"Retrieval - MTEB MIRACLRetrieval (ru) - nauc_precision_at_1000_max\": 14.970190384017679,\n      \"Retrieval - MTEB MIRACLRetrieval (ru) - nauc_precision_at_1000_std\": 32.871386621137816,\n      \"Retrieval - MTEB MIRACLRetrieval (ru) - nauc_precision_at_100_diff1\": -8.287314133999967,\n      \"Retrieval - MTEB MIRACLRetrieval (ru) - nauc_precision_at_100_max\": 17.794821961284736,\n      \"Retrieval - MTEB MIRACLRetrieval (ru) - nauc_precision_at_100_std\": 35.092483550562,\n      \"Retrieval - MTEB MIRACLRetrieval (ru) - nauc_precision_at_10_diff1\": -7.594128993028063,\n      \"Retrieval - MTEB MIRACLRetrieval (ru) - nauc_precision_at_10_max\": 24.691446370325732,\n      \"Retrieval - MTEB MIRACLRetrieval (ru) - nauc_precision_at_10_std\": 30.126552282608493,\n      \"Retrieval - MTEB MIRACLRetrieval (ru) - nauc_precision_at_1_diff1\": 47.06089085235751,\n      \"Retrieval - MTEB MIRACLRetrieval (ru) - nauc_precision_at_1_max\": 47.7300872370495,\n      \"Retrieval - MTEB MIRACLRetrieval (ru) - nauc_precision_at_1_std\": 12.468605493613916,\n      \"Retrieval - MTEB MIRACLRetrieval (ru) - nauc_precision_at_20_diff1\": -6.503872195775146,\n      \"Retrieval - MTEB MIRACLRetrieval (ru) - nauc_precision_at_20_max\": 21.789730053141312,\n      \"Retrieval - MTEB MIRACLRetrieval (ru) - nauc_precision_at_20_std\": 32.61349377558794,\n      \"Retrieval - MTEB MIRACLRetrieval (ru) - nauc_precision_at_3_diff1\": 0.67417079971061,\n      \"Retrieval - MTEB MIRACLRetrieval (ru) - nauc_precision_at_3_max\": 30.793871354370662,\n      \"Retrieval - MTEB MIRACLRetrieval (ru) - nauc_precision_at_3_std\": 18.35266479252011,\n      \"Retrieval - MTEB MIRACLRetrieval (ru) - nauc_precision_at_5_diff1\": -7.088881730215777,\n      \"Retrieval - MTEB MIRACLRetrieval (ru) - nauc_precision_at_5_max\": 26.539771712769006,\n      \"Retrieval - MTEB MIRACLRetrieval (ru) - nauc_precision_at_5_std\": 24.116262291865834,\n      \"Retrieval - MTEB MIRACLRetrieval (ru) - nauc_recall_at_1000_diff1\": 34.53263588412461,\n      \"Retrieval - MTEB MIRACLRetrieval (ru) - nauc_recall_at_1000_max\": 63.54157869100173,\n      \"Retrieval - MTEB MIRACLRetrieval (ru) - nauc_recall_at_1000_std\": 64.19854844792808,\n      \"Retrieval - MTEB MIRACLRetrieval (ru) - nauc_recall_at_100_diff1\": 22.86564728642275,\n      \"Retrieval - MTEB MIRACLRetrieval (ru) - nauc_recall_at_100_max\": 40.350507162549825,\n      \"Retrieval - MTEB MIRACLRetrieval (ru) - nauc_recall_at_100_std\": 29.24492545863015,\n      \"Retrieval - MTEB MIRACLRetrieval (ru) - nauc_recall_at_10_diff1\": 15.384818367225009,\n      \"Retrieval - MTEB MIRACLRetrieval (ru) - nauc_recall_at_10_max\": 24.41108571453699,\n      \"Retrieval - MTEB MIRACLRetrieval (ru) - nauc_recall_at_10_std\": -3.9216160585776323,\n      \"Retrieval - MTEB MIRACLRetrieval (ru) - nauc_recall_at_1_diff1\": 34.70849461278043,\n      \"Retrieval - MTEB MIRACLRetrieval (ru) - nauc_recall_at_1_max\": 12.778570893623042,\n      \"Retrieval - MTEB MIRACLRetrieval (ru) - nauc_recall_at_1_std\": -13.018292652743938,\n      \"Retrieval - MTEB MIRACLRetrieval (ru) - nauc_recall_at_20_diff1\": 18.122499000084208,\n      \"Retrieval - MTEB MIRACLRetrieval (ru) - nauc_recall_at_20_max\": 26.63104220179424,\n      \"Retrieval - MTEB MIRACLRetrieval (ru) - nauc_recall_at_20_std\": 3.969217732521512,\n      \"Retrieval - MTEB MIRACLRetrieval (ru) - nauc_recall_at_3_diff1\": 21.413050725250116,\n      \"Retrieval - MTEB MIRACLRetrieval (ru) - nauc_recall_at_3_max\": 16.18894988386887,\n      \"Retrieval - MTEB MIRACLRetrieval (ru) - nauc_recall_at_3_std\": -15.24884339282375,\n      \"Retrieval - MTEB MIRACLRetrieval (ru) - nauc_recall_at_5_diff1\": 16.35673072212927,\n      \"Retrieval - MTEB MIRACLRetrieval (ru) - nauc_recall_at_5_max\": 18.607003829267846,\n      \"Retrieval - MTEB MIRACLRetrieval (ru) - nauc_recall_at_5_std\": 10.463525876945454,\n      \"Retrieval - MTEB MIRACLRetrieval (ru) - ndcg_at_1\": 72.923,\n      \"Retrieval - MTEB MIRACLRetrieval (ru) - ndcg_at_10\": 71.882,\n      \"Retrieval - MTEB MIRACLRetrieval (ru) - ndcg_at_100\": 77.09899999999999,\n      \"Retrieval - MTEB MIRACLRetrieval (ru) - ndcg_at_1000\": 77.835,\n      \"Retrieval - MTEB MIRACLRetrieval (ru) - ndcg_at_20\": 74.497,\n      \"Retrieval - MTEB MIRACLRetrieval (ru) - ndcg_at_3\": 68.504,\n      \"Retrieval - MTEB MIRACLRetrieval (ru) - ndcg_at_5\": 69.068,\n      \"Retrieval - MTEB MIRACLRetrieval (ru) - precision_at_1\": 72.923,\n      \"Retrieval - MTEB MIRACLRetrieval (ru) - precision_at_10\": 19.936,\n      \"Retrieval - MTEB MIRACLRetrieval (ru) - precision_at_100\": 2.6310000000000002,\n      \"Retrieval - MTEB MIRACLRetrieval (ru) - precision_at_1000\": 0.27799999999999997,\n      \"Retrieval - MTEB MIRACLRetrieval (ru) - precision_at_20\": 11.33,\n      \"Retrieval - MTEB MIRACLRetrieval (ru) - precision_at_3\": 45.927,\n      \"Retrieval - MTEB MIRACLRetrieval (ru) - precision_at_5\": 33.131,\n      \"Retrieval - MTEB MIRACLRetrieval (ru) - recall_at_1\": 37.913000000000004,\n      \"Retrieval - MTEB MIRACLRetrieval (ru) - recall_at_10\": 78.365,\n      \"Retrieval - MTEB MIRACLRetrieval (ru) - recall_at_100\": 94.348,\n      \"Retrieval - MTEB MIRACLRetrieval (ru) - recall_at_1000\": 98.187,\n      \"Retrieval - MTEB MIRACLRetrieval (ru) - recall_at_20\": 85.229,\n      \"Retrieval - MTEB MIRACLRetrieval (ru) - recall_at_3\": 61.42999999999999,\n      \"Retrieval - MTEB MIRACLRetrieval (ru) - recall_at_5\": 69.56700000000001,\n      \"Classification - MTEB MassiveIntentClassification (ru) - accuracy\": 79.11903160726294,\n      \"Classification - MTEB MassiveIntentClassification (ru) - f1\": 76.22609082694545,\n      \"Classification - MTEB MassiveIntentClassification (ru) - f1_weighted\": 77.81461248063566,\n      \"Classification - MTEB MassiveIntentClassification (ru) - main_score\": 79.11903160726294,\n      \"Classification - MTEB MassiveScenarioClassification (ru) - accuracy\": 88.80632145258912,\n      \"Classification - MTEB MassiveScenarioClassification (ru) - f1\": 87.53157475314829,\n      \"Classification - MTEB MassiveScenarioClassification (ru) - f1_weighted\": 88.22733432521495,\n      \"Classification - MTEB MassiveScenarioClassification (ru) - main_score\": 88.80632145258912,\n      \"STS - MTEB RUParaPhraserSTS (default) - cosine_pearson\": 72.70307124858925,\n      \"STS - MTEB RUParaPhraserSTS (default) - cosine_spearman\": 78.09439086920204,\n      \"STS - MTEB RUParaPhraserSTS (default) - euclidean_pearson\": 76.2033672014715,\n      \"STS - MTEB RUParaPhraserSTS (default) - euclidean_spearman\": 78.09439086920204,\n      \"STS - MTEB RUParaPhraserSTS (default) - main_score\": 78.09439086920204,\n      \"STS - MTEB RUParaPhraserSTS (default) - manhattan_pearson\": 76.11750470223116,\n      \"STS - MTEB RUParaPhraserSTS (default) - manhattan_spearman\": 78.01081063503413,\n      \"STS - MTEB RUParaPhraserSTS (default) - pearson\": 72.70307124858925,\n      \"STS - MTEB RUParaPhraserSTS (default) - spearman\": 78.09439086920204,\n      \"Retrieval - MTEB RiaNewsRetrieval (default) - main_score\": 86.819,\n      \"Retrieval - MTEB RiaNewsRetrieval (default) - map_at_1\": 78.79,\n      \"Retrieval - MTEB RiaNewsRetrieval (default) - map_at_10\": 84.516,\n      \"Retrieval - MTEB RiaNewsRetrieval (default) - map_at_100\": 84.68,\n      \"Retrieval - MTEB RiaNewsRetrieval (default) - map_at_1000\": 84.685,\n      \"Retrieval - MTEB RiaNewsRetrieval (default) - map_at_20\": 84.624,\n      \"Retrieval - MTEB RiaNewsRetrieval (default) - map_at_3\": 83.722,\n      \"Retrieval - MTEB RiaNewsRetrieval (default) - map_at_5\": 84.246,\n      \"Retrieval - MTEB RiaNewsRetrieval (default) - mrr_at_1\": 78.78,\n      \"Retrieval - MTEB RiaNewsRetrieval (default) - mrr_at_10\": 84.51815476190441,\n      \"Retrieval - MTEB RiaNewsRetrieval (default) - mrr_at_100\": 84.68390840473289,\n      \"Retrieval - MTEB RiaNewsRetrieval (default) - mrr_at_1000\": 84.68947095200002,\n      \"Retrieval - MTEB RiaNewsRetrieval (default) - mrr_at_20\": 84.62958130822527,\n      \"Retrieval - MTEB RiaNewsRetrieval (default) - mrr_at_3\": 83.74499999999964,\n      \"Retrieval - MTEB RiaNewsRetrieval (default) - mrr_at_5\": 84.23849999999955,\n      \"Retrieval - MTEB RiaNewsRetrieval (default) - nauc_map_at_1000_diff1\": 82.09914867708899,\n      \"Retrieval - MTEB RiaNewsRetrieval (default) - nauc_map_at_1000_max\": 43.02024854784386,\n      \"Retrieval - MTEB RiaNewsRetrieval (default) - nauc_map_at_1000_std\": -22.919695880762777,\n      \"Retrieval - MTEB RiaNewsRetrieval (default) - nauc_map_at_100_diff1\": 82.09705922783733,\n      \"Retrieval - MTEB RiaNewsRetrieval (default) - nauc_map_at_100_max\": 43.02697379581718,\n      \"Retrieval - MTEB RiaNewsRetrieval (default) - nauc_map_at_100_std\": -22.90719212899522,\n      \"Retrieval - MTEB RiaNewsRetrieval (default) - nauc_map_at_10_diff1\": 82.04404594672894,\n      \"Retrieval - MTEB RiaNewsRetrieval (default) - nauc_map_at_10_max\": 43.06752103182731,\n      \"Retrieval - MTEB RiaNewsRetrieval (default) - nauc_map_at_10_std\": -23.007870153273576,\n      \"Retrieval - MTEB RiaNewsRetrieval (default) - nauc_map_at_1_diff1\": 83.89134152210333,\n      \"Retrieval - MTEB RiaNewsRetrieval (default) - nauc_map_at_1_max\": 38.083626428503415,\n      \"Retrieval - MTEB RiaNewsRetrieval (default) - nauc_map_at_1_std\": -25.817960401194252,\n      \"Retrieval - MTEB RiaNewsRetrieval (default) - nauc_map_at_20_diff1\": 82.08534662247806,\n      \"Retrieval - MTEB RiaNewsRetrieval (default) - nauc_map_at_20_max\": 43.074305042312346,\n      \"Retrieval - MTEB RiaNewsRetrieval (default) - nauc_map_at_20_std\": -22.91785703613217,\n      \"Retrieval - MTEB RiaNewsRetrieval (default) - nauc_map_at_3_diff1\": 81.7967508697558,\n      \"Retrieval - MTEB RiaNewsRetrieval (default) - nauc_map_at_3_max\": 42.90927479098251,\n      \"Retrieval - MTEB RiaNewsRetrieval (default) - nauc_map_at_3_std\": -24.01312203859392,\n      \"Retrieval - MTEB RiaNewsRetrieval (default) - nauc_map_at_5_diff1\": 81.90704517505098,\n      \"Retrieval - MTEB RiaNewsRetrieval (default) - nauc_map_at_5_max\": 43.05204677044616,\n      \"Retrieval - MTEB RiaNewsRetrieval (default) - nauc_map_at_5_std\": -23.267331507554896,\n      \"Retrieval - MTEB RiaNewsRetrieval (default) - nauc_mrr_at_1000_diff1\": 82.11902348082472,\n      \"Retrieval - MTEB RiaNewsRetrieval (default) - nauc_mrr_at_1000_max\": 43.04118936353063,\n      \"Retrieval - MTEB RiaNewsRetrieval (default) - nauc_mrr_at_1000_std\": -22.858804296830773,\n      \"Retrieval - MTEB RiaNewsRetrieval (default) - nauc_mrr_at_100_diff1\": 82.11685562002263,\n      \"Retrieval - MTEB RiaNewsRetrieval (default) - nauc_mrr_at_100_max\": 43.0482537895494,\n      \"Retrieval - MTEB RiaNewsRetrieval (default) - nauc_mrr_at_100_std\": -22.84431127787993,\n      \"Retrieval - MTEB RiaNewsRetrieval (default) - nauc_mrr_at_10_diff1\": 82.06909958688058,\n      \"Retrieval - MTEB RiaNewsRetrieval (default) - nauc_mrr_at_10_max\": 43.07921689466605,\n      \"Retrieval - MTEB RiaNewsRetrieval (default) - nauc_mrr_at_10_std\": -22.957623576663234,\n      \"Retrieval - MTEB RiaNewsRetrieval (default) - nauc_mrr_at_1_diff1\": 83.91147637794326,\n      \"Retrieval - MTEB RiaNewsRetrieval (default) - nauc_mrr_at_1_max\": 37.91917159543152,\n      \"Retrieval - MTEB RiaNewsRetrieval (default) - nauc_mrr_at_1_std\": -26.141868289283266,\n      \"Retrieval - MTEB RiaNewsRetrieval (default) - nauc_mrr_at_20_diff1\": 82.10314004731809,\n      \"Retrieval - MTEB RiaNewsRetrieval (default) - nauc_mrr_at_20_max\": 43.09295406509764,\n      \"Retrieval - MTEB RiaNewsRetrieval (default) - nauc_mrr_at_20_std\": -22.862091782178787,\n      \"Retrieval - MTEB RiaNewsRetrieval (default) - nauc_mrr_at_3_diff1\": 81.82117067269036,\n      \"Retrieval - MTEB RiaNewsRetrieval (default) - nauc_mrr_at_3_max\": 42.94628953323521,\n      \"Retrieval - MTEB RiaNewsRetrieval (default) - nauc_mrr_at_3_std\": -23.852510312400714,\n      \"Retrieval - MTEB RiaNewsRetrieval (default) - nauc_mrr_at_5_diff1\": 81.92857441701598,\n      \"Retrieval - MTEB RiaNewsRetrieval (default) - nauc_mrr_at_5_max\": 43.129719354492934,\n      \"Retrieval - MTEB RiaNewsRetrieval (default) - nauc_mrr_at_5_std\": -23.145342272624085,\n      \"Retrieval - MTEB RiaNewsRetrieval (default) - nauc_ndcg_at_1000_diff1\": 81.75015729717991,\n      \"Retrieval - MTEB RiaNewsRetrieval (default) - nauc_ndcg_at_1000_max\": 44.7266586308995,\n      \"Retrieval - MTEB RiaNewsRetrieval (default) - nauc_ndcg_at_1000_std\": -20.60663899715267,\n      \"Retrieval - MTEB RiaNewsRetrieval (default) - nauc_ndcg_at_100_diff1\": 81.6897808298767,\n      \"Retrieval - MTEB RiaNewsRetrieval (default) - nauc_ndcg_at_100_max\": 44.99492791287099,\n      \"Retrieval - MTEB RiaNewsRetrieval (default) - nauc_ndcg_at_100_std\": -20.09637266506936,\n      \"Retrieval - MTEB RiaNewsRetrieval (default) - nauc_ndcg_at_10_diff1\": 81.46290312197337,\n      \"Retrieval - MTEB RiaNewsRetrieval (default) - nauc_ndcg_at_10_max\": 45.30218378452244,\n      \"Retrieval - MTEB RiaNewsRetrieval (default) - nauc_ndcg_at_10_std\": -20.70393523891777,\n      \"Retrieval - MTEB RiaNewsRetrieval (default) - nauc_ndcg_at_1_diff1\": 83.89134152210333,\n      \"Retrieval - MTEB RiaNewsRetrieval (default) - nauc_ndcg_at_1_max\": 38.083626428503415,\n      \"Retrieval - MTEB RiaNewsRetrieval (default) - nauc_ndcg_at_1_std\": -25.817960401194252,\n      \"Retrieval - MTEB RiaNewsRetrieval (default) - nauc_ndcg_at_20_diff1\": 81.61080772657213,\n      \"Retrieval - MTEB RiaNewsRetrieval (default) - nauc_ndcg_at_20_max\": 45.36571800492172,\n      \"Retrieval - MTEB RiaNewsRetrieval (default) - nauc_ndcg_at_20_std\": -20.278763852504042,\n      \"Retrieval - MTEB RiaNewsRetrieval (default) - nauc_ndcg_at_3_diff1\": 80.95965359410461,\n      \"Retrieval - MTEB RiaNewsRetrieval (default) - nauc_ndcg_at_3_max\": 44.756971949205834,\n      \"Retrieval - MTEB RiaNewsRetrieval (default) - nauc_ndcg_at_3_std\": -23.07797617717319,\n      \"Retrieval - MTEB RiaNewsRetrieval (default) - nauc_ndcg_at_5_diff1\": 81.12417712163976,\n      \"Retrieval - MTEB RiaNewsRetrieval (default) - nauc_ndcg_at_5_max\": 45.15727381406512,\n      \"Retrieval - MTEB RiaNewsRetrieval (default) - nauc_ndcg_at_5_std\": -21.52861766165519,\n      \"Retrieval - MTEB RiaNewsRetrieval (default) - nauc_precision_at_1000_diff1\": 76.80566850396093,\n      \"Retrieval - MTEB RiaNewsRetrieval (default) - nauc_precision_at_1000_max\": 82.45685370922442,\n      \"Retrieval - MTEB RiaNewsRetrieval (default) - nauc_precision_at_1000_std\": 46.93570976777808,\n      \"Retrieval - MTEB RiaNewsRetrieval (default) - nauc_precision_at_100_diff1\": 77.21645520953484,\n      \"Retrieval - MTEB RiaNewsRetrieval (default) - nauc_precision_at_100_max\": 73.43604108309935,\n      \"Retrieval - MTEB RiaNewsRetrieval (default) - nauc_precision_at_100_std\": 31.978176891671367,\n      \"Retrieval - MTEB RiaNewsRetrieval (default) - nauc_precision_at_10_diff1\": 77.88251664302092,\n      \"Retrieval - MTEB RiaNewsRetrieval (default) - nauc_precision_at_10_max\": 60.58112638995018,\n      \"Retrieval - MTEB RiaNewsRetrieval (default) - nauc_precision_at_10_std\": -3.674424315180332,\n      \"Retrieval - MTEB RiaNewsRetrieval (default) - nauc_precision_at_1_diff1\": 83.89134152210333,\n      \"Retrieval - MTEB RiaNewsRetrieval (default) - nauc_precision_at_1_max\": 38.083626428503415,\n      \"Retrieval - MTEB RiaNewsRetrieval (default) - nauc_precision_at_1_std\": -25.817960401194252,\n      \"Retrieval - MTEB RiaNewsRetrieval (default) - nauc_precision_at_20_diff1\": 78.16426786697438,\n      \"Retrieval - MTEB RiaNewsRetrieval (default) - nauc_precision_at_20_max\": 66.0723612699222,\n      \"Retrieval - MTEB RiaNewsRetrieval (default) - nauc_precision_at_20_std\": 6.121527084555938,\n      \"Retrieval - MTEB RiaNewsRetrieval (default) - nauc_precision_at_3_diff1\": 77.43122492166451,\n      \"Retrieval - MTEB RiaNewsRetrieval (default) - nauc_precision_at_3_max\": 52.50727288548085,\n      \"Retrieval - MTEB RiaNewsRetrieval (default) - nauc_precision_at_3_std\": -19.036076920799427,\n      \"Retrieval - MTEB RiaNewsRetrieval (default) - nauc_precision_at_5_diff1\": 77.1127254320532,\n      \"Retrieval - MTEB RiaNewsRetrieval (default) - nauc_precision_at_5_max\": 56.100901899221135,\n      \"Retrieval - MTEB RiaNewsRetrieval (default) - nauc_precision_at_5_std\": -12.009191140844198,\n      \"Retrieval - MTEB RiaNewsRetrieval (default) - nauc_recall_at_1000_diff1\": 76.80566850396035,\n      \"Retrieval - MTEB RiaNewsRetrieval (default) - nauc_recall_at_1000_max\": 82.45685370922577,\n      \"Retrieval - MTEB RiaNewsRetrieval (default) - nauc_recall_at_1000_std\": 46.93570976777776,\n      \"Retrieval - MTEB RiaNewsRetrieval (default) - nauc_recall_at_100_diff1\": 77.21645520953459,\n      \"Retrieval - MTEB RiaNewsRetrieval (default) - nauc_recall_at_100_max\": 73.43604108310011,\n      \"Retrieval - MTEB RiaNewsRetrieval (default) - nauc_recall_at_100_std\": 31.978176891671993,\n      \"Retrieval - MTEB RiaNewsRetrieval (default) - nauc_recall_at_10_diff1\": 77.88251664302089,\n      \"Retrieval - MTEB RiaNewsRetrieval (default) - nauc_recall_at_10_max\": 60.58112638994999,\n      \"Retrieval - MTEB RiaNewsRetrieval (default) - nauc_recall_at_10_std\": -3.6744243151805427,\n      \"Retrieval - MTEB RiaNewsRetrieval (default) - nauc_recall_at_1_diff1\": 83.89134152210333,\n      \"Retrieval - MTEB RiaNewsRetrieval (default) - nauc_recall_at_1_max\": 38.083626428503415,\n      \"Retrieval - MTEB RiaNewsRetrieval (default) - nauc_recall_at_1_std\": -25.817960401194252,\n      \"Retrieval - MTEB RiaNewsRetrieval (default) - nauc_recall_at_20_diff1\": 78.16426786697409,\n      \"Retrieval - MTEB RiaNewsRetrieval (default) - nauc_recall_at_20_max\": 66.07236126992217,\n      \"Retrieval - MTEB RiaNewsRetrieval (default) - nauc_recall_at_20_std\": 6.121527084555941,\n      \"Retrieval - MTEB RiaNewsRetrieval (default) - nauc_recall_at_3_diff1\": 77.43122492166454,\n      \"Retrieval - MTEB RiaNewsRetrieval (default) - nauc_recall_at_3_max\": 52.507272885480816,\n      \"Retrieval - MTEB RiaNewsRetrieval (default) - nauc_recall_at_3_std\": -19.036076920799776,\n      \"Retrieval - MTEB RiaNewsRetrieval (default) - nauc_recall_at_5_diff1\": 77.11272543205318,\n      \"Retrieval - MTEB RiaNewsRetrieval (default) - nauc_recall_at_5_max\": 56.10090189922128,\n      \"Retrieval - MTEB RiaNewsRetrieval (default) - nauc_recall_at_5_std\": -12.009191140843809,\n      \"Retrieval - MTEB RiaNewsRetrieval (default) - ndcg_at_1\": 78.79,\n      \"Retrieval - MTEB RiaNewsRetrieval (default) - ndcg_at_10\": 86.819,\n      \"Retrieval - MTEB RiaNewsRetrieval (default) - ndcg_at_100\": 87.599,\n      \"Retrieval - MTEB RiaNewsRetrieval (default) - ndcg_at_1000\": 87.761,\n      \"Retrieval - MTEB RiaNewsRetrieval (default) - ndcg_at_20\": 87.208,\n      \"Retrieval - MTEB RiaNewsRetrieval (default) - ndcg_at_3\": 85.222,\n      \"Retrieval - MTEB RiaNewsRetrieval (default) - ndcg_at_5\": 86.164,\n      \"Retrieval - MTEB RiaNewsRetrieval (default) - precision_at_1\": 78.79,\n      \"Retrieval - MTEB RiaNewsRetrieval (default) - precision_at_10\": 9.384,\n      \"Retrieval - MTEB RiaNewsRetrieval (default) - precision_at_100\": 0.975,\n      \"Retrieval - MTEB RiaNewsRetrieval (default) - precision_at_1000\": 0.099,\n      \"Retrieval - MTEB RiaNewsRetrieval (default) - precision_at_20\": 4.769,\n      \"Retrieval - MTEB RiaNewsRetrieval (default) - precision_at_3\": 29.842999999999996,\n      \"Retrieval - MTEB RiaNewsRetrieval (default) - precision_at_5\": 18.362000000000002,\n      \"Retrieval - MTEB RiaNewsRetrieval (default) - recall_at_1\": 78.79,\n      \"Retrieval - MTEB RiaNewsRetrieval (default) - recall_at_10\": 93.84,\n      \"Retrieval - MTEB RiaNewsRetrieval (default) - recall_at_100\": 97.45,\n      \"Retrieval - MTEB RiaNewsRetrieval (default) - recall_at_1000\": 98.76,\n      \"Retrieval - MTEB RiaNewsRetrieval (default) - recall_at_20\": 95.37,\n      \"Retrieval - MTEB RiaNewsRetrieval (default) - recall_at_3\": 89.53,\n      \"Retrieval - MTEB RiaNewsRetrieval (default) - recall_at_5\": 91.81,\n      \"Reranking - MTEB RuBQReranking (default) - main_score\": 77.07394404835635,\n      \"Reranking - MTEB RuBQReranking (default) - map\": 77.07394404835635,\n      \"Reranking - MTEB RuBQReranking (default) - mrr\": 82.53144412718882,\n      \"Reranking - MTEB RuBQReranking (default) - nAUC_map_diff1\": 45.29805217456628,\n      \"Reranking - MTEB RuBQReranking (default) - nAUC_map_max\": 34.39894042439188,\n      \"Reranking - MTEB RuBQReranking (default) - nAUC_map_std\": 21.11309674418275,\n      \"Reranking - MTEB RuBQReranking (default) - nAUC_mrr_diff1\": 54.783994737367046,\n      \"Reranking - MTEB RuBQReranking (default) - nAUC_mrr_max\": 45.68526733900048,\n      \"Reranking - MTEB RuBQReranking (default) - nAUC_mrr_std\": 28.22466385500339,\n      \"Retrieval - MTEB RuBQRetrieval (default) - main_score\": 72.392,\n      \"Retrieval - MTEB RuBQRetrieval (default) - map_at_1\": 47.370000000000005,\n      \"Retrieval - MTEB RuBQRetrieval (default) - map_at_10\": 65.503,\n      \"Retrieval - MTEB RuBQRetrieval (default) - map_at_100\": 66.38,\n      \"Retrieval - MTEB RuBQRetrieval (default) - map_at_1000\": 66.42099999999999,\n      \"Retrieval - MTEB RuBQRetrieval (default) - map_at_20\": 66.071,\n      \"Retrieval - MTEB RuBQRetrieval (default) - map_at_3\": 61.439,\n      \"Retrieval - MTEB RuBQRetrieval (default) - map_at_5\": 63.922999999999995,\n      \"Retrieval - MTEB RuBQRetrieval (default) - mrr_at_1\": 67.37588652482269,\n      \"Retrieval - MTEB RuBQRetrieval (default) - mrr_at_10\": 76.0066747345116,\n      \"Retrieval - MTEB RuBQRetrieval (default) - mrr_at_100\": 76.25754138969413,\n      \"Retrieval - MTEB RuBQRetrieval (default) - mrr_at_1000\": 76.26968825657428,\n      \"Retrieval - MTEB RuBQRetrieval (default) - mrr_at_20\": 76.17548265904622,\n      \"Retrieval - MTEB RuBQRetrieval (default) - mrr_at_3\": 74.61583924349881,\n      \"Retrieval - MTEB RuBQRetrieval (default) - mrr_at_5\": 75.46690307328608,\n      \"Retrieval - MTEB RuBQRetrieval (default) - nauc_map_at_1000_diff1\": 42.52570720187294,\n      \"Retrieval - MTEB RuBQRetrieval (default) - nauc_map_at_1000_max\": 37.40318318724238,\n      \"Retrieval - MTEB RuBQRetrieval (default) - nauc_map_at_1000_std\": 0.6037788201535506,\n      \"Retrieval - MTEB RuBQRetrieval (default) - nauc_map_at_100_diff1\": 42.493410029691226,\n      \"Retrieval - MTEB RuBQRetrieval (default) - nauc_map_at_100_max\": 37.39802489244377,\n      \"Retrieval - MTEB RuBQRetrieval (default) - nauc_map_at_100_std\": 0.6071359951887154,\n      \"Retrieval - MTEB RuBQRetrieval (default) - nauc_map_at_10_diff1\": 42.09833519659916,\n      \"Retrieval - MTEB RuBQRetrieval (default) - nauc_map_at_10_max\": 37.1184138958874,\n      \"Retrieval - MTEB RuBQRetrieval (default) - nauc_map_at_10_std\": 0.4063543094010351,\n      \"Retrieval - MTEB RuBQRetrieval (default) - nauc_map_at_1_diff1\": 49.56605205141156,\n      \"Retrieval - MTEB RuBQRetrieval (default) - nauc_map_at_1_max\": 26.251096698710384,\n      \"Retrieval - MTEB RuBQRetrieval (default) - nauc_map_at_1_std\": -4.580748485387834,\n      \"Retrieval - MTEB RuBQRetrieval (default) - nauc_map_at_20_diff1\": 42.33372393482018,\n      \"Retrieval - MTEB RuBQRetrieval (default) - nauc_map_at_20_max\": 37.416955604649985,\n      \"Retrieval - MTEB RuBQRetrieval (default) - nauc_map_at_20_std\": 0.6050577802787294,\n      \"Retrieval - MTEB RuBQRetrieval (default) - nauc_map_at_3_diff1\": 42.362234475441845,\n      \"Retrieval - MTEB RuBQRetrieval (default) - nauc_map_at_3_max\": 34.56001379838821,\n      \"Retrieval - MTEB RuBQRetrieval (default) - nauc_map_at_3_std\": -1.507636598929042,\n      \"Retrieval - MTEB RuBQRetrieval (default) - nauc_map_at_5_diff1\": 42.0202264882535,\n      \"Retrieval - MTEB RuBQRetrieval (default) - nauc_map_at_5_max\": 36.64306050200848,\n      \"Retrieval - MTEB RuBQRetrieval (default) - nauc_map_at_5_std\": -0.09509025708798424,\n      \"Retrieval - MTEB RuBQRetrieval (default) - nauc_mrr_at_1000_diff1\": 58.99601742026931,\n      \"Retrieval - MTEB RuBQRetrieval (default) - nauc_mrr_at_1000_max\": 49.61561872452777,\n      \"Retrieval - MTEB RuBQRetrieval (default) - nauc_mrr_at_1000_std\": 2.3956102974352356,\n      \"Retrieval - MTEB RuBQRetrieval (default) - nauc_mrr_at_100_diff1\": 58.9865943101085,\n      \"Retrieval - MTEB RuBQRetrieval (default) - nauc_mrr_at_100_max\": 49.6248111507265,\n      \"Retrieval - MTEB RuBQRetrieval (default) - nauc_mrr_at_100_std\": 2.411155095066369,\n      \"Retrieval - MTEB RuBQRetrieval (default) - nauc_mrr_at_10_diff1\": 58.81758131092919,\n      \"Retrieval - MTEB RuBQRetrieval (default) - nauc_mrr_at_10_max\": 49.780365572616695,\n      \"Retrieval - MTEB RuBQRetrieval (default) - nauc_mrr_at_10_std\": 2.7068696565195944,\n      \"Retrieval - MTEB RuBQRetrieval (default) - nauc_mrr_at_1_diff1\": 61.67036882487055,\n      \"Retrieval - MTEB RuBQRetrieval (default) - nauc_mrr_at_1_max\": 45.455271042821714,\n      \"Retrieval - MTEB RuBQRetrieval (default) - nauc_mrr_at_1_std\": -0.9370526815458349,\n      \"Retrieval - MTEB RuBQRetrieval (default) - nauc_mrr_at_20_diff1\": 58.93674818203478,\n      \"Retrieval - MTEB RuBQRetrieval (default) - nauc_mrr_at_20_max\": 49.703218108625215,\n      \"Retrieval - MTEB RuBQRetrieval (default) - nauc_mrr_at_20_std\": 2.4473106598190415,\n      \"Retrieval - MTEB RuBQRetrieval (default) - nauc_mrr_at_3_diff1\": 59.046856598788445,\n      \"Retrieval - MTEB RuBQRetrieval (default) - nauc_mrr_at_3_max\": 49.37161726123392,\n      \"Retrieval - MTEB RuBQRetrieval (default) - nauc_mrr_at_3_std\": 1.5110936686701506,\n      \"Retrieval - MTEB RuBQRetrieval (default) - nauc_mrr_at_5_diff1\": 58.92289378915668,\n      \"Retrieval - MTEB RuBQRetrieval (default) - nauc_mrr_at_5_max\": 49.847638994134144,\n      \"Retrieval - MTEB RuBQRetrieval (default) - nauc_mrr_at_5_std\": 2.420421880131702,\n      \"Retrieval - MTEB RuBQRetrieval (default) - nauc_ndcg_at_1000_diff1\": 45.56062215161734,\n      \"Retrieval - MTEB RuBQRetrieval (default) - nauc_ndcg_at_1000_max\": 41.507152286702,\n      \"Retrieval - MTEB RuBQRetrieval (default) - nauc_ndcg_at_1000_std\": 2.79388283208751,\n      \"Retrieval - MTEB RuBQRetrieval (default) - nauc_ndcg_at_100_diff1\": 44.84064192570408,\n      \"Retrieval - MTEB RuBQRetrieval (default) - nauc_ndcg_at_100_max\": 41.50353573562353,\n      \"Retrieval - MTEB RuBQRetrieval (default) - nauc_ndcg_at_100_std\": 3.1804999773629357,\n      \"Retrieval - MTEB RuBQRetrieval (default) - nauc_ndcg_at_10_diff1\": 43.341482144213614,\n      \"Retrieval - MTEB RuBQRetrieval (default) - nauc_ndcg_at_10_max\": 41.159590898395074,\n      \"Retrieval - MTEB RuBQRetrieval (default) - nauc_ndcg_at_10_std\": 2.945242338240843,\n      \"Retrieval - MTEB RuBQRetrieval (default) - nauc_ndcg_at_1_diff1\": 62.23623985611396,\n      \"Retrieval - MTEB RuBQRetrieval (default) - nauc_ndcg_at_1_max\": 45.04945770947091,\n      \"Retrieval - MTEB RuBQRetrieval (default) - nauc_ndcg_at_1_std\": -0.8804967656575725,\n      \"Retrieval - MTEB RuBQRetrieval (default) - nauc_ndcg_at_20_diff1\": 43.905372612093664,\n      \"Retrieval - MTEB RuBQRetrieval (default) - nauc_ndcg_at_20_max\": 41.797709837872446,\n      \"Retrieval - MTEB RuBQRetrieval (default) - nauc_ndcg_at_20_std\": 3.1853356915569653,\n      \"Retrieval - MTEB RuBQRetrieval (default) - nauc_ndcg_at_3_diff1\": 44.18163998834299,\n      \"Retrieval - MTEB RuBQRetrieval (default) - nauc_ndcg_at_3_max\": 38.352891017864636,\n      \"Retrieval - MTEB RuBQRetrieval (default) - nauc_ndcg_at_3_std\": -0.8235767021150929,\n      \"Retrieval - MTEB RuBQRetrieval (default) - nauc_ndcg_at_5_diff1\": 43.41374688421302,\n      \"Retrieval - MTEB RuBQRetrieval (default) - nauc_ndcg_at_5_max\": 40.390365601593956,\n      \"Retrieval - MTEB RuBQRetrieval (default) - nauc_ndcg_at_5_std\": 1.6743650108127537,\n      \"Retrieval - MTEB RuBQRetrieval (default) - nauc_precision_at_1000_diff1\": -9.711058370691381,\n      \"Retrieval - MTEB RuBQRetrieval (default) - nauc_precision_at_1000_max\": 6.97321343449286,\n      \"Retrieval - MTEB RuBQRetrieval (default) - nauc_precision_at_1000_std\": 7.933531916622121,\n      \"Retrieval - MTEB RuBQRetrieval (default) - nauc_precision_at_100_diff1\": -8.247029644152319,\n      \"Retrieval - MTEB RuBQRetrieval (default) - nauc_precision_at_100_max\": 10.86740140944616,\n      \"Retrieval - MTEB RuBQRetrieval (default) - nauc_precision_at_100_std\": 9.581885544675918,\n      \"Retrieval - MTEB RuBQRetrieval (default) - nauc_precision_at_10_diff1\": -2.409043695429943,\n      \"Retrieval - MTEB RuBQRetrieval (default) - nauc_precision_at_10_max\": 21.04733206074314,\n      \"Retrieval - MTEB RuBQRetrieval (default) - nauc_precision_at_10_std\": 10.03334651647101,\n      \"Retrieval - MTEB RuBQRetrieval (default) - nauc_precision_at_1_diff1\": 62.23623985611396,\n      \"Retrieval - MTEB RuBQRetrieval (default) - nauc_precision_at_1_max\": 45.04945770947091,\n      \"Retrieval - MTEB RuBQRetrieval (default) - nauc_precision_at_1_std\": -0.8804967656575725,\n      \"Retrieval - MTEB RuBQRetrieval (default) - nauc_precision_at_20_diff1\": -5.230303656931621,\n      \"Retrieval - MTEB RuBQRetrieval (default) - nauc_precision_at_20_max\": 17.77799716919181,\n      \"Retrieval - MTEB RuBQRetrieval (default) - nauc_precision_at_20_std\": 10.739127998618654,\n      \"Retrieval - MTEB RuBQRetrieval (default) - nauc_precision_at_3_diff1\": 10.40376424999862,\n      \"Retrieval - MTEB RuBQRetrieval (default) - nauc_precision_at_3_max\": 30.933333400254035,\n      \"Retrieval - MTEB RuBQRetrieval (default) - nauc_precision_at_3_std\": 6.126209127968004,\n      \"Retrieval - MTEB RuBQRetrieval (default) - nauc_precision_at_5_diff1\": 3.147398101830739,\n      \"Retrieval - MTEB RuBQRetrieval (default) - nauc_precision_at_5_max\": 27.1746309955971,\n      \"Retrieval - MTEB RuBQRetrieval (default) - nauc_precision_at_5_std\": 8.874723615388788,\n      \"Retrieval - MTEB RuBQRetrieval (default) - nauc_recall_at_1000_diff1\": 5.055940692380908,\n      \"Retrieval - MTEB RuBQRetrieval (default) - nauc_recall_at_1000_max\": 22.42031123370267,\n      \"Retrieval - MTEB RuBQRetrieval (default) - nauc_recall_at_1000_std\": 27.75476692527869,\n      \"Retrieval - MTEB RuBQRetrieval (default) - nauc_recall_at_100_diff1\": 17.86391178198642,\n      \"Retrieval - MTEB RuBQRetrieval (default) - nauc_recall_at_100_max\": 34.776134863678955,\n      \"Retrieval - MTEB RuBQRetrieval (default) - nauc_recall_at_100_std\": 18.96377158778504,\n      \"Retrieval - MTEB RuBQRetrieval (default) - nauc_recall_at_10_diff1\": 24.863097695413597,\n      \"Retrieval - MTEB RuBQRetrieval (default) - nauc_recall_at_10_max\": 37.697411651507444,\n      \"Retrieval - MTEB RuBQRetrieval (default) - nauc_recall_at_10_std\": 9.519849994253967,\n      \"Retrieval - MTEB RuBQRetrieval (default) - nauc_recall_at_1_diff1\": 49.56605205141156,\n      \"Retrieval - MTEB RuBQRetrieval (default) - nauc_recall_at_1_max\": 26.251096698710384,\n      \"Retrieval - MTEB RuBQRetrieval (default) - nauc_recall_at_1_std\": -4.580748485387834,\n      \"Retrieval - MTEB RuBQRetrieval (default) - nauc_recall_at_20_diff1\": 22.440602811005636,\n      \"Retrieval - MTEB RuBQRetrieval (default) - nauc_recall_at_20_max\": 39.538861316515,\n      \"Retrieval - MTEB RuBQRetrieval (default) - nauc_recall_at_20_std\": 11.363269553121468,\n      \"Retrieval - MTEB RuBQRetrieval (default) - nauc_recall_at_3_diff1\": 32.80302839873736,\n      \"Retrieval - MTEB RuBQRetrieval (default) - nauc_recall_at_3_max\": 32.53105685012729,\n      \"Retrieval - MTEB RuBQRetrieval (default) - nauc_recall_at_3_std\": -0.7140166410605693,\n      \"Retrieval - MTEB RuBQRetrieval (default) - nauc_recall_at_5_diff1\": 29.375386639154865,\n      \"Retrieval - MTEB RuBQRetrieval (default) - nauc_recall_at_5_max\": 36.91045781164083,\n      \"Retrieval - MTEB RuBQRetrieval (default) - nauc_recall_at_5_std\": 4.725419050262578,\n      \"Retrieval - MTEB RuBQRetrieval (default) - ndcg_at_1\": 67.13900000000001,\n      \"Retrieval - MTEB RuBQRetrieval (default) - ndcg_at_10\": 72.392,\n      \"Retrieval - MTEB RuBQRetrieval (default) - ndcg_at_100\": 75.25800000000001,\n      \"Retrieval - MTEB RuBQRetrieval (default) - ndcg_at_1000\": 75.982,\n      \"Retrieval - MTEB RuBQRetrieval (default) - ndcg_at_20\": 73.783,\n      \"Retrieval - MTEB RuBQRetrieval (default) - ndcg_at_3\": 67.269,\n      \"Retrieval - MTEB RuBQRetrieval (default) - ndcg_at_5\": 69.807,\n      \"Retrieval - MTEB RuBQRetrieval (default) - precision_at_1\": 67.13900000000001,\n      \"Retrieval - MTEB RuBQRetrieval (default) - precision_at_10\": 13.327,\n      \"Retrieval - MTEB RuBQRetrieval (default) - precision_at_100\": 1.5559999999999998,\n      \"Retrieval - MTEB RuBQRetrieval (default) - precision_at_1000\": 0.164,\n      \"Retrieval - MTEB RuBQRetrieval (default) - precision_at_20\": 7.119000000000001,\n      \"Retrieval - MTEB RuBQRetrieval (default) - precision_at_3\": 35.599,\n      \"Retrieval - MTEB RuBQRetrieval (default) - precision_at_5\": 23.936,\n      \"Retrieval - MTEB RuBQRetrieval (default) - recall_at_1\": 47.370000000000005,\n      \"Retrieval - MTEB RuBQRetrieval (default) - recall_at_10\": 82.16,\n      \"Retrieval - MTEB RuBQRetrieval (default) - recall_at_100\": 93.34,\n      \"Retrieval - MTEB RuBQRetrieval (default) - recall_at_1000\": 98.202,\n      \"Retrieval - MTEB RuBQRetrieval (default) - recall_at_20\": 86.687,\n      \"Retrieval - MTEB RuBQRetrieval (default) - recall_at_3\": 69.319,\n      \"Retrieval - MTEB RuBQRetrieval (default) - recall_at_5\": 75.637,\n      \"Classification - MTEB RuReviewsClassification (default) - accuracy\": 75.0537109375,\n      \"Classification - MTEB RuReviewsClassification (default) - f1\": 74.00523205209554,\n      \"Classification - MTEB RuReviewsClassification (default) - f1_weighted\": 74.00436782840376,\n      \"Classification - MTEB RuReviewsClassification (default) - main_score\": 75.0537109375,\n      \"STS - MTEB RuSTSBenchmarkSTS (default) - cosine_pearson\": 81.10255413476487,\n      \"STS - MTEB RuSTSBenchmarkSTS (default) - cosine_spearman\": 81.40020843157141,\n      \"STS - MTEB RuSTSBenchmarkSTS (default) - euclidean_pearson\": 81.25155479902466,\n      \"STS - MTEB RuSTSBenchmarkSTS (default) - euclidean_spearman\": 81.40020831064922,\n      \"STS - MTEB RuSTSBenchmarkSTS (default) - main_score\": 81.40020843157141,\n      \"STS - MTEB RuSTSBenchmarkSTS (default) - manhattan_pearson\": 81.1493715249014,\n      \"STS - MTEB RuSTSBenchmarkSTS (default) - manhattan_spearman\": 81.30973667941649,\n      \"STS - MTEB RuSTSBenchmarkSTS (default) - pearson\": 81.10255413476487,\n      \"STS - MTEB RuSTSBenchmarkSTS (default) - spearman\": 81.40020843157141,\n      \"Classification - MTEB RuSciBenchGRNTIClassification (default) - accuracy\": 69.8974609375,\n      \"Classification - MTEB RuSciBenchGRNTIClassification (default) - f1\": 68.57837564785511,\n      \"Classification - MTEB RuSciBenchGRNTIClassification (default) - f1_weighted\": 68.59030489460784,\n      \"Classification - MTEB RuSciBenchGRNTIClassification (default) - main_score\": 69.8974609375,\n      \"Clustering - MTEB RuSciBenchGRNTIClusteringP2P (default) - main_score\": 67.03880348548029,\n      \"Clustering - MTEB RuSciBenchGRNTIClusteringP2P (default) - v_measure\": 67.03880348548029,\n      \"Clustering - MTEB RuSciBenchGRNTIClusteringP2P (default) - v_measure_std\": 0.6126278133139618,\n      \"Classification - MTEB RuSciBenchOECDClassification (default) - accuracy\": 54.63378906250001,\n      \"Classification - MTEB RuSciBenchOECDClassification (default) - f1\": 51.34306420274629,\n      \"Classification - MTEB RuSciBenchOECDClassification (default) - f1_weighted\": 51.33495867493914,\n      \"Classification - MTEB RuSciBenchOECDClassification (default) - main_score\": 54.63378906250001,\n      \"Clustering - MTEB RuSciBenchOECDClusteringP2P (default) - main_score\": 56.55947121159027,\n      \"Clustering - MTEB RuSciBenchOECDClusteringP2P (default) - v_measure\": 56.55947121159027,\n      \"Clustering - MTEB RuSciBenchOECDClusteringP2P (default) - v_measure_std\": 0.5498882006880662,\n      \"STS - MTEB STS22 (ru) - cosine_pearson\": 61.833294921667914,\n      \"STS - MTEB STS22 (ru) - cosine_spearman\": 63.53967536726357,\n      \"STS - MTEB STS22 (ru) - euclidean_pearson\": 60.382865218855805,\n      \"STS - MTEB STS22 (ru) - euclidean_spearman\": 63.53967536726357,\n      \"STS - MTEB STS22 (ru) - main_score\": 63.53967536726357,\n      \"STS - MTEB STS22 (ru) - manhattan_pearson\": 60.24879015304578,\n      \"STS - MTEB STS22 (ru) - manhattan_spearman\": 63.42305760430092,\n      \"STS - MTEB STS22 (ru) - pearson\": 61.833294921667914,\n      \"STS - MTEB STS22 (ru) - spearman\": 63.53967536726357,\n      \"MultilabelClassification - MTEB SensitiveTopicsClassification (default) - accuracy\": 39.8193359375,\n      \"MultilabelClassification - MTEB SensitiveTopicsClassification (default) - f1\": 55.46591740935434,\n      \"MultilabelClassification - MTEB SensitiveTopicsClassification (default) - lrap\": 66.50980631510454,\n      \"MultilabelClassification - MTEB SensitiveTopicsClassification (default) - main_score\": 39.8193359375,\n      \"PairClassification - MTEB TERRa (default) - cosine_accuracy\": 66.77524429967427,\n      \"PairClassification - MTEB TERRa (default) - cosine_accuracy_threshold\": 55.58975338935852,\n      \"PairClassification - MTEB TERRa (default) - cosine_ap\": 66.45672193236"
}