{
  "Model_Description": {
    "Name": "ru-en-RoSBERTa",
    "Description": "The ru-en-RoSBERTa is a general text embedding model for Russian. The model is based on ruRoBERTa and fine-tuned with ~4M pairs of supervised, synthetic and unsupervised data in Russian and English."
  },
  "Model_Sources": {
    "Repository": "https://huggingface.co/ai-forever/ru-en-RoSBERTa",
    "Paper": "https://arxiv.org/abs/2408.12503",
    "Demo": "Not provided"
  },
  "Citation": "@misc{snegirev2024russianfocusedembeddersexplorationrumteb,\n      title={The Russian-focused embedders' exploration: ruMTEB benchmark and Russian embedding model design}, \n      author={Artem Snegirev and Maria Tikhonova and Anna Maksimova and Alena Fenogenova and Alexander Abramov},\n      year={2024},\n      eprint={2408.12503},\n      archivePrefix={arXiv},\n      primaryClass={cs.CL},\n      url={https://arxiv.org/abs/2408.12503}, \n}",
  "Contact": {
    "Author": [
      "Artem Snegirev",
      "Maria Tikhonova",
      "Anna Maksimova",
      "Alena Fenogenova",
      "Alexander Abramov"
    ],
    "Email": "Not provided",
    "Community": "Not provided"
  },
  "Technical_Requirements": {
    "Software": [
      "torch",
      "transformers",
      "sentence_transformers"
    ],
    "Hardware": {
      "CPU": "Not provided",
      "GPU": "Not provided",
      "RAM": "Not provided",
      "Storage": "Not provided"
    }
  },
  "Access_and_Distribution": {
    "Download_Link": "https://huggingface.co/ai-forever/ru-en-RoSBERTa",
    "Model_Variants": []
  },
  "Dataset": {
    "Name": [
      "MTEB CEDRClassification (default)",
      "MTEB GeoreviewClassification (default)",
      "MTEB GeoreviewClusteringP2P (default)",
      "MTEB HeadlineClassification (default)",
      "MTEB InappropriatenessClassification (default)",
      "MTEB KinopoiskClassification (default)",
      "MTEB MIRACLReranking (ru)",
      "MTEB MIRACLRetrieval (ru)",
      "MTEB MassiveIntentClassification (ru)",
      "MTEB MassiveScenarioClassification (ru)",
      "MTEB RUParaPhraserSTS (default)",
      "MTEB RiaNewsRetrieval (default)",
      "MTEB RuBQReranking (default)",
      "MTEB RuBQRetrieval (default)",
      "MTEB RuReviewsClassification (default)",
      "MTEB RuSTSBenchmarkSTS (default)",
      "MTEB RuSciBenchGRNTIClassification (default)",
      "MTEB RuSciBenchGRNTIClusteringP2P (default)",
      "MTEB RuSciBenchOECDClassification (default)",
      "MTEB RuSciBenchOECDClusteringP2P (default)",
      "MTEB STS22 (ru)",
      "MTEB SensitiveTopicsClassification (default)",
      "MTEB TERRa (default)"
    ],
    "Sources": [
      "https://huggingface.co/datasets/ai-forever/cedr-classification",
      "https://huggingface.co/datasets/ai-forever/georeview-classification",
      "https://huggingface.co/datasets/ai-forever/georeview-clustering-p2p",
      "https://huggingface.co/datasets/ai-forever/headline-classification",
      "https://huggingface.co/datasets/ai-forever/inappropriateness-classification",
      "https://huggingface.co/datasets/ai-forever/kinopoisk-sentiment-classification",
      "https://huggingface.co/datasets/miracl/mmteb-miracl-reranking",
      "https://huggingface.co/datasets/miracl/mmteb-miracl",
      "https://huggingface.co/datasets/mteb/amazon_massive_intent",
      "https://huggingface.co/datasets/mteb/amazon_massive_scenario",
      "https://huggingface.co/datasets/merionum/ru_paraphraser",
      "https://huggingface.co/datasets/ai-forever/ria-news-retrieval",
      "https://huggingface.co/datasets/ai-forever/rubq-reranking",
      "https://huggingface.co/datasets/ai-forever/rubq-retrieval",
      "https://huggingface.co/datasets/ai-forever/ru-reviews-classification",
      "https://huggingface.co/datasets/ai-forever/ru-stsbenchmark-sts",
      "https://huggingface.co/datasets/ai-forever/ru-scibench-grnti-classification",
      "https://huggingface.co/datasets/ai-forever/ru-scibench-oecd-classification",
      "https://huggingface.co/datasets/mteb/sts22-crosslingual-sts",
      "https://huggingface.co/datasets/ai-forever/sensitive-topics-classification",
      "https://huggingface.co/datasets/ai-forever/terra-pairclassification"
    ],
    "Description": "Not provided"
  },
  "Model_Architecture": {
    "Architecture_Type": "Transformer",
    "Base_Architecture": "ruRoBERTa",
    "Number_Parameters": "Not provided",
    "Parameters": {
      "context_length": 512,
      "pooling_methods": [
        "cls",
        "mean"
      ]
    },
    "Input_Type": "Text",
    "Output_Type": "Vector Embeddings"
  },
  "Training_Details": {
    "Training_Data": "Not provided",
    "Preprocessing": "The model was fine-tuned with ~4M pairs of supervised, synthetic and unsupervised data in Russian and English. The tokenizer supports some English tokens from RoBERTa tokenizer. Input texts are tokenized with a maximum length of 512, padded, and truncated.",
    "Hyperparameters": "Not provided"
  },
  "Evaluation": {
    "Evaluation_Data": [
      "MTEB CEDRClassification (default)",
      "MTEB GeoreviewClassification (default)",
      "MTEB GeoreviewClusteringP2P (default)",
      "MTEB HeadlineClassification (default)",
      "MTEB InappropriatenessClassification (default)",
      "MTEB KinopoiskClassification (default)",
      "MTEB MIRACLReranking (ru)",
      "MTEB MIRACLRetrieval (ru)",
      "MTEB MassiveIntentClassification (ru)",
      "MTEB MassiveScenarioClassification (ru)",
      "MTEB RUParaPhraserSTS (default)",
      "MTEB RiaNewsRetrieval (default)",
      "MTEB RuBQReranking (default)",
      "MTEB RuBQRetrieval (default)",
      "MTEB RuReviewsClassification (default)",
      "MTEB RuSTSBenchmarkSTS (default)",
      "MTEB RuSciBenchGRNTIClassification (default)",
      "MTEB RuSciBenchGRNTIClusteringP2P (default)",
      "MTEB RuSciBenchOECDClassification (default)",
      "MTEB RuSciBenchOECDClusteringP2P (default)",
      "MTEB STS22 (ru)",
      "MTEB SensitiveTopicsClassification (default)",
      "MTEB TERRa (default)"
    ],
    "Performance_Metrics": {
      "MTEB CEDRClassification (default) - MultilabelClassification - accuracy": 44.68650371944739,
      "MTEB CEDRClassification (default) - MultilabelClassification - f1": 40.7601061886426,
      "MTEB CEDRClassification (default) - MultilabelClassification - lrap": 70.69633368756747,
      "MTEB CEDRClassification (default) - MultilabelClassification - main_score": 44.68650371944739,
      "MTEB GeoreviewClassification (default) - Classification - accuracy": 49.697265625,
      "MTEB GeoreviewClassification (default) - Classification - f1": 47.793186725286866,
      "MTEB GeoreviewClassification (default) - Classification - f1_weighted": 47.79131720298068,
      "MTEB GeoreviewClassification (default) - Classification - main_score": 49.697265625,
      "MTEB GeoreviewClusteringP2P (default) - Clustering - main_score": 65.42249614873316,
      "MTEB GeoreviewClusteringP2P (default) - Clustering - v_measure": 65.42249614873316,
      "MTEB GeoreviewClusteringP2P (default) - Clustering - v_measure_std": 0.8524815312312278,
      "MTEB HeadlineClassification (default) - Classification - accuracy": 78.0029296875,
      "MTEB HeadlineClassification (default) - Classification - f1": 77.95151940601424,
      "MTEB HeadlineClassification (default) - Classification - f1_weighted": 77.95054643947716,
      "MTEB HeadlineClassification (default) - Classification - main_score": 78.0029296875,
      "MTEB InappropriatenessClassification (default) - Classification - accuracy": 61.32324218750001,
      "MTEB InappropriatenessClassification (default) - Classification - ap": 57.11029460364367,
      "MTEB InappropriatenessClassification (default) - Classification - ap_weighted": 57.11029460364367,
      "MTEB InappropriatenessClassification (default) - Classification - f1": 60.971337406307214,
      "MTEB InappropriatenessClassification (default) - Classification - f1_weighted": 60.971337406307214,
      "MTEB InappropriatenessClassification (default) - Classification - main_score": 61.32324218750001,
      "MTEB KinopoiskClassification (default) - Classification - accuracy": 63.27333333333334,
      "MTEB KinopoiskClassification (default) - Classification - f1": 61.007042785228116,
      "MTEB KinopoiskClassification (default) - Classification - f1_weighted": 61.007042785228116,
      "MTEB KinopoiskClassification (default) - Classification - main_score": 63.27333333333334,
      "MTEB MIRACLReranking (ru) - Reranking - MAP@1(MIRACL)": 30.691000000000003,
      "MTEB MIRACLReranking (ru) - Reranking - MAP@10(MIRACL)": 49.178,
      "MTEB MIRACLReranking (ru) - Reranking - MAP@100(MIRACL)": 51.225,
      "MTEB MIRACLReranking (ru) - Reranking - MAP@1000(MIRACL)": 51.225,
      "MTEB MIRACLReranking (ru) - Reranking - MAP@20(MIRACL)": 50.613,
      "MTEB MIRACLReranking (ru) - Reranking - MAP@3(MIRACL)": 42.457,
      "MTEB MIRACLReranking (ru) - Reranking - MAP@5(MIRACL)": 46.172000000000004,
      "MTEB MIRACLReranking (ru) - Reranking - NDCG@1(MIRACL)": 51.002,
      "MTEB MIRACLReranking (ru) - Reranking - NDCG@10(MIRACL)": 56.912,
      "MTEB MIRACLReranking (ru) - Reranking - NDCG@100(MIRACL)": 61.197,
      "MTEB MIRACLReranking (ru) - Reranking - NDCG@1000(MIRACL)": 61.197,
      "MTEB MIRACLReranking (ru) - Reranking - NDCG@20(MIRACL)": 59.453,
      "MTEB MIRACLReranking (ru) - Reranking - NDCG@3(MIRACL)": 51.083,
      "MTEB MIRACLReranking (ru) - Reranking - NDCG@5(MIRACL)": 53.358000000000004,
      "MTEB MIRACLReranking (ru) - Reranking - P@1(MIRACL)": 51.002,
      "MTEB MIRACLReranking (ru) - Reranking - P@10(MIRACL)": 14.852000000000002,
      "MTEB MIRACLReranking (ru) - Reranking - P@100(MIRACL)": 1.9529999999999998,
      "MTEB MIRACLReranking (ru) - Reranking - P@1000(MIRACL)": 0.19499999999999998,
      "MTEB MIRACLReranking (ru) - Reranking - P@20(MIRACL)": 8.657,
      "MTEB MIRACLReranking (ru) - Reranking - P@3(MIRACL)": 31.435000000000002,
      "MTEB MIRACLReranking (ru) - Reranking - P@5(MIRACL)": 23.608999999999998,
      "MTEB MIRACLReranking (ru) - Reranking - Recall@1(MIRACL)": 30.691000000000003,
      "MTEB MIRACLReranking (ru) - Reranking - Recall@10(MIRACL)": 67.006,
      "MTEB MIRACLReranking (ru) - Reranking - Recall@100(MIRACL)": 79.952,
      "MTEB MIRACLReranking (ru) - Reranking - Recall@1000(MIRACL)": 79.952,
      "MTEB MIRACLReranking (ru) - Reranking - Recall@20(MIRACL)": 73.811,
      "MTEB MIRACLReranking (ru) - Reranking - Recall@3(MIRACL)": 49.142,
      "MTEB MIRACLReranking (ru) - Reranking - Recall@5(MIRACL)": 57.553,
      "MTEB MIRACLReranking (ru) - Reranking - main_score": 56.912,
      "MTEB MIRACLReranking (ru) - Reranking - nAUC_MAP@1000_diff1(MIRACL)": 10.786403475779332,
      "MTEB MIRACLReranking (ru) - Reranking - nAUC_MAP@1000_max(MIRACL)": 29.477246196287275,
      "MTEB MIRACLReranking (ru) - Reranking - nAUC_MAP@1000_std(MIRACL)": 15.938834129839046,
      "MTEB MIRACLReranking (ru) - Reranking - nAUC_MAP@100_diff1(MIRACL)": 10.786403475779332,
      "MTEB MIRACLReranking (ru) - Reranking - nAUC_MAP@100_max(MIRACL)": 29.477246196287275,
      "MTEB MIRACLReranking (ru) - Reranking - nAUC_MAP@100_std(MIRACL)": 15.938834129839046,
      "MTEB MIRACLReranking (ru) - Reranking - nAUC_MAP@10_diff1(MIRACL)": 12.255091348037595,
      "MTEB MIRACLReranking (ru) - Reranking - nAUC_MAP@10_max(MIRACL)": 26.72625370045134,
      "MTEB MIRACLReranking (ru) - Reranking - nAUC_MAP@10_std(MIRACL)": 14.180071586837812,
      "MTEB MIRACLReranking (ru) - Reranking - nAUC_MAP@1_diff1(MIRACL)": 28.616487922173768,
      "MTEB MIRACLReranking (ru) - Reranking - nAUC_MAP@1_max(MIRACL)": 12.986192530664518,
      "MTEB MIRACLReranking (ru) - Reranking - nAUC_MAP@1_std(MIRACL)": 4.086145762604503,
      "MTEB MIRACLReranking (ru) - Reranking - nAUC_MAP@20_diff1(MIRACL)": 11.360341572700476,
      "MTEB MIRACLReranking (ru) - Reranking - nAUC_MAP@20_max(MIRACL)": 28.612330384153832,
      "MTEB MIRACLReranking (ru) - Reranking - nAUC_MAP@20_std(MIRACL)": 15.787480742877937,
      "MTEB MIRACLReranking (ru) - Reranking - nAUC_MAP@3_diff1(MIRACL)": 18.033783954867623,
      "MTEB MIRACLReranking (ru) - Reranking - nAUC_MAP@3_max(MIRACL)": 20.97092332905034,
      "MTEB MIRACLReranking (ru) - Reranking - nAUC_MAP@3_std(MIRACL)": 9.106058710108279,
      "MTEB MIRACLReranking (ru) - Reranking - nAUC_MAP@5_diff1(MIRACL)": 14.784231238848433,
      "MTEB MIRACLReranking (ru) - Reranking - nAUC_MAP@5_max(MIRACL)": 23.841145797143,
      "MTEB MIRACLReranking (ru) - Reranking - nAUC_MAP@5_std(MIRACL)": 11.25686258970321,
      "MTEB MIRACLReranking (ru) - Reranking - nAUC_NDCG@1000_diff1(MIRACL)": 1.4728095471561125,
      "MTEB MIRACLReranking (ru) - Reranking - nAUC_NDCG@1000_max(MIRACL)": 39.84262968697792,
      "MTEB MIRACLReranking (ru) - Reranking - nAUC_NDCG@1000_std(MIRACL)": 22.4186410243652,
      "MTEB MIRACLReranking (ru) - Reranking - nAUC_NDCG@100_diff1(MIRACL)": 1.4728095471561125,
      "MTEB MIRACLReranking (ru) - Reranking - nAUC_NDCG@100_max(MIRACL)": 39.84262968697792,
      "MTEB MIRACLReranking (ru) - Reranking - nAUC_NDCG@100_std(MIRACL)": 22.4186410243652,
      "MTEB MIRACLReranking (ru) - Reranking - nAUC_NDCG@10_diff1(MIRACL)": 5.242996478950954,
      "MTEB MIRACLReranking (ru) - Reranking - nAUC_NDCG@10_max(MIRACL)": 33.86925934510759,
      "MTEB MIRACLReranking (ru) - Reranking - nAUC_NDCG@10_std(MIRACL)": 19.457386638149625,
      "MTEB MIRACLReranking (ru) - Reranking - nAUC_NDCG@1_diff1(MIRACL)": 16.925455715967676,
      "MTEB MIRACLReranking (ru) - Reranking - nAUC_NDCG@1_max(MIRACL)": 36.72266755084653,
      "MTEB MIRACLReranking (ru) - Reranking - nAUC_NDCG@1_std(MIRACL)": 18.357456476212622,
      "MTEB MIRACLReranking (ru) - Reranking - nAUC_NDCG@20_diff1(MIRACL)": 3.361697278095995,
      "MTEB MIRACLReranking (ru) - Reranking - nAUC_NDCG@20_max(MIRACL)": 37.38923489423496,
      "MTEB MIRACLReranking (ru) - Reranking - nAUC_NDCG@20_std(MIRACL)": 22.29168372402657,
      "MTEB MIRACLReranking (ru) - Reranking - nAUC_NDCG@3_diff1(MIRACL)": 10.936904314592084,
      "MTEB MIRACLReranking (ru) - Reranking - nAUC_NDCG@3_max(MIRACL)": 30.547718047674284,
      "MTEB MIRACLReranking (ru) - Reranking - nAUC_NDCG@3_std(MIRACL)": 15.142352896765665,
      "MTEB MIRACLReranking (ru) - Reranking - nAUC_NDCG@5_diff1(MIRACL)": 8.618074920961075,
      "MTEB MIRACLReranking (ru) - Reranking - nAUC_NDCG@5_max(MIRACL)": 30.808600807482367,
      "MTEB MIRACLReranking (ru) - Reranking - nAUC_NDCG@5_std(MIRACL)": 15.793512242130051,
      "MTEB MIRACLReranking (ru) - Reranking - nAUC_P@1000_diff1(MIRACL)": -24.81839490148569,
      "MTEB MIRACLReranking (ru) - Reranking - nAUC_P@1000_max(MIRACL)": 34.16200383739091,
      "MTEB MIRACLReranking (ru) - Reranking - nAUC_P@1000_std(MIRACL)": 20.95890369662007,
      "MTEB MIRACLReranking (ru) - Reranking - nAUC_P@100_diff1(MIRACL)": -24.818394901485657,
      "MTEB MIRACLReranking (ru) - Reranking - nAUC_P@100_max(MIRACL)": 34.16200383739092,
      "MTEB MIRACLReranking (ru) - Reranking - nAUC_P@100_std(MIRACL)": 20.958903696620112,
      "MTEB MIRACLReranking (ru) - Reranking - nAUC_P@10_diff1(MIRACL)": -22.646461560750986,
      "MTEB MIRACLReranking (ru) - Reranking - nAUC_P@10_max(MIRACL)": 34.57373514819872,
      "MTEB MIRACLReranking (ru) - Reranking - nAUC_P@10_std(MIRACL)": 24.27599718176041,
      "MTEB MIRACLReranking (ru) - Reranking - nAUC_P@1_diff1(MIRACL)": 16.925455715967676,
      "MTEB MIRACLReranking (ru) - Reranking - nAUC_P@1_max(MIRACL)": 36.72266755084653,
      "MTEB MIRACLReranking (ru) - Reranking - nAUC_P@1_std(MIRACL)": 18.357456476212622,
      "MTEB MIRACLReranking (ru) - Reranking - nAUC_P@20_diff1(MIRACL)": -23.33449798384014,
      "MTEB MIRACLReranking (ru) - Reranking - nAUC_P@20_max(MIRACL)": 34.92822081787735,
      "MTEB MIRACLReranking (ru) - Reranking - nAUC_P@20_std(MIRACL)": 25.048280657629267,
      "MTEB MIRACLReranking (ru) - Reranking - nAUC_P@3_diff1(MIRACL)": -11.60659490286,
      "MTEB MIRACLReranking (ru) - Reranking - nAUC_P@3_max(MIRACL)": 38.187883056013035,
      "MTEB MIRACLReranking (ru) - Reranking - nAUC_P@3_std(MIRACL)": 21.234776997940628,
      "MTEB MIRACLReranking (ru) - Reranking - nAUC_P@5_diff1(MIRACL)": -18.86697977242918,
      "MTEB MIRACLReranking (ru) - Reranking - nAUC_P@5_max(MIRACL)": 35.6110661197626,
      "MTEB MIRACLReranking (ru) - Reranking - nAUC_P@5_std(MIRACL)": 22.11165620702996,
      "MTEB MIRACLReranking (ru) - Reranking - nAUC_Recall@1000_diff1(MIRACL)": -31.456413113303867,
      "MTEB MIRACLReranking (ru) - Reranking - nAUC_Recall@1000_max(MIRACL)": 63.785265733309636,
      "MTEB MIRACLReranking (ru) - Reranking - nAUC_Recall@1000_std(MIRACL)": 36.587933217871914,
      "MTEB MIRACLReranking (ru) - Reranking - nAUC_Recall@100_diff1(MIRACL)": -31.456413113303867,
      "MTEB MIRACLReranking (ru) - Reranking - nAUC_Recall@100_max(MIRACL)": 63.785265733309636,
      "MTEB MIRACLReranking (ru) - Reranking - nAUC_Recall@100_std(MIRACL)": 36.587933217871914,
      "MTEB MIRACLReranking (ru) - Reranking - nAUC_Recall@10_diff1(MIRACL)": -9.518740341549913,
      "MTEB MIRACLReranking (ru) - Reranking - nAUC_Recall@10_max(MIRACL)": 35.00853357699468,
      "MTEB MIRACLReranking (ru) - Reranking - nAUC_Recall@10_std(MIRACL)": 22.79313936486099,
      "MTEB MIRACLReranking (ru) - Reranking - nAUC_Recall@1_diff1(MIRACL)": 28.616487922173768,
      "MTEB MIRACLReranking (ru) - Reranking - nAUC_Recall@1_max(MIRACL)": 12.986192530664518,
      "MTEB MIRACLReranking (ru) - Reranking - nAUC_Recall@1_std(MIRACL)": 4.086145762604503,
      "MTEB MIRACLReranking (ru) - Reranking - nAUC_Recall@20_diff1(MIRACL)": -17.771143411342166,
      "MTEB MIRACLReranking (ru) - Reranking - nAUC_Recall@20_max(MIRACL)": 47.59780316487735,
      "MTEB MIRACLReranking (ru) - Reranking - nAUC_Recall@20_std(MIRACL)": 33.25494707686132,
      "MTEB MIRACLReranking (ru) - Reranking - nAUC_Recall@3_diff1(MIRACL)": 10.171226133119783,
      "MTEB MIRACLReranking (ru) - Reranking - nAUC_Recall@3_max(MIRACL)": 21.097634288680847,
      "MTEB MIRACLReranking (ru) - Reranking - nAUC_Recall@3_std(MIRACL)": 10.087211861733298,
      "MTEB MIRACLReranking (ru) - Reranking - nAUC_Recall@5_diff1(MIRACL)": 1.6868374913242932,
      "MTEB MIRACLReranking (ru) - Reranking - nAUC_Recall@5_max(MIRACL)": 25.874440474993165,
      "MTEB MIRACLReranking (ru) - Reranking - nAUC_Recall@5_std(MIRACL)": 13.46380924822079,
      "MTEB MIRACLRetrieval (ru) - Retrieval - main_score": 53.909,
      "MTEB MIRACLRetrieval (ru) - Retrieval - map_at_1": 24.308,
      "MTEB MIRACLRetrieval (ru) - Retrieval - map_at_10": 43.258,
      "MTEB MIRACLRetrieval (ru) - Retrieval - map_at_100": 46.053,
      "MTEB MIRACLRetrieval (ru) - Retrieval - map_at_1000": 46.176,
      "MTEB MIRACLRetrieval (ru) - Retrieval - map_at_20": 44.962,
      "MTEB MIRACLRetrieval (ru) - Retrieval - map_at_3": 36.129,
      "MTEB MIRACLRetrieval (ru) - Retrieval - map_at_5": 40.077,
      "MTEB MIRACLRetrieval (ru) - Retrieval - mrr_at_1": 49.92012779552716,
      "MTEB MIRACLRetrieval (ru) - Retrieval - mrr_at_10": 62.639554490592865,
      "MTEB MIRACLRetrieval (ru) - Retrieval - mrr_at_100": 63.09260401526302,
      "MTEB MIRACLRetrieval (ru) - Retrieval - mrr_at_1000": 63.10428906436666,
      "MTEB MIRACLRetrieval (ru) - Retrieval - mrr_at_20": 62.94919151853632,
      "MTEB MIRACLRetrieval (ru) - Retrieval - mrr_at_3": 60.15708200212997,
      "MTEB MIRACLRetrieval (ru) - Retrieval - mrr_at_5": 61.83439829605969,
      "MTEB MIRACLRetrieval (ru) - Retrieval - nauc_map_at_1000_diff1": 24.249990208199268,
      "MTEB MIRACLRetrieval (ru) - Retrieval - nauc_map_at_1000_max": 25.29688440384686,
      "MTEB MIRACLRetrieval (ru) - Retrieval - nauc_map_at_1000_std": 2.4312163206740536,
      "MTEB MIRACLRetrieval (ru) - Retrieval - nauc_map_at_100_diff1": 24.2554939267347,
      "MTEB MIRACLRetrieval (ru) - Retrieval - nauc_map_at_100_max": 25.25054164924535,
      "MTEB MIRACLRetrieval (ru) - Retrieval - nauc_map_at_100_std": 2.4121726280069757,
      "MTEB MIRACLRetrieval (ru) - Retrieval - nauc_map_at_10_diff1": 24.411765629418987,
      "MTEB MIRACLRetrieval (ru) - Retrieval - nauc_map_at_10_max": 23.13035697774593,
      "MTEB MIRACLRetrieval (ru) - Retrieval - nauc_map_at_10_std": -0.1673711528601927,
      "MTEB MIRACLRetrieval (ru) - Retrieval - nauc_map_at_1_diff1": 30.55123128484441,
      "MTEB MIRACLRetrieval (ru) - Retrieval - nauc_map_at_1_max": 13.83849108263988,
      "MTEB MIRACLRetrieval (ru) - Retrieval - nauc_map_at_1_std": -7.087181528435525,
      "MTEB MIRACLRetrieval (ru) - Retrieval - nauc_map_at_20_diff1": 24.125033292556417,
      "MTEB MIRACLRetrieval (ru) - Retrieval - nauc_map_at_20_max": 24.563171125814296,
      "MTEB MIRACLRetrieval (ru) - Retrieval - nauc_map_at_20_std": 1.266006461448722,
      "MTEB MIRACLRetrieval (ru) - Retrieval - nauc_map_at_3_diff1": 25.71581305774253,
      "MTEB MIRACLRetrieval (ru) - Retrieval - nauc_map_at_3_max": 18.708623514300097,
      "MTEB MIRACLRetrieval (ru) - Retrieval - nauc_map_at_3_std": -4.772722288463871,
      "MTEB MIRACLRetrieval (ru) - Retrieval - nauc_map_at_5_diff1": 25.352787694389097,
      "MTEB MIRACLRetrieval (ru) - Retrieval - nauc_map_at_5_max": 20.974296353287084,
      "MTEB MIRACLRetrieval (ru) - Retrieval - nauc_map_at_5_std": -3.4007260047029835,
      "MTEB MIRACLRetrieval (ru) - Retrieval - nauc_mrr_at_1000_diff1": 29.492072727604622,
      "MTEB MIRACLRetrieval (ru) - Retrieval - nauc_mrr_at_1000_max": 34.60333674990558,
      "MTEB MIRACLRetrieval (ru) - Retrieval - nauc_mrr_at_1000_std": 11.223537361751173,
      "MTEB MIRACLRetrieval (ru) - Retrieval - nauc_mrr_at_100_diff1": 29.47919553914885,
      "MTEB MIRACLRetrieval (ru) - Retrieval - nauc_mrr_at_100_max": 34.618795300361995,
      "MTEB MIRACLRetrieval (ru) - Retrieval - nauc_mrr_at_100_std": 11.243824787491663,
      "MTEB MIRACLRetrieval (ru) - Retrieval - nauc_mrr_at_10_diff1": 29.481060608078298,
      "MTEB MIRACLRetrieval (ru) - Retrieval - nauc_mrr_at_10_max": 34.752363175415745,
      "MTEB MIRACLRetrieval (ru) - Retrieval - nauc_mrr_at_10_std": 10.98618160728943,
      "MTEB MIRACLRetrieval (ru) - Retrieval - nauc_mrr_at_1_diff1": 31.81056902767142,
      "MTEB MIRACLRetrieval (ru) - Retrieval - nauc_mrr_at_1_max": 30.351978574096773,
      "MTEB MIRACLRetrieval (ru) - Retrieval - nauc_mrr_at_1_std": 9.735911194663025,
      "MTEB MIRACLRetrieval (ru) - Retrieval - nauc_mrr_at_20_diff1": 29.390754002995035,
      "MTEB MIRACLRetrieval (ru) - Retrieval - nauc_mrr_at_20_max": 34.75816984434079,
      "MTEB MIRACLRetrieval (ru) - Retrieval - nauc_mrr_at_20_std": 11.325226515477347,
      "MTEB MIRACLRetrieval (ru) - Retrieval - nauc_mrr_at_3_diff1": 29.948364490803186,
      "MTEB MIRACLRetrieval (ru) - Retrieval - nauc_mrr_at_3_max": 33.973850208221556,
      "MTEB MIRACLRetrieval (ru) - Retrieval - nauc_mrr_at_3_std": 9.988883050022485,
      "MTEB MIRACLRetrieval (ru) - Retrieval - nauc_mrr_at_5_diff1": 29.477773016468696,
      "MTEB MIRACLRetrieval (ru) - Retrieval - nauc_mrr_at_5_max": 34.38532892473932,
      "MTEB MIRACLRetrieval (ru) - Retrieval - nauc_mrr_at_5_std": 10.206783034393654,
      "MTEB MIRACLRetrieval (ru) - Retrieval - nauc_ndcg_at_1000_diff1": 24.15494700259076,
      "MTEB MIRACLRetrieval (ru) - Retrieval - nauc_ndcg_at_1000_max": 32.367504385127035,
      "MTEB MIRACLRetrieval (ru) - Retrieval - nauc_ndcg_at_1000_std": 10.372857487814498,
      "MTEB MIRACLRetrieval (ru) - Retrieval - nauc_ndcg_at_100_diff1": 23.97247958991815,
      "MTEB MIRACLRetrieval (ru) - Retrieval - nauc_ndcg_at_100_max": 32.21110774026889,
      "MTEB MIRACLRetrieval (ru) - Retrieval - nauc_ndcg_at_100_std": 11.065328347817761,
      "MTEB MIRACLRetrieval (ru) - Retrieval - nauc_ndcg_at_10_diff1": 24.038789867355796,
      "MTEB MIRACLRetrieval (ru) - Retrieval - nauc_ndcg_at_10_max": 28.14682223937745,
      "MTEB MIRACLRetrieval (ru) - Retrieval - nauc_ndcg_at_10_std": 4.518525314723316,
      "MTEB MIRACLRetrieval (ru) - Retrieval - nauc_ndcg_at_1_diff1": 31.81056902767142,
      "MTEB MIRACLRetrieval (ru) - Retrieval - nauc_ndcg_at_1_max": 30.351978574096773,
      "MTEB MIRACLRetrieval (ru) - Retrieval - nauc_ndcg_at_1_std": 9.735911194663025,
      "MTEB MIRACLRetrieval (ru) - Retrieval - nauc_ndcg_at_20_diff1": 23.157990079778138,
      "MTEB MIRACLRetrieval (ru) - Retrieval - nauc_ndcg_at_20_max": 30.521172934621703,
      "MTEB MIRACLRetrieval (ru) - Retrieval - nauc_ndcg_at_20_std": 7.660125728373433,
      "MTEB MIRACLRetrieval (ru) - Retrieval - nauc_ndcg_at_3_diff1": 24.44153871615053,
      "MTEB MIRACLRetrieval (ru) - Retrieval - nauc_ndcg_at_3_max": 27.08209732696818,
      "MTEB MIRACLRetrieval (ru) - Retrieval - nauc_ndcg_at_3_std": 3.8766269917792537,
      "MTEB MIRACLRetrieval (ru) - Retrieval - nauc_ndcg_at_5_diff1": 24.952468410841863,
      "MTEB MIRACLRetrieval (ru) - Retrieval - nauc_ndcg_at_5_max": 26.29873769608537,
      "MTEB MIRACLRetrieval (ru) - Retrieval - nauc_ndcg_at_5_std": 1.3359423751654511,
      "MTEB MIRACLRetrieval (ru) - Retrieval - nauc_precision_at_1000_diff1": -9.104010991734798,
      "MTEB MIRACLRetrieval (ru) - Retrieval - nauc_precision_at_1000_max": 20.36838078039637,
      "MTEB MIRACLRetrieval (ru) - Retrieval - nauc_precision_at_1000_std": 26.889986331386297,
      "MTEB MIRACLRetrieval (ru) - Retrieval - nauc_precision_at_100_diff1": -7.181546793298205,
      "MTEB MIRACLRetrieval (ru) - Retrieval - nauc_precision_at_100_max": 24.32969645433586,
      "MTEB MIRACLRetrieval (ru) - Retrieval - nauc_precision_at_100_std": 31.546209514202232,
      "MTEB MIRACLRetrieval (ru) - Retrieval - nauc_precision_at_10_diff1": -1.0044021788494442,
      "MTEB MIRACLRetrieval (ru) - Retrieval - nauc_precision_at_10_max": 29.37074096666726,
      "MTEB MIRACLRetrieval (ru) - Retrieval - nauc_precision_at_10_std": 25.000959926288214,
      "MTEB MIRACLRetrieval (ru) - Retrieval - nauc_precision_at_1_diff1": 31.81056902767142,
      "MTEB MIRACLRetrieval (ru) - Retrieval - nauc_precision_at_1_max": 30.351978574096773,
      "MTEB MIRACLRetrieval (ru) - Retrieval - nauc_precision_at_1_std": 9.735911194663025,
      "MTEB MIRACLRetrieval (ru) - Retrieval - nauc_precision_at_20_diff1": -5.242529022989003,
      "MTEB MIRACLRetrieval (ru) - Retrieval - nauc_precision_at_20_max": 28.199268120740822,
      "MTEB MIRACLRetrieval (ru) - Retrieval - nauc_precision_at_20_std": 28.460986811065037,
      "MTEB MIRACLRetrieval (ru) - Retrieval - nauc_precision_at_3_diff1": 9.46419634664173,
      "MTEB MIRACLRetrieval (ru) - Retrieval - nauc_precision_at_3_max": 32.203956451949914,
      "MTEB MIRACLRetrieval (ru) - Retrieval - nauc_precision_at_3_std": -2.243774812074271,
      "MTEB MIRACLRetrieval (ru) - Retrieval - nauc_precision_at_5_diff1": 3.719098257572974,
      "MTEB MIRACLRetrieval (ru) - Retrieval - nauc_precision_at_5_max": 30.53411024247047,
      "MTEB MIRACLRetrieval (ru) - Retrieval - nauc_precision_at_5_std": 17.926227114457067,
      "MTEB MIRACLRetrieval (ru) - Retrieval - nauc_recall_at_1000_diff1": 12.347919922311121,
      "MTEB MIRACLRetrieval (ru) - Retrieval - nauc_recall_at_1000_max": 62.10824756167678,
      "MTEB MIRACLRetrieval (ru) - Retrieval - nauc_recall_at_1000_std": 65.9625810682273,
      "MTEB MIRACLRetrieval (ru) - Retrieval - nauc_recall_at_100_diff1": 11.945066948287723,
      "MTEB MIRACLRetrieval (ru) - Retrieval - nauc_recall_at_100_max": 37.07070306829974,
      "MTEB MIRACLRetrieval (ru) - Retrieval - nauc_recall_at_100_std": 38.76495395051901,
      "MTEB MIRACLRetrieval (ru) - Retrieval - nauc_recall_at_10_diff1": 14.793964290237943,
      "MTEB MIRACLRetrieval (ru) - Retrieval - nauc_recall_at_10_max": 23.170920682517334,
      "MTEB MIRACLRetrieval (ru) - Retrieval - nauc_recall_at_10_std": 5.07461971737137,
      "MTEB MIRACLRetrieval (ru) - Retrieval - nauc_recall_at_1_diff1": 30.55123128484441,
      "MTEB MIRACLRetrieval (ru) - Retrieval - nauc_recall_at_1_max": 13.83849108263988,
      "MTEB MIRACLRetrieval (ru) - Retrieval - nauc_recall_at_1_std": -7.087181528435525,
      "MTEB MIRACLRetrieval (ru) - Retrieval - nauc_recall_at_20_diff1": 10.349310874535616,
      "MTEB MIRACLRetrieval (ru) - Retrieval - nauc_recall_at_20_max": 27.72667852012557,
      "MTEB MIRACLRetrieval (ru) - Retrieval - nauc_recall_at_20_std": 13.37946493360006,
      "MTEB MIRACLRetrieval (ru) - Retrieval - nauc_recall_at_3_diff1": 20.660181561801195,
      "MTEB MIRACLRetrieval (ru) - Retrieval - nauc_recall_at_3_max": 16.734608747226137,
      "MTEB MIRACLRetrieval (ru) - Retrieval - nauc_recall_at_3_std": -5.887299100086449,
      "MTEB MIRACLRetrieval (ru) - Retrieval - nauc_recall_at_5_diff1": 19.292387971699007,
      "MTEB MIRACLRetrieval (ru) - Retrieval - nauc_recall_at_5_max": 18.151647291256193,
      "MTEB MIRACLRetrieval (ru) - Retrieval - nauc_recall_at_5_std": -5.3874570564310895,
      "MTEB MIRACLRetrieval (ru) - Retrieval - ndcg_at_1": 49.919999999999995,
      "MTEB MIRACLRetrieval (ru) - Retrieval - ndcg_at_10": 53.909,
      "MTEB MIRACLRetrieval (ru) - Retrieval - ndcg_at_100": 61.346999999999994,
      "MTEB MIRACLRetrieval (ru) - Retrieval - ndcg_at_1000": 62.831,
      "MTEB MIRACLRetrieval (ru) - Retrieval - ndcg_at_20": 57.44200000000001,
      "MTEB MIRACLRetrieval (ru) - Retrieval - ndcg_at_3": 48.034,
      "MTEB MIRACLRetrieval (ru) - Retrieval - ndcg_at_5": 50.151,
      "MTEB MIRACLRetrieval (ru) - Retrieval - precision_at_1": 49.919999999999995,
      "MTEB MIRACLRetrieval (ru) - Retrieval - precision_at_10": 16.206,
      "MTEB MIRACLRetrieval (ru) - Retrieval - precision_at_100": 2.467,
      "MTEB MIRACLRetrieval (ru) - Retrieval - precision_at_1000": 0.27499999999999997,
      "MTEB MIRACLRetrieval (ru) - Retrieval - precision_at_20": 9.847999999999999,
      "MTEB MIRACLRetrieval (ru) - Retrieval - precision_at_3": 33.013999999999996,
      "MTEB MIRACLRetrieval (ru) - Retrieval - precision_at_5": 25.495,
      "MTEB MIRACLRetrieval (ru) - Retrieval - recall_at_1": 24.308,
      "MTEB MIRACLRetrieval (ru) - Retrieval - recall_at_10": 64.226,
      "MTEB MIRACLRetrieval (ru) - Retrieval - recall_at_100": 88.532,
      "MTEB MIRACLRetrieval (ru) - Retrieval - recall_at_1000": 96.702,
      "MTEB MIRACLRetrieval (ru) - Retrieval - recall_at_20": 73.855,
      "MTEB MIRACLRetrieval (ru) - Retrieval - recall_at_3": 43.75,
      "MTEB MIRACLRetrieval (ru) - Retrieval - recall_at_5": 53.293,
      "MTEB MassiveIntentClassification (ru) - Classification - accuracy": 66.96704774714189,
      "MTEB MassiveIntentClassification (ru) - Classification - f1": 63.75700201120695,
      "MTEB MassiveIntentClassification (ru) - Classification - f1_weighted": 65.79948352494334,
      "MTEB MassiveIntentClassification (ru) - Classification - main_score": 66.96704774714189,
      "MTEB MassiveScenarioClassification (ru) - Classification - accuracy": 71.79556153328849,
      "MTEB MassiveScenarioClassification (ru) - Classification - f1": 71.04798190430378,
      "MTEB MassiveScenarioClassification (ru) - Classification - f1_weighted": 71.11136110921589,
      "MTEB MassiveScenarioClassification (ru) - Classification - main_score": 71.79556153328849,
      "MTEB RUParaPhraserSTS (default) - STS - cosine_pearson": 69.4312341087414,
      "MTEB RUParaPhraserSTS (default) - STS - cosine_spearman": 76.16273410937974,
      "MTEB RUParaPhraserSTS (default) - STS - euclidean_pearson": 73.59970264325928,
      "MTEB RUParaPhraserSTS (default) - STS - euclidean_spearman": 76.16273410937974,
      "MTEB RUParaPhraserSTS (default) - STS - main_score": 76.16273410937974,
      "MTEB RUParaPhraserSTS (default) - STS - manhattan_pearson": 73.63850191752708,
      "MTEB RUParaPhraserSTS (default) - STS - manhattan_spearman": 76.22156395676978,
      "MTEB RUParaPhraserSTS (default) - STS - pearson": 69.4312341087414,
      "MTEB RUParaPhraserSTS (default) - STS - spearman": 76.16273410937974,
      "MTEB RiaNewsRetrieval (default) - Retrieval - main_score": 78.864,
      "MTEB RiaNewsRetrieval (default) - Retrieval - map_at_1": 67.61,
      "MTEB RiaNewsRetrieval (default) - Retrieval - map_at_10": 75.44800000000001,
      "MTEB RiaNewsRetrieval (default) - Retrieval - map_at_100": 75.73,
      "MTEB RiaNewsRetrieval (default) - Retrieval - map_at_1000": 75.74,
      "MTEB RiaNewsRetrieval (default) - Retrieval - map_at_20": 75.63,
      "MTEB RiaNewsRetrieval (default) - Retrieval - map_at_3": 74.058,
      "MTEB RiaNewsRetrieval (default) - Retrieval - map_at_5": 74.935,
      "MTEB RiaNewsRetrieval (default) - Retrieval - mrr_at_1": 67.61,
      "MTEB RiaNewsRetrieval (default) - Retrieval - mrr_at_10": 75.44837698412663,
      "MTEB RiaNewsRetrieval (default) - Retrieval - mrr_at_100": 75.7296913526584,
      "MTEB RiaNewsRetrieval (default) - Retrieval - mrr_at_1000": 75.7404584781072,
      "MTEB RiaNewsRetrieval (default) - Retrieval - mrr_at_20": 75.62998240983255,
      "MTEB RiaNewsRetrieval (default) - Retrieval - mrr_at_3": 74.05833333333295,
      "MTEB RiaNewsRetrieval (default) - Retrieval - mrr_at_5": 74.93533333333274,
      "MTEB RiaNewsRetrieval (default) - Retrieval - nauc_map_at_1000_diff1": 76.73003886073126,
      "MTEB RiaNewsRetrieval (default) - Retrieval - nauc_map_at_1000_max": 23.880592237559313,
      "MTEB RiaNewsRetrieval (default) - Retrieval - nauc_map_at_1000_std": -16.639489061431295,
      "MTEB RiaNewsRetrieval (default) - Retrieval - nauc_map_at_100_diff1": 76.72565072181389,
      "MTEB RiaNewsRetrieval (default) - Retrieval - nauc_map_at_100_max": 23.881455390102456,
      "MTEB RiaNewsRetrieval (default) - Retrieval - nauc_map_at_100_std": -16.63176355032267,
      "MTEB RiaNewsRetrieval (default) - Retrieval - nauc_map_at_10_diff1": 76.64273887966773,
      "MTEB RiaNewsRetrieval (default) - Retrieval - nauc_map_at_10_max": 23.81082154251487,
      "MTEB RiaNewsRetrieval (default) - Retrieval - nauc_map_at_10_std": -16.77740307482434,
      "MTEB RiaNewsRetrieval (default) - Retrieval - nauc_map_at_1_diff1": 79.73607180360645,
      "MTEB RiaNewsRetrieval (default) - Retrieval - nauc_map_at_1_max": 21.20262368559921,
      "MTEB RiaNewsRetrieval (default) - Retrieval - nauc_map_at_1_std": -19.089796155513238,
      "MTEB RiaNewsRetrieval (default) - Retrieval - nauc_map_at_20_diff1": 76.7030611694817,
      "MTEB RiaNewsRetrieval (default) - Retrieval - nauc_map_at_20_max": 23.838907707504127,
      "MTEB RiaNewsRetrieval (default) - Retrieval - nauc_map_at_20_std": -16.672743811541736,
      "MTEB RiaNewsRetrieval (default) - Retrieval - nauc_map_at_3_diff1": 76.50523775835022,
      "MTEB RiaNewsRetrieval (default) - Retrieval - nauc_map_at_3_max": 23.60179905501101,
      "MTEB RiaNewsRetrieval (default) - Retrieval - nauc_map_at_3_std": -17.693757802981956,
      "MTEB RiaNewsRetrieval (default) - Retrieval - nauc_map_at_5_diff1": 76.61576372823448,
      "MTEB RiaNewsRetrieval (default) - Retrieval - nauc_map_at_5_max": 23.862587318336775,
      "MTEB RiaNewsRetrieval (default) - Retrieval - nauc_map_at_5_std": -17.0437966767025,
      "MTEB RiaNewsRetrieval (default) - Retrieval - nauc_mrr_at_1000_diff1": 76.73003886073126,
      "MTEB RiaNewsRetrieval (default) - Retrieval - nauc_mrr_at_1000_max": 23.880592237559313,
      "MTEB RiaNewsRetrieval (default) - Retrieval - nauc_mrr_at_1000_std": -16.639489061431295,
      "MTEB RiaNewsRetrieval (default) - Retrieval - nauc_mrr_at_100_diff1": 76.72565072181389,
      "MTEB RiaNewsRetrieval (default) - Retrieval - nauc_mrr_at_100_max": 23.881455390102456,
      "MTEB RiaNewsRetrieval (default) - Retrieval - nauc_mrr_at_100_std": -16.63176355032267,
      "MTEB RiaNewsRetrieval (default) - Retrieval - nauc_mrr_at_10_diff1": 76.64273887966773,
      "MTEB RiaNewsRetrieval (default) - Retrieval - nauc_mrr_at_10_max": 23.81082154251487,
      "MTEB RiaNewsRetrieval (default) - Retrieval - nauc_mrr_at_10_std": -16.77740307482434,
      "MTEB RiaNewsRetrieval (default) - Retrieval - nauc_mrr_at_1_diff1": 79.73607180360645,
      "MTEB RiaNewsRetrieval (default) - Retrieval - nauc_mrr_at_1_max": 21.20262368559921,
      "MTEB RiaNewsRetrieval (default) - Retrieval - nauc_mrr_at_1_std": -19.089796155513238,
      "MTEB RiaNewsRetrieval (default) - Retrieval - nauc_mrr_at_20_diff1": 76.7030611694817,
      "MTEB RiaNewsRetrieval (default) - Retrieval - nauc_mrr_at_20_max": 23.838907707504127,
      "MTEB RiaNewsRetrieval (default) - Retrieval - nauc_mrr_at_20_std": -16.672743811541736,
      "MTEB RiaNewsRetrieval (default) - Retrieval - nauc_mrr_at_3_diff1": 76.50523775835022,
      "MTEB RiaNewsRetrieval (default) - Retrieval - nauc_mrr_at_3_max": 23.60179905501101,
      "MTEB RiaNewsRetrieval (default) - Retrieval - nauc_mrr_at_3_std": -17.693757802981956,
      "MTEB RiaNewsRetrieval (default) - Retrieval - nauc_mrr_at_5_diff1": 76.61576372823448,
      "MTEB RiaNewsRetrieval (default) - Retrieval - nauc_mrr_at_5_max": 23.862587318336775,
      "MTEB RiaNewsRetrieval (default) - Retrieval - nauc_mrr_at_5_std": -17.0437966767025,
      "MTEB RiaNewsRetrieval (default) - Retrieval - nauc_ndcg_at_1000_diff1": 76.016960312922,
      "MTEB RiaNewsRetrieval (default) - Retrieval - nauc_ndcg_at_1000_max": 25.434179222015285,
      "MTEB RiaNewsRetrieval (default) - Retrieval - nauc_ndcg_at_1000_std": -14.489226598374966,
      "MTEB RiaNewsRetrieval (default) - Retrieval - nauc_ndcg_at_100_diff1": 75.87402195675239,
      "MTEB RiaNewsRetrieval (default) - Retrieval - nauc_ndcg_at_100_max": 25.562687163467295,
      "MTEB RiaNewsRetrieval (default) - Retrieval - nauc_ndcg_at_100_std": -14.165819919505346,
      "MTEB RiaNewsRetrieval (default) - Retrieval - nauc_ndcg_at_10_diff1": 75.47305900096035,
      "MTEB RiaNewsRetrieval (default) - Retrieval - nauc_ndcg_at_10_max": 24.9111489869184,
      "MTEB RiaNewsRetrieval (default) - Retrieval - nauc_ndcg_at_10_std": -15.106328069022739,
      "MTEB RiaNewsRetrieval (default) - Retrieval - nauc_ndcg_at_1_diff1": 79.73607180360645,
      "MTEB RiaNewsRetrieval (default) - Retrieval - nauc_ndcg_at_1_max": 21.20262368559921,
      "MTEB RiaNewsRetrieval (default) - Retrieval - nauc_ndcg_at_1_std": -19.089796155513238,
      "MTEB RiaNewsRetrieval (default) - Retrieval - nauc_ndcg_at_20_diff1": 75.71180859144839,
      "MTEB RiaNewsRetrieval (default) - Retrieval - nauc_ndcg_at_20_max": 25.12671193294504,
      "MTEB RiaNewsRetrieval (default) - Retrieval - nauc_ndcg_at_20_std": -14.582900241958443,
      "MTEB RiaNewsRetrieval (default) - Retrieval - nauc_ndcg_at_3_diff1": 75.32126900936046,
      "MTEB RiaNewsRetrieval (default) - Retrieval - nauc_ndcg_at_3_max": 24.39543091769943,
      "MTEB RiaNewsRetrieval (default) - Retrieval - nauc_ndcg_at_3_std": -17.183511551234538,
      "MTEB RiaNewsRetrieval (default) - Retrieval - nauc_ndcg_at_5_diff1": 75.46170695160178,
      "MTEB RiaNewsRetrieval (default) - Retrieval - nauc_ndcg_at_5_max": 25.001670951020937,
      "MTEB RiaNewsRetrieval (default) - Retrieval - nauc_ndcg_at_5_std": -15.861405796419376,
      "MTEB RiaNewsRetrieval (default) - Retrieval - nauc_precision_at_1000_diff1": 65.48397136632431,
      "MTEB RiaNewsRetrieval (default) - Retrieval - nauc_precision_at_1000_max": 77.05533391807842,
      "MTEB RiaNewsRetrieval (default) - Retrieval - nauc_precision_at_1000_std": 54.14509238038628,
      "MTEB RiaNewsRetrieval (default) - Retrieval - nauc_precision_at_100_diff1": 66.6077978535527,
      "MTEB RiaNewsRetrieval (default) - Retrieval - nauc_precision_at_100_max": 54.07639576230772,
      "MTEB RiaNewsRetrieval (default) - Retrieval - nauc_precision_at_100_std": 28.071043659958185,
      "MTEB RiaNewsRetrieval (default) - Retrieval - nauc_precision_at_10_diff1": 68.71592258481675,
      "MTEB RiaNewsRetrieval (default) - Retrieval - nauc_precision_at_10_max": 31.40944055975099,
      "MTEB RiaNewsRetrieval (default) - Retrieval - nauc_precision_at_10_std": -4.421548783271478,
      "MTEB RiaNewsRetrieval (default) - Retrieval - nauc_precision_at_1_diff1": 79.73607180360645,
      "MTEB RiaNewsRetrieval (default) - Retrieval - nauc_precision_at_1_max": 21.20262368559921,
      "MTEB RiaNewsRetrieval (default) - Retrieval - nauc_precision_at_1_std": -19.089796155513238,
      "MTEB RiaNewsRetrieval (default) - Retrieval - nauc_precision_at_20_diff1": 68.87539427047768,
      "MTEB RiaNewsRetrieval (default) - Retrieval - nauc_precision_at_20_max": 35.602508001542176,
      "MTEB RiaNewsRetrieval (default) - Retrieval - nauc_precision_at_20_std": 3.6366951424017184,
      "MTEB RiaNewsRetrieval (default) - Retrieval - nauc_precision_at_3_diff1": 70.84549884977267,
      "MTEB RiaNewsRetrieval (default) - Retrieval - nauc_precision_at_3_max": 27.35862016332144,
      "MTEB RiaNewsRetrieval (default) - Retrieval - nauc_precision_at_3_std": -15.255203279510601,
      "MTEB RiaNewsRetrieval (default) - Retrieval - nauc_precision_at_5_diff1": 70.27864341297163,
      "MTEB RiaNewsRetrieval (default) - Retrieval - nauc_precision_at_5_max": 30.29162962827962,
      "MTEB RiaNewsRetrieval (default) - Retrieval - nauc_precision_at_5_std": -10.193470309556703,
      "MTEB RiaNewsRetrieval (default) - Retrieval - nauc_recall_at_1000_diff1": 65.48397136632475,
      "MTEB RiaNewsRetrieval (default) - Retrieval - nauc_recall_at_1000_max": 77.05533391807865,
      "MTEB RiaNewsRetrieval (default) - Retrieval - nauc_recall_at_1000_std": 54.14509238038722,
      "MTEB RiaNewsRetrieval (default) - Retrieval - nauc_recall_at_100_diff1": 66.60779785355253,
      "MTEB RiaNewsRetrieval (default) - Retrieval - nauc_recall_at_100_max": 54.07639576230805,
      "MTEB RiaNewsRetrieval (default) - Retrieval - nauc_recall_at_100_std": 28.071043659958207,
      "MTEB RiaNewsRetrieval (default) - Retrieval - nauc_recall_at_10_diff1": 68.71592258481655,
      "MTEB RiaNewsRetrieval (default) - Retrieval - nauc_recall_at_10_max": 31.409440559751168,
      "MTEB RiaNewsRetrieval (default) - Retrieval - nauc_recall_at_10_std": -4.421548783271414,
      "MTEB RiaNewsRetrieval (default) - Retrieval - nauc_recall_at_1_diff1": 79.73607180360645,
      "MTEB RiaNewsRetrieval (default) - Retrieval - nauc_recall_at_1_max": 21.20262368559921,
      "MTEB RiaNewsRetrieval (default) - Retrieval - nauc_recall_at_1_std": -19.089796155513238,
      "MTEB RiaNewsRetrieval (default) - Retrieval - nauc_recall_at_20_diff1": 68.87539427047763,
      "MTEB RiaNewsRetrieval (default) - Retrieval - nauc_recall_at_20_max": 35.60250800154217,
      "MTEB RiaNewsRetrieval (default) - Retrieval - nauc_recall_at_20_std": 3.6366951424018716,
      "MTEB RiaNewsRetrieval (default) - Retrieval - nauc_recall_at_3_diff1": 70.84549884977265,
      "MTEB RiaNewsRetrieval (default) - Retrieval - nauc_recall_at_3_max": 27.358620163321408,
      "MTEB RiaNewsRetrieval (default) - Retrieval - nauc_recall_at_3_std": -15.255203279510626,
      "MTEB RiaNewsRetrieval (default) - Retrieval - nauc_recall_at_5_diff1": 70.2786434129717,
      "MTEB RiaNewsRetrieval (default) - Retrieval - nauc_recall_at_5_max": 30.291629628279733,
      "MTEB RiaNewsRetrieval (default) - Retrieval - nauc_recall_at_5_std": -10.193470309556629,
      "MTEB RiaNewsRetrieval (default) - Retrieval - ndcg_at_1": 67.61,
      "MTEB RiaNewsRetrieval (default) - Retrieval - ndcg_at_10": 78.864,
      "MTEB RiaNewsRetrieval (default) - Retrieval - ndcg_at_100": 80.211,
      "MTEB RiaNewsRetrieval (default) - Retrieval - ndcg_at_1000": 80.50699999999999,
      "MTEB RiaNewsRetrieval (default) - Retrieval - ndcg_at_20": 79.514,
      "MTEB RiaNewsRetrieval (default) - Retrieval - ndcg_at_3": 76.05499999999999,
      "MTEB RiaNewsRetrieval (default) - Retrieval - ndcg_at_5": 77.625,
      "MTEB RiaNewsRetrieval (default) - Retrieval - precision_at_1": 67.61,
      "MTEB RiaNewsRetrieval (default) - Retrieval - precision_at_10": 8.941,
      "MTEB RiaNewsRetrieval (default) - Retrieval - precision_at_100": 0.9570000000000001,
      "MTEB RiaNewsRetrieval (default) - Retrieval - precision_at_1000": 0.098,
      "MTEB RiaNewsRetrieval (default) - Retrieval - precision_at_20": 4.598,
      "MTEB RiaNewsRetrieval (default) - Retrieval - precision_at_3": 27.267000000000003,
      "MTEB RiaNewsRetrieval (default) - Retrieval - precision_at_5": 17.118,
      "MTEB RiaNewsRetrieval (default) - Retrieval - recall_at_1": 67.61,
      "MTEB RiaNewsRetrieval (default) - Retrieval - recall_at_10": 89.41,
      "MTEB RiaNewsRetrieval (default) - Retrieval - recall_at_100": 95.67,
      "MTEB RiaNewsRetrieval (default) - Retrieval - recall_at_1000": 98.02,
      "MTEB RiaNewsRetrieval (default) - Retrieval - recall_at_20": 91.96,
      "MTEB RiaNewsRetrieval (default) - Retrieval - recall_at_3": 81.8,
      "MTEB RiaNewsRetrieval (default) - Retrieval - recall_at_5": 85.59,
      "MTEB RuBQReranking (default) - Reranking - main_score": 70.8676293869892,
      "MTEB RuBQReranking (default) - Reranking - map": 70.8676293869892,
      "MTEB RuBQReranking (default) - Reranking - mrr": 76.21519142795738,
      "MTEB RuBQReranking (default) - Reranking - nAUC_map_diff1": 37.107477549298316,
      "MTEB RuBQReranking (default) - Reranking - nAUC_map_max": 24.03175751284917,
      "MTEB RuBQReranking (default) - Reranking - nAUC_map_std": 10.543266622518289,
      "MTEB RuBQReranking (default) - Reranking - nAUC_mrr_diff1": 41.59000224211641,
      "MTEB RuBQReranking (default) - Reranking - nAUC_mrr_max": 31.06363682531277,
      "MTEB RuBQReranking (default) - Reranking - nAUC_mrr_std": 14.95221681925582,
      "MTEB RuBQRetrieval (default) - Retrieval - main_score": 66.77499999999999,
      "MTEB RuBQRetrieval (default) - Retrieval - map_at_1": 38.964,
      "MTEB RuBQRetrieval (default) - Retrieval - map_at_10": 58.679,
      "MTEB RuBQRetrieval (default) - Retrieval - map_at_100": 59.74699999999999,
      "MTEB RuBQRetrieval (default) - Retrieval - map_at_1000": 59.784000000000006,
      "MTEB RuBQRetrieval (default) - Retrieval - map_at_20": 59.386,
      "MTEB RuBQRetrieval (default) - Retrieval - map_at_3": 53.183,
      "MTEB RuBQRetrieval (default) - Retrieval - map_at_5": 56.619,
      "MTEB RuBQRetrieval (default) - Retrieval - mrr_at_1": 56.08747044917257,
      "MTEB RuBQRetrieval (default) - Retrieval - mrr_at_10": 67.69477747757892,
      "MTEB RuBQRetrieval (default) - Retrieval - mrr_at_100": 68.11028091076142,
      "MTEB RuBQRetrieval (default) - Retrieval - mrr_at_1000": 68.12016895906572,
      "MTEB RuBQRetrieval (default) - Retrieval - mrr_at_20": 67.99200829920431,
      "MTEB RuBQRetrieval (default) - Retrieval - mrr_at_3": 65.40583136327825,
      "MTEB RuBQRetrieval (default) - Retrieval - mrr_at_5": 66.86564223798278,
      "MTEB RuBQRetrieval (default) - Retrieval - nauc_map_at_1000_diff1": 35.13932221843019,
      "MTEB RuBQRetrieval (default) - Retrieval - nauc_map_at_1000_max": 31.603311334444573,
      "MTEB RuBQRetrieval (default) - Retrieval - nauc_map_at_1000_std": -8.046320861408992,
      "MTEB RuBQRetrieval (default) - Retrieval - nauc_map_at_100_diff1": 35.10777181986462,
      "MTEB RuBQRetrieval (default) - Retrieval - nauc_map_at_100_max": 31.603059769116086,
      "MTEB RuBQRetrieval (default) - Retrieval - nauc_map_at_100_std": -8.027533855390534,
      "MTEB RuBQRetrieval (default) - Retrieval - nauc_map_at_10_diff1": 34.864122757362644,
      "MTEB RuBQRetrieval (default) - Retrieval - nauc_map_at_10_max": 31.625252670171776,
      "MTEB RuBQRetrieval (default) - Retrieval - nauc_map_at_10_std": -8.334256854154406,
      "MTEB RuBQRetrieval (default) - Retrieval - nauc_map_at_1_diff1": 40.90418146524424,
      "MTEB RuBQRetrieval (default) - Retrieval - nauc_map_at_1_max": 22.269308553048656,
      "MTEB RuBQRetrieval (default) - Retrieval - nauc_map_at_1_std": -9.89932822257807,
      "MTEB RuBQRetrieval (default) - Retrieval - nauc_map_at_20_diff1": 34.88664926631265,
      "MTEB RuBQRetrieval (default) - Retrieval - nauc_map_at_20_max": 31.60883821879978,
      "MTEB RuBQRetrieval (default) - Retrieval - nauc_map_at_20_std": -8.095294415067395,
      "MTEB RuBQRetrieval (default) - Retrieval - nauc_map_at_3_diff1": 35.13227486507324,
      "MTEB RuBQRetrieval (default) - Retrieval - nauc_map_at_3_max": 28.53848590790504,
      "MTEB RuBQRetrieval (default) - Retrieval - nauc_map_at_3_std": -9.223288317647375,
      "MTEB RuBQRetrieval (default) - Retrieval - nauc_map_at_5_diff1": 35.0811457266201,
      "MTEB RuBQRetrieval (default) - Retrieval - nauc_map_at_5_max": 30.904120563551984,
      "MTEB RuBQRetrieval (default) - Retrieval - nauc_map_at_5_std": -9.190854442617361,
      "MTEB RuBQRetrieval (default) - Retrieval - nauc_mrr_at_1000_diff1": 43.43247399448727,
      "MTEB RuBQRetrieval (default) - Retrieval - nauc_mrr_at_1000_max": 37.599979998251435,
      "MTEB RuBQRetrieval (default) - Retrieval - nauc_mrr_at_1000_std": -8.461570912726742,
      "MTEB RuBQRetrieval (default) - Retrieval - nauc_mrr_at_100_diff1": 43.42803056119293,
      "MTEB RuBQRetrieval (default) - Retrieval - nauc_mrr_at_100_max": 37.60590141137654,
      "MTEB RuBQRetrieval (default) - Retrieval - nauc_mrr_at_100_std": -8.456064029069271,
      "MTEB RuBQRetrieval (default) - Retrieval - nauc_mrr_at_10_diff1": 43.34260974243939,
      "MTEB RuBQRetrieval (default) - Retrieval - nauc_mrr_at_10_max": 37.7505248362988,
      "MTEB RuBQRetrieval (default) - Retrieval - nauc_mrr_at_10_std": -8.4789005424329,
      "MTEB RuBQRetrieval (default) - Retrieval - nauc_mrr_at_1_diff1": 46.8647472051038,
      "MTEB RuBQRetrieval (default) - Retrieval - nauc_mrr_at_1_max": 34.40507832070825,
      "MTEB RuBQRetrieval (default) - Retrieval - nauc_mrr_at_1_std": -9.148947481764475,
      "MTEB RuBQRetrieval (default) - Retrieval - nauc_mrr_at_20_diff1": 43.37024314535158,
      "MTEB RuBQRetrieval (default) - Retrieval - nauc_mrr_at_20_max": 37.62040185137823,
      "MTEB RuBQRetrieval (default) - Retrieval - nauc_mrr_at_20_std": -8.497477607790167,
      "MTEB RuBQRetrieval (default) - Retrieval - nauc_mrr_at_3_diff1": 42.980588675445404,
      "MTEB RuBQRetrieval (default) - Retrieval - nauc_mrr_at_3_max": 37.43524263010435,
      "MTEB RuBQRetrieval (default) - Retrieval - nauc_mrr_at_3_std": -8.698337782804687,
      "MTEB RuBQRetrieval (default) - Retrieval - nauc_mrr_at_5_diff1": 43.224910985482765,
      "MTEB RuBQRetrieval (default) - Retrieval - nauc_mrr_at_5_max": 38.00633132611649,
      "MTEB RuBQRetrieval (default) - Retrieval - nauc_mrr_at_5_std": -8.554751807691591,
      "MTEB RuBQRetrieval (default) - Retrieval - nauc_ndcg_at_1000_diff1": 36.58393000267959,
      "MTEB RuBQRetrieval (default) - Retrieval - nauc_ndcg_at_1000_max": 34.491617466873194,
      "MTEB RuBQRetrieval (default) - Retrieval - nauc_ndcg_at_1000_std": -6.968933918560401,
      "MTEB RuBQRetrieval (default) - Retrieval - nauc_ndcg_at_100_diff1": 35.909285337288004,
      "MTEB RuBQRetrieval (default) - Retrieval - nauc_ndcg_at_100_max": 34.60361766529284,
      "MTEB RuBQRetrieval (default) - Retrieval - nauc_ndcg_at_100_std": -6.3241815724593256,
      "MTEB RuBQRetrieval (default) - Retrieval - nauc_ndcg_at_10_diff1": 34.86940448346685,
      "MTEB RuBQRetrieval (default) - Retrieval - nauc_ndcg_at_10_max": 34.89327996781203,
      "MTEB RuBQRetrieval (default) - Retrieval - nauc_ndcg_at_10_std": -7.377912505502211,
      "MTEB RuBQRetrieval (default) - Retrieval - nauc_ndcg_at_1_diff1": 47.16372543032823,
      "MTEB RuBQRetrieval (default) - Retrieval - nauc_ndcg_at_1_max": 34.48620759685232,
      "MTEB RuBQRetrieval (default) - Retrieval - nauc_ndcg_at_1_std": -8.881483248224074,
      "MTEB RuBQRetrieval (default) - Retrieval - nauc_ndcg_at_20_diff1": 34.901006085701795,
      "MTEB RuBQRetrieval (default) - Retrieval - nauc_ndcg_at_20_max": 34.766948088105174,
      "MTEB RuBQRetrieval (default) - Retrieval - nauc_ndcg_at_20_std": -6.680375186500669,
      "MTEB RuBQRetrieval (default) - Retrieval - nauc_ndcg_at_3_diff1": 35.16537335241684,
      "MTEB RuBQRetrieval (default) - Retrieval - nauc_ndcg_at_3_max": 31.385279916552566,
      "MTEB RuBQRetrieval (default) - Retrieval - nauc_ndcg_at_3_std": -8.871530629591442,
      "MTEB RuBQRetrieval (default) - Retrieval - nauc_ndcg_at_5_diff1": 35.152664105492605,
      "MTEB RuBQRetrieval (default) - Retrieval - nauc_ndcg_at_5_max": 33.89982336069226,
      "MTEB RuBQRetrieval (default) - Retrieval - nauc_ndcg_at_5_std": -8.92795810387048,
      "MTEB RuBQRetrieval (default) - Retrieval - nauc_precision_at_1000_diff1": -6.773234121047722,
      "MTEB RuBQRetrieval (default) - Retrieval - nauc_precision_at_1000_max": 7.0059404092503925,
      "MTEB RuBQRetrieval (default) - Retrieval - nauc_precision_at_1000_std": 4.757430160226248,
      "MTEB RuBQRetrieval (default) - Retrieval - nauc_precision_at_100_diff1": -6.88009476644726,
      "MTEB RuBQRetrieval (default) - Retrieval - nauc_precision_at_100_max": 10.391099419327492,
      "MTEB RuBQRetrieval (default) - Retrieval - nauc_precision_at_100_std": 7.203837158689326,
      "MTEB RuBQRetrieval (default) - Retrieval - nauc_precision_at_10_diff1": -0.7155570800016817,
      "MTEB RuBQRetrieval (default) - Retrieval - nauc_precision_at_10_max": 21.06902041338105,
      "MTEB RuBQRetrieval (default) - Retrieval - nauc_precision_at_10_std": 3.7465404459270815,
      "MTEB RuBQRetrieval (default) - Retrieval - nauc_precision_at_1_diff1": 47.16372543032823,
      "MTEB RuBQRetrieval (default) - Retrieval - nauc_precision_at_1_max": 34.48620759685232,
      "MTEB RuBQRetrieval (default) - Retrieval - nauc_precision_at_1_std": -8.881483248224074,
      "MTEB RuBQRetrieval (default) - Retrieval - nauc_precision_at_20_diff1": -4.695792117927824,
      "MTEB RuBQRetrieval (default) - Retrieval - nauc_precision_at_20_max": 16.53698826752203,
      "MTEB RuBQRetrieval (default) - Retrieval - nauc_precision_at_20_std": 6.681726081495262,
      "MTEB RuBQRetrieval (default) - Retrieval - nauc_precision_at_3_diff1": 12.446292477522807,
      "MTEB RuBQRetrieval (default) - Retrieval - nauc_precision_at_3_max": 27.622770072159884,
      "MTEB RuBQRetrieval (default) - Retrieval - nauc_precision_at_3_std": -2.243774812074271,
      "MTEB RuBQRetrieval (default) - Retrieval - nauc_precision_at_5_diff1": 5.851972491534291,
      "MTEB RuBQRetrieval (default) - Retrieval - nauc_precision_at_5_max": 25.400246002612235,
      "MTEB RuBQRetrieval (default) - Retrieval - nauc_precision_at_5_std": -0.8059534151280825,
      "MTEB RuBQRetrieval (default) - Retrieval - nauc_recall_at_1000_diff1": 17.33619903703495,
      "MTEB RuBQRetrieval (default) - Retrieval - nauc_recall_at_1000_max": 46.39520954734979,
      "MTEB RuBQRetrieval (default) - Retrieval - nauc_recall_at_1000_std": 59.70020859630654,
      "MTEB RuBQRetrieval (default) - Retrieval - nauc_recall_at_100_diff1": 9.309667388080348,
      "MTEB RuBQRetrieval (default) - Retrieval - nauc_recall_at_100_max": 35.92482580062717,
      "MTEB RuBQRetrieval (default) - Retrieval - nauc_recall_at_100_std": 24.021627313676188,
      "MTEB RuBQRetrieval (default) - Retrieval - nauc_recall_at_10_diff1": 19.87959406394684,
      "MTEB RuBQRetrieval (default) - Retrieval - nauc_recall_at_10_max": 35.00740821313158,
      "MTEB RuBQRetrieval (default) - Retrieval - nauc_recall_at_10_std": -2.6455284599102784,
      "MTEB RuBQRetrieval (default) - Retrieval - nauc_recall_at_1_diff1": 40.90418146524424,
      "MTEB RuBQRetrieval (default) - Retrieval - nauc_recall_at_1_max": 22.269308553048656,
      "MTEB RuBQRetrieval (default) - Retrieval - nauc_recall_at_1_std": -9.89932822257807,
      "MTEB RuBQRetrieval (default) - Retrieval - nauc_recall_at_20_diff1": 15.028975252982061,
      "MTEB RuBQRetrieval (default) - Retrieval - nauc_recall_at_20_max": 34.901307836728016,
      "MTEB RuBQRetrieval (default) - Retrieval - nauc_recall_at_20_std": 2.9027647776175494,
      "MTEB RuBQRetrieval (default) - Retrieval - nauc_recall_at_3_diff1": 26.13225834790859,
      "MTEB RuBQRetrieval (default) - Retrieval - nauc_recall_at_3_max": 27.915627935543725,
      "MTEB RuBQRetrieval (default) - Retrieval - nauc_recall_at_3_std": -8.069525359773976,
      "MTEB RuBQRetrieval (default) - Retrieval - nauc_recall_at_5_diff1": 24.184086614024686,
      "MTEB RuBQRetrieval (default) - Retrieval - nauc_recall_at_5_max": 32.607378848166675,
      "MTEB RuBQRetrieval (default) - Retrieval - nauc_recall_at_5_std": -7.730984752196379,
      "MTEB RuBQRetrieval (default) - Retrieval - ndcg_at_1": 55.969,
      "MTEB RuBQRetrieval (default) - Retrieval - ndcg_at_10": 66.77499999999999,
      "MTEB RuBQRetrieval (default) - Retrieval - ndcg_at_100": 70.324,
      "MTEB RuBQRetrieval (default) - Retrieval - ndcg_at_1000": 70.95700000000001,
      "MTEB RuBQRetrieval (default) - Retrieval - ndcg_at_20": 68.613,
      "MTEB RuBQRetrieval (default) - Retrieval - ndcg_at_3": 59.256,
      "MTEB RuBQRetrieval (default) - Retrieval - ndcg_at_5": 63.223,
      "MTEB RuBQRetrieval (default) - Retrieval - precision_at_1": 55.969,
      "MTEB RuBQRetrieval (default) - Retrieval - precision_at_10": 13.297999999999998,
      "MTEB RuBQRetrieval (default) - Retrieval - precision_at_100": 1.585,
      "MTEB RuBQRetrieval (default) - Retrieval - precision_at_1000": 0.167,
      "MTEB RuBQRetrieval (default) - Retrieval - precision_at_20": 7.222,
      "MTEB RuBQRetrieval (default) - Retrieval - precision_at_3": 32.467,
      "MTEB RuBQRetrieval (default) - Retrieval - precision_at_5": 23.073,
      "MTEB RuBQRetrieval (default) - Retrieval - recall_at_1": 38.964,
      "MTEB RuBQRetrieval (default) - Retrieval - recall_at_10": 81.248,
      "MTEB RuBQRetrieval (default) - Retrieval - recall_at_100": 95.124,
      "MTEB RuBQRetrieval (default) - Retrieval - recall_at_1000": 99.30600000000001,
      "MTEB RuBQRetrieval (default) - Retrieval - recall_at_20": 87.35199999999999,
      "MTEB RuBQRetrieval (default) - Retrieval - recall_at_3": 62.785000000000004,
      "MTEB RuBQRetrieval (default) - Retrieval - recall_at_5": 71.986,
      "MTEB RuReviewsClassification (default) - Classification - accuracy": 67.958984375,
      "MTEB RuReviewsClassification (default) - Classification - f1": 67.250877785427,
      "MTEB RuReviewsClassification (default) - Classification - f1_weighted": 67.25215701797296,
      "MTEB RuReviewsClassification (default) - Classification - main_score": 67.958984375,
      "MTEB RuSTSBenchmarkSTS (default) - STS - cosine_pearson": 79.11336124619963,
      "MTEB RuSTSBenchmarkSTS (default) - STS - cosine_spearman": 78.69157477180703,
      "MTEB RuSTSBenchmarkSTS (default) - STS - euclidean_pearson": 77.84066073571212,
      "MTEB RuSTSBenchmarkSTS (default) - STS - euclidean_spearman": 78.69157477180703,
      "MTEB RuSTSBenchmarkSTS (default) - STS - main_score": 78.69157477180703,
      "MTEB RuSTSBenchmarkSTS (default) - STS - manhattan_pearson": 77.79213012957939,
      "MTEB RuSTSBenchmarkSTS (default) - STS - manhattan_spearman": 78.61384378877501,
      "MTEB RuSTSBenchmarkSTS (default) - STS - pearson": 79.11336124619963,
      "MTEB RuSTSBenchmarkSTS (default) - STS - spearman": 78.69157477180703,
      "MTEB RuSciBenchGRNTIClassification (default) - Classification - accuracy": 59.326171875,
      "MTEB RuSciBenchGRNTIClassification (default) - Classification - f1": 58.01171745357119,
      "MTEB RuSciBenchGRNTIClassification (default) - Classification - f1_weighted": 58.02106511480968,
      "MTEB RuSciBenchGRNTIClassification (default) - Classification - main_score": 59.326171875,
      "MTEB RuSciBenchGRNTIClusteringP2P (default) - Clustering - main_score": 55.46570753380975,
      "MTEB RuSciBenchGRNTIClusteringP2P (default) - Clustering - v_measure": 55.46570753380975,
      "MTEB RuSciBenchGRNTIClusteringP2P (default) - Clustering - v_measure_std": 0.9813885872798612,
      "MTEB RuSciBenchOECDClassification (default) - Classification - accuracy": 46.328125,
      "MTEB RuSciBenchOECDClassification (default) - Classification - f1": 44.19158709013339,
      "MTEB RuSciBenchOECDClassification (default) - Classification - f1_weighted": 44.190957945676026,
      "MTEB RuSciBenchOECDClassification (default) - Classification - main_score": 46.328125,
      "MTEB RuSciBenchOECDClusteringP2P (default) - Clustering - main_score": 47.28635342613908,
      "MTEB RuSciBenchOECDClusteringP2P (default) - Clustering - v_measure": 47.28635342613908,
      "MTEB RuSciBenchOECDClusteringP2P (default) - Clustering - v_measure_std": 0.7431017612993989,
      "MTEB STS22 (ru) - STS - cosine_pearson": 63.10139371129796,
      "MTEB STS22 (ru) - STS - cosine_spearman": 67.06445400504978,
      "MTEB STS22 (ru) - STS - euclidean_pearson": 62.74563386470613,
      "MTEB STS22 (ru) - STS - euclidean_spearman": 67.06445400504978,
      "MTEB STS22 (ru) - STS - main_score": 67.06445400504978,
      "MTEB STS22 (ru) - STS - manhattan_pearson": 62.540465664732395,
      "MTEB STS22 (ru) - STS - manhattan_spearman": 66.65899492022648,
      "MTEB STS22 (ru) - STS - pearson": 63.10139371129796,
      "MTEB STS22 (ru) - STS - spearman": 67.06445400504978,
      "MTEB SensitiveTopicsClassification (default) - MultilabelClassification - accuracy": 33.0712890625,
      "MTEB SensitiveTopicsClassification (default) - MultilabelClassification - f1": 38.063573562290024,
      "MTEB SensitiveTopicsClassification (default) - MultilabelClassification - lrap": 49.586995442707696,
      "MTEB SensitiveTopicsClassification (default) - MultilabelClassification - main_score": 33.0712890625,
      "MTEB TERRa (default) - PairClassification - cosine_accuracy": 61.563517915309454,
      "MTEB TERRa (default) - PairClassification - cosine_accuracy_threshold": 75.3734290599823,
      "MTEB TERRa (default) - PairClassification - cosine_ap": 60.78861909325018,
      "MTEB TERRa (default) - PairClassification - cosine_f1": 67.25663716814158,
      "MTEB TERRa (default) - PairClassification - cosine_f1_threshold": 54.05237674713135,
      "MTEB TERRa (default) - PairClassification - cosine_precision": 50.836120401337794,
      "MTEB TERRa (default) - PairClassification - cosine_recall": 99.34640522875817,
      "MTEB TERRa (default) - PairClassification - dot_accuracy": 61.563517915309454,
      "MTEB TERRa (default) - PairClassification - dot_accuracy_threshold": 75.37343502044678,
      "MTEB TERRa (default) - PairClassification - dot_ap": 60.78861909325018,
      "MTEB TERRa (default) - PairClassification - dot_f1": 67.25663716814158,
      "MTEB TERRa (default) - PairClassification - dot_f1_threshold": 54.05237674713135,
      "MTEB TERRa (default) - PairClassification - dot_precision": 50.836120401337794,
      "MTEB TERRa (default) - PairClassification - dot_recall": 99.34640522875817,
      "MTEB TERRa (default) - PairClassification - euclidean_accuracy": 61.563517915309454,
      "MTEB TERRa (default) - PairClassification - euclidean_accuracy_threshold": 70.18057107925415,
      "MTEB TERRa (default) - PairClassification - euclidean_ap": 60.78861909325018,
      "MTEB TERRa (default) - PairClassification - euclidean_f1": 67.25663716814158,
      "MTEB TERRa (default) - PairClassification - euclidean_f1_threshold": 95.86195945739746,
      "MTEB TERRa (default) - PairClassification - euclidean_precision": 50.836120401337794,
      "MTEB TERRa (default) - PairClassification - euclidean_recall": 99.34640522875817,
      "MTEB TERRa (default) - PairClassification - main_score": 60.78861909325018,
      "MTEB TERRa (default) - PairClassification - manhattan_accuracy": 60.91205211726385,
      "MTEB TERRa (default) - PairClassification - manhattan_accuracy_threshold": 1813.1645202636719,
      "MTEB TERRa (default) - PairClassification - manhattan_ap": 60.478709337038936,
      "MTEB TERRa (default) - PairClassification - manhattan_f1": 67.10816777041943,
      "MTEB TERRa (default) - PairClassification - manhattan_f1_threshold": 2475.027275085449,
      "MTEB TERRa (default) - PairClassification - manhattan_precision": 50.66666666666667,
      "MTEB TERRa (default) - PairClassification - manhattan_recall": 99.34640522875817,
      "MTEB TERRa (default) - PairClassification - max_ap": 60.78861909325018,
      "MTEB TERRa (default) - PairClassification - max_f1": 67.25663716814158,
      "MTEB TERRa (default) - PairClassification - max_precision": 50.836120401337794,
      "MTEB TERRa (default) - PairClassification - max_recall": 99.34640522875817,
      "MTEB TERRa (default) - PairClassification - similarity_accuracy": 61.563517915309454,
      "MTEB TERRa (default) - PairClassification - similarity_accuracy_threshold": 75.3734290599823,
      "MTEB TERRa (default) - PairClassification - similarity_ap": 60.78861909325018,
      "MTEB TERRa (default) - PairClassification - similarity_f1": 67.25663716814158,
      "MTEB TERRa (default) - PairClassification - similarity_f1_threshold": 54.05237674713135,
      "MTEB TERRa (default) - PairClassification - similarity_precision": 50.836120401337794,
      "MTEB TERRa (default) - PairClassification - similarity_recall": 99.34640522875817
    },
    "Source": "Not provided"
  },
  "Intended_Use": {
    "Task": [
      "Text Embedding",
      "Information Retrieval",
      "Text Classification"
    ]
  },
  "Bias_Risks_and_Limitations": {
    "Limitations": "The model is designed to process texts in Russian, the quality in English is unknown. Maximum input text length is limited to 512 tokens."
  },
  "License": "MIT"
}