{
  "Model_Description": {
    "Name": "ai-forever/ruBert-base",
    "Description": "A pretrained Transformer language model for Russian, developed by the SberDevices team, with its architecture, pretraining, and evaluation detailed in an associated preprint."
  },
  "Model_Sources": {
    "Repository": "https://huggingface.co/ai-forever/ruBert-base",
    "Paper": "https://arxiv.org/abs/2309.10931",
    "Demo": "Not provided"
  },
  "Citation": "@misc{zmitrovich2023family,\n      title={A Family of Pretrained Transformer Language Models for Russian}, \n      author={Dmitry Zmitrovich and Alexander Abramov and Andrey Kalmykov and Maria Tikhonova and Ekaterina Taktasheva and Danil Astafurov and Mark Baushenko and Artem Snegirev and Tatiana Shavrina and Sergey Markov and Vladislav Mikhailov and Alena Fenogenova},\n      year={2023},\n      eprint={2309.10931},\n      archivePrefix={arXiv},\n      primaryClass={cs.CL}\n}",
  "Contact": {
    "Author": "Dmitry Zmitrovich",
    "Email": "Not provided",
    "Community": [
      "https://t.me/nlpcoreteam"
    ]
  },
  "Technical_Requirements": {
    "Software": "Not provided",
    "Hardware": {
      "CPU": "Not provided",
      "GPU": "Not provided",
      "RAM": "Not provided",
      "Storage": "Not provided"
    }
  },
  "Access_and_Distribution": {
    "Download_Link": "Not provided",
    "Model_Variants": []
  },
  "Dataset": {
    "Name": "Not provided",
    "Sources": "Not provided",
    "Description": "Not provided"
  },
  "Model_Architecture": {
    "Architecture_Type": "Encoder-only Transformer",
    "Base_Architecture": "BERT",
    "Number_Parameters": "178M",
    "Parameters": {
      "vocabulary_size": 120138
    },
    "Input_Type": "Text",
    "Output_Type": "Text"
  },
  "Training_Details": {
    "Training_Data": "Not provided",
    "Preprocessing": "Not provided",
    "Hyperparameters": "Not provided"
  },
  "Evaluation": {
    "Evaluation_Data": "Not provided",
    "Performance_Metrics": "Not provided",
    "Source": "https://arxiv.org/abs/2309.10931"
  },
  "Intended_Use": {
    "Task": [
      "mask filling"
    ]
  },
  "Bias_Risks_and_Limitations": {
    "Limitations": "Not provided"
  },
  "License": "Apache-2.0"
}