{
  "Model_Description": {
    "Name": "castorini/monot5-base-msmarco",
    "Description": "This model is a T5-base reranker fine-tuned on the MS MARCO passage dataset for 100k steps (or 10 epochs)."
  },
  "Model_Sources": {
    "Repository": "https://huggingface.co/castorini/monot5-base-msmarco",
    "Paper": "https://www.aclweb.org/anthology/2020.findings-emnlp.63/",
    "Demo": "Not provided"
  },
  "Citation": "Not provided",
  "Contact": {
    "Author": "Not provided",
    "Email": "Not provided",
    "Community": "Not provided"
  },
  "Technical_Requirements": {
    "Software": "Not provided",
    "Hardware": {
      "CPU": "Not provided",
      "GPU": "Not provided",
      "RAM": "Not provided",
      "Storage": "Not provided"
    }
  },
  "Access_and_Distribution": {
    "Download_Link": "Not provided",
    "Model_Variants": [
      {
        "Name": "castorini/monot5-base-msmarco-10k",
        "Link": "Not provided",
        "Type": "Not provided",
        "Size": "Not provided",
        "Notes": "For better zero-shot performance (i.e., inference on other datasets)"
      }
    ]
  },
  "Dataset": {
    "Name": "MS MARCO passage dataset",
    "Sources": "Not provided",
    "Description": "Not provided"
  },
  "Model_Architecture": {
    "Architecture_Type": "Not provided",
    "Base_Architecture": "T5-base",
    "Number_Parameters": "Not provided",
    "Parameters": "Not provided",
    "Input_Type": "Not provided",
    "Output_Type": "Not provided"
  },
  "Training_Details": {
    "Training_Data": "MS MARCO passage dataset",
    "Preprocessing": "Not provided",
    "Hyperparameters": {
      "steps": "100k",
      "epochs": "10"
    }
  },
  "Evaluation": {
    "Evaluation_Data": "Not provided",
    "Performance_Metrics": "Not provided",
    "Source": "Not provided"
  },
  "Intended_Use": {
    "Task": [
      "reranker",
      "Document Ranking"
    ]
  },
  "Bias_Risks_and_Limitations": {
    "Limitations": "Not provided"
  },
  "License": "Not provided"
}