{
  "Model_Description": {
    "Name": "castorini/wiki-all-8-4-multi-dpr2-query-encoder",
    "Description": "This model is the query encoder portion of a 2nd iteration Dense Passage Retriever (DPR) model for the wiki-all-8-4 corpus variant. It was trained on an amalgamation of NQ, TriviaQA, WQ, and CuratedTREC datasets."
  },
  "Model_Sources": {
    "Repository": "https://github.com/texttron/tevatron",
    "Paper": "https://www.aclweb.org/anthology/2020.emnlp-main.550/",
    "Demo": "Not provided"
  },
  "Citation": [
    "Vladimir Karpukhin, Barlas Oğuz, Sewon Min, Patrick Lewis, Ledell Wu, Sergey Edunov, Danqi Chen, Wen-tau Yih. [Dense Passage Retrieval for Open-Domain Question Answering](https://www.aclweb.org/anthology/2020.emnlp-main.550/). _Proceedings of the 2020 Conference on Empirical Methods in Natural Language Processing (EMNLP)_, pages 6769-6781, 2020.",
    "Pre-Processing Matters! Improved Wikipedia Corpora for Open-Domain Question Answering."
  ],
  "Contact": {
    "Author": "Not provided",
    "Email": "Not provided",
    "Community": "Not provided"
  },
  "Technical_Requirements": {
    "Software": "Not provided",
    "Hardware": {
      "CPU": "Not provided",
      "GPU": "Not provided",
      "RAM": "Not provided",
      "Storage": "Not provided"
    }
  },
  "Access_and_Distribution": {
    "Download_Link": "Not provided",
    "Model_Variants": []
  },
  "Dataset": {
    "Name": [
      "wiki-all-8-4 corpus variant",
      "NQ",
      "TriviaQA",
      "WQ",
      "CuratedTREC"
    ],
    "Sources": "Not provided",
    "Description": "Not provided"
  },
  "Model_Architecture": {
    "Architecture_Type": "Dense Passage Retriever (DPR) Query Encoder",
    "Base_Architecture": "Not provided",
    "Number_Parameters": "Not provided",
    "Parameters": "Not provided",
    "Input_Type": "Text",
    "Output_Type": "Vector Embedding"
  },
  "Training_Details": {
    "Training_Data": [
      "wiki-all-8-4 corpus variant",
      "NQ",
      "TriviaQA",
      "WQ",
      "CuratedTREC"
    ],
    "Preprocessing": "Preprocessing applied to Wikipedia corpus variants.",
    "Hyperparameters": "Not provided"
  },
  "Evaluation": {
    "Evaluation_Data": "Not provided",
    "Performance_Metrics": "Not provided",
    "Source": "Not provided"
  },
  "Intended_Use": {
    "Task": [
      "Open-Domain Question Answering",
      "Dense Passage Retrieval"
    ]
  },
  "Bias_Risks_and_Limitations": {
    "Limitations": "Not provided"
  },
  "License": "Not provided"
}