{
  "Model_Description": {
    "Name": "allenai/biomed_roberta_base",
    "Description": "BioMed-RoBERTa-base is a language model based on the RoBERTa-base architecture. It is adapted to 2.68 million scientific papers from the Semantic Scholar corpus via continued pretraining, using the full text of papers."
  },
  "Model_Sources": {
    "Repository": "https://huggingface.co/allenai/biomed_roberta_base",
    "Paper": "Not provided",
    "Demo": "Not provided"
  },
  "Citation": "@inproceedings{domains,\n author = {Suchin Gururangan and Ana Marasović and Swabha Swayamdipta and Kyle Lo and Iz Beltagy and Doug Downey and Noah A. Smith},\n title = {Don't Stop Pretraining: Adapt Language Models to Domains and Tasks},\n year = {2020},\n booktitle = {Proceedings of ACL},\n}",
  "Contact": {
    "Author": [
      "Suchin Gururangan",
      "Ana Marasović",
      "Swabha Swayamdipta",
      "Kyle Lo",
      "Iz Beltagy",
      "Doug Downey",
      "Noah A. Smith"
    ],
    "Email": "Not provided",
    "Community": "Not provided"
  },
  "Technical_Requirements": {
    "Software": "Not provided",
    "Hardware": {
      "CPU": "Not provided",
      "GPU": "Not provided",
      "RAM": "Not provided",
      "Storage": "Not provided"
    }
  },
  "Access_and_Distribution": {
    "Download_Link": "Not provided",
    "Model_Variants": []
  },
  "Dataset": {
    "Name": [
      "Semantic Scholar corpus",
      "RCT-180K",
      "ChemProt",
      "JNLPBA",
      "BC5CDR",
      "NCBI-Disease"
    ],
    "Sources": [
      "https://www.semanticscholar.org"
    ],
    "Description": "The Semantic Scholar corpus consists of 2.68 million scientific papers, amounting to 7.55B tokens and 47GB of data, used for continued pretraining."
  },
  "Model_Architecture": {
    "Architecture_Type": "Encoder-only Transformer",
    "Base_Architecture": "RoBERTa-base",
    "Number_Parameters": "Not provided",
    "Parameters": "Not provided",
    "Input_Type": "Text",
    "Output_Type": "Text"
  },
  "Training_Details": {
    "Training_Data": "Semantic Scholar corpus",
    "Preprocessing": "Full text of papers used in training, not just abstracts.",
    "Hyperparameters": "Not provided"
  },
  "Evaluation": {
    "Evaluation_Data": [
      "RCT-180K",
      "ChemProt",
      "JNLPBA",
      "BC5CDR",
      "NCBI-Disease"
    ],
    "Performance_Metrics": {
      "RCT-180K - Text Classification": 86.9,
      "ChemProt - Relation Extraction": 83.0,
      "JNLPBA - NER": 75.2,
      "BC5CDR - NER": 87.8,
      "NCBI-Disease - NER": 87.1
    },
    "Source": "Not provided"
  },
  "Intended_Use": {
    "Task": [
      "Text Classification",
      "Relation Extraction",
      "Named Entity Recognition"
    ]
  },
  "Bias_Risks_and_Limitations": {
    "Limitations": "Not provided"
  },
  "License": "Not provided"
}