{
  "Model_Description": {
    "Name": "longformer-base-4096",
    "Description": "Longformer is a transformer model for long documents. This specific model, `longformer-base-4096`, is a BERT-like model based on a RoBERTa checkpoint, pretrained for Masked Language Modeling (MLM) on long documents, supporting sequences up to 4,096 tokens."
  },
  "Model_Sources": {
    "Repository": "Not provided",
    "Paper": "https://arxiv.org/abs/2004.05150",
    "Demo": "Not provided"
  },
  "Citation": "@article{Beltagy2020Longformer,\n  title={Longformer: The Long-Document Transformer},\n  author={Iz Beltagy and Matthew E. Peters and Arman Cohan},\n  journal={arXiv:2004.05150},\n  year={2020},\n}",
  "Contact": {
    "Author": [
      "Iz Beltagy",
      "Matthew E. Peters",
      "Arman Cohan"
    ],
    "Email": "Not provided",
    "Community": "Not provided"
  },
  "Technical_Requirements": {
    "Software": "Not provided",
    "Hardware": {
      "CPU": "Not provided",
      "GPU": "Not provided",
      "RAM": "Not provided",
      "Storage": "Not provided"
    }
  },
  "Access_and_Distribution": {
    "Download_Link": "Not provided",
    "Model_Variants": []
  },
  "Dataset": {
    "Name": "Not provided",
    "Sources": "Not provided",
    "Description": "Not provided"
  },
  "Model_Architecture": {
    "Architecture_Type": "Transformer",
    "Base_Architecture": "RoBERTa",
    "Number_Parameters": "Not provided",
    "Parameters": {
      "context_length": 4096,
      "attention_mechanism": [
        "sliding window (local) attention",
        "global attention"
      ]
    },
    "Input_Type": "Text",
    "Output_Type": "Text"
  },
  "Training_Details": {
    "Training_Data": "Not provided",
    "Preprocessing": "Not provided",
    "Hyperparameters": "Not provided"
  },
  "Evaluation": {
    "Evaluation_Data": "Not provided",
    "Performance_Metrics": "Not provided",
    "Source": "Not provided"
  },
  "Intended_Use": {
    "Task": [
      "Masked Language Modeling",
      "Long Document Processing"
    ]
  },
  "Bias_Risks_and_Limitations": {
    "Limitations": "Not provided"
  },
  "License": "Apache-2.0"
}