{
  "Model_Description": {
    "Name": "allenai/Molmo-7B-O-0924",
    "Description": "Molmo is a family of open vision-language models developed by the Allen Institute for AI. Molmo 7B-O is based on OLMo-7B-1024 and uses OpenAI CLIP as a vision backbone, performing state-of-the-art among multimodal models of similar size while being fully open-source."
  },
  "Model_Sources": {
    "Repository": "https://huggingface.co/allenai/Molmo-7B-O-0924",
    "Paper": "https://molmo.allenai.org/paper.pdf",
    "Demo": "https://molmo.allenai.org/"
  },
  "Citation": "Not provided",
  "Contact": {
    "Author": "Allen Institute for AI",
    "Email": "Not provided",
    "Community": [
      "https://docs.google.com/forms/d/e/1FAIpQLSdML1MhNNBDsCHpgWG65Oydg2SjZzVasyqlP08nBrWjZp_c7A/viewform"
    ]
  },
  "Technical_Requirements": {
    "Software": [
      "einops",
      "torchvision",
      "transformers",
      "PIL",
      "requests",
      "torch"
    ],
    "Hardware": {
      "CPU": "Not provided",
      "GPU": "Not provided",
      "RAM": "Not provided",
      "Storage": "Not provided"
    }
  },
  "Access_and_Distribution": {
    "Download_Link": "https://huggingface.co/allenai/Molmo-7B-O-0924",
    "Model_Variants": []
  },
  "Dataset": {
    "Name": [
      "PixMo",
      "AI2D test",
      "ChartQA test",
      "VQA v2.0 test",
      "DocQA test",
      "InfographicVQA test",
      "TextVQA val",
      "RealWorldQA",
      "MMMU val",
      "MathVista testmini",
      "CountBenchQA",
      "Flickr Count"
    ],
    "Sources": "Not provided",
    "Description": "PixMo is a dataset of 1 million, highly-curated image-text pairs. The other datasets are academic benchmarks used for evaluation."
  },
  "Model_Architecture": {
    "Architecture_Type": "Vision-Language Model (CausalLM with Vision Encoder)",
    "Base_Architecture": [
      "OLMo-7B-1024",
      "OpenAI CLIP"
    ],
    "Number_Parameters": "7B",
    "Parameters": "Not provided",
    "Input_Type": "Image-Text",
    "Output_Type": "Text"
  },
  "Training_Details": {
    "Training_Data": "PixMo",
    "Preprocessing": "Image conversion to RGB format; handling transparent images by adding a white or dark background.",
    "Hyperparameters": "Not provided"
  },
  "Evaluation": {
    "Evaluation_Data": [
      "AI2D test",
      "ChartQA test",
      "VQA v2.0 test",
      "DocQA test",
      "InfographicVQA test",
      "TextVQA val",
      "RealWorldQA",
      "MMMU val",
      "MathVista testmini",
      "CountBenchQA",
      "Flickr Count"
    ],
    "Performance_Metrics": {
      "Average Score on 11 Academic Benchmarks": 74.6,
      "Human Preference Elo Rating": 1051
    },
    "Source": "Not provided"
  },
  "Intended_Use": {
    "Task": [
      "Image-to-text generation"
    ]
  },
  "Bias_Risks_and_Limitations": {
    "Limitations": "The model might struggle with transparent images. This checkpoint is a preview release, and using bfloat16 weights can sometimes change the output compared to float32."
  },
  "License": "Apache-2.0"
}