{
  "Model_Description": {
    "Name": "allenai/OLMoE-1B-7B-0125",
    "Description": "OLMoE-1B-7B is a Mixture-of-Experts LLM with 1B active and 7B total parameters released in January 2025 (0125) that is 100% open-source. It is an improved version of OLMoE-09-24."
  },
  "Model_Sources": {
    "Repository": "https://github.com/allenai/OLMoE",
    "Paper": "https://arxiv.org/abs/2409.02060",
    "Demo": "Not provided"
  },
  "Citation": "@misc{muennighoff2024olmoeopenmixtureofexpertslanguage,\n      title={OLMoE: Open Mixture-of-Experts Language Models}, \n      author={Niklas Muennighoff and Luca Soldaini and Dirk Groeneveld and Kyle Lo and Jacob Morrison and Sewon Min and Weijia Shi and Pete Walsh and Oyvind Tafjord and Nathan Lambert and Yuling Gu and Shane Arora and Akshita Bhagia and Dustin Schwenk and David Wadden and Alexander Wettig and Binyuan Hui and Tim Dettmers and Douwe Kiela and Ali Farhadi and Noah A. Smith and Pang Wei Koh and Amanpreet Singh and Hannaneh Hajishirzi},\n      year={2024},\n      eprint={2409.02060},\n      archivePrefix={arXiv},\n      primaryClass={cs.CL},\n      url={https://arxiv.org/abs/2409.02060}, \n}",
  "Contact": {
    "Author": [
      "Niklas Muennighoff",
      "Luca Soldaini",
      "Dirk Groeneveld",
      "Kyle Lo",
      "Jacob Morrison",
      "Sewon Min",
      "Weijia Shi",
      "Pete Walsh",
      "Oyvind Tafjord",
      "Nathan Lambert",
      "Yuling Gu",
      "Shane Arora",
      "Akshita Bhagia",
      "Dustin Schwenk",
      "David Wadden",
      "Alexander Wettig",
      "Binyuan Hui",
      "Tim Dettmers",
      "Douwe Kiela",
      "Ali Farhadi",
      "Noah A. Smith",
      "Pang Wei Koh",
      "Amanpreet Singh",
      "Hannaneh Hajishirzi"
    ],
    "Email": "Not provided",
    "Community": "Not provided"
  },
  "Technical_Requirements": {
    "Software": [
      "transformers >= 4.45.0",
      "torch"
    ],
    "Hardware": {
      "CPU": "Not provided",
      "GPU": "Not provided",
      "RAM": "Not provided",
      "Storage": "Not provided"
    }
  },
  "Access_and_Distribution": {
    "Download_Link": "https://huggingface.co/allenai/OLMoE-1B-7B-0125",
    "Model_Variants": [
      {
        "Name": "OLMoE-1B-7B-0125-SFT",
        "Link": "https://huggingface.co/allenai/OLMoE-1B-7B-0125-SFT",
        "Type": "Not provided",
        "Size": "Not provided",
        "Notes": "SFT (Supervised Fine-Tuning) Checkpoints"
      },
      {
        "Name": "OLMoE-1B-7B-0125-Instruct",
        "Link": "https://huggingface.co/allenai/OLMoE-1B-7B-0125-Instruct",
        "Type": "Not provided",
        "Size": "Not provided",
        "Notes": "DPO/KTO (Direct Preference Optimization/Kahneman-Tversky Optimization) Checkpoints"
      }
    ]
  },
  "Dataset": {
    "Name": [
      "allenai/OLMoE-mix-0924",
      "allenai/dolmino-mix-1124",
      "allenai/tulu-v3.1-mix-preview-4096-OLMoE",
      "allenai/ultrafeedback_binarized_cleaned"
    ],
    "Sources": [
      "https://huggingface.co/datasets/allenai/OLMoE-mix-0924",
      "https://huggingface.co/datasets/allenai/dolmino-mix-1124",
      "https://hf.co/datasets/allenai/tulu-v3.1-mix-preview-4096-OLMoE",
      "https://hf.co/datasets/allenai/ultrafeedback_binarized_cleaned"
    ],
    "Description": "Not provided"
  },
  "Model_Architecture": {
    "Architecture_Type": "Mixture-of-Experts Transformer",
    "Base_Architecture": "OLMoE",
    "Number_Parameters": "7B",
    "Parameters": "Not provided",
    "Input_Type": "Text",
    "Output_Type": "Text"
  },
  "Training_Details": {
    "Training_Data": [
      "allenai/OLMoE-mix-0924",
      "allenai/dolmino-mix-1124",
      "allenai/tulu-v3.1-mix-preview-4096-OLMoE",
      "allenai/ultrafeedback_binarized_cleaned"
    ],
    "Preprocessing": "Not provided",
    "Hyperparameters": "Not provided"
  },
  "Evaluation": {
    "Evaluation_Data": [
      "MMLU",
      "HellaSwag",
      "ARC-Chall.",
      "ARC-Easy",
      "PIQA",
      "WinoGrande"
    ],
    "Performance_Metrics": {
      "MMLU": 56.3,
      "HellaSwag": 81.7,
      "ARC-Chall.": 67.5,
      "ARC-Easy": 84.4,
      "PIQA": 78.7,
      "WinoGrande": 70.6
    },
    "Source": "Not provided"
  },
  "Intended_Use": {
    "Task": [
      "Text Generation"
    ]
  },
  "Bias_Risks_and_Limitations": {
    "Limitations": "Not provided"
  },
  "License": "Apache-2.0"
}