{
  "Model_Description": {
    "Name": "allenai/OLMo-2-0425-1B",
    "Description": "OLMo 2 1B is the smallest model in the OLMo 2 family, a series of Open Language Models designed to enable the science of language models."
  },
  "Model_Sources": {
    "Repository": "https://github.com/allenai/OLMo",
    "Paper": "https://arxiv.org/abs/2501.00656",
    "Demo": "Not provided"
  },
  "Citation": "@misc{olmo20242olmo2furious,\n      title={{2 OLMo 2 Furious}},\n      author={Team OLMo and Pete Walsh and Luca Soldaini and Dirk Groeneveld and Kyle Lo and Shane Arora and Akshita Bhagia and Yuling Gu and Shengyi Huang and Matt Jordan and Nathan Lambert and Dustin Schwenk and Oyvind Tafjord and Taira Anderson and David Atkinson and Faeze Brahman and Christopher Clark and Pradeep Dasigi and Nouha Dziri and Michal Guerquin and Hamish Ivison and Pang Wei Koh and Jiacheng Liu and Saumya Malik and William Merrill and Lester James V. Miranda and Jacob Morrison and Tyler Murray and Crystal Nam and Valentina Pyatkin and Aman Rangapur and Michael Schmitz and Sam Skjonsberg and David Wadden and Christopher Wilhelm and Michael Wilson and Luke Zettlemoyer and Ali Farhadi and Noah A. Smith and Hannaneh Hajishirzi},\n      year={2024},\n      eprint={2501.00656},\n      archivePrefix={arXiv},\n      primaryClass={cs.CL},\n      url={https://arxiv.org/abs/2501.00656},\n}",
  "Contact": {
    "Author": "Allen Institute for AI (Ai2)",
    "Email": "olmo@allenai.org",
    "Community": "Not provided"
  },
  "Technical_Requirements": {
    "Software": [
      "transformers>=4.48",
      "vLLM (main branch until v0.7.4 is released)",
      "bitsandbytes"
    ],
    "Hardware": {
      "CPU": "Not provided",
      "GPU": "Not provided",
      "RAM": "Not provided",
      "Storage": "Not provided"
    }
  },
  "Access_and_Distribution": {
    "Download_Link": "https://huggingface.co/allenai/OLMo-2-0425-1B",
    "Model_Variants": [
      {
        "Name": "OLMo-2-0425-1B-SFT",
        "Link": "https://huggingface.co/allenai/OLMo-2-0425-1B-SFT",
        "Type": "Not provided",
        "Size": "Not provided",
        "Notes": "Not provided"
      },
      {
        "Name": "OLMo-2-0425-1B-DPO",
        "Link": "https://huggingface.co/allenai/OLMo-2-0425-1B-DPO",
        "Type": "Not provided",
        "Size": "Not provided",
        "Notes": "Not provided"
      },
      {
        "Name": "OLMo-2-0425-1B-Instruct",
        "Link": "https://huggingface.co/allenai/OLMo-2-0425-1B-Instruct",
        "Type": "Not provided",
        "Size": "Not provided",
        "Notes": "Not provided"
      }
    ]
  },
  "Dataset": {
    "Name": [
      "OLMo-mix-1124",
      "Dolmino-Mix-1124",
      "olmo-2-0425-1b-preference-mix"
    ],
    "Sources": [
      "https://huggingface.co/datasets/allenai/olmo-mix-1124",
      "https://huggingface.co/datasets/allenai/dolmino-mix-1124",
      "https://huggingface.co/datasets/allenai/olmo-2-0425-1b-preference-mix"
    ],
    "Description": "OLMo-mix-1124 was used for initial pretraining. Dolmino-Mix-1124, used for mid-training, consists of 50% high-quality web data + academic/Q&A/instruction/math content. A preference mix dataset was used for post-training."
  },
  "Model_Architecture": {
    "Architecture_Type": "Transformer style autoregressive language model",
    "Base_Architecture": "OLMo 2",
    "Number_Parameters": "1B",
    "Parameters": {
      "Layers": 16,
      "Hidden Size": 2048,
      "Attention Heads": 16,
      "Context Length": 4096
    },
    "Input_Type": "Text",
    "Output_Type": "Text"
  },
  "Training_Details": {
    "Training_Data": [
      "OLMo-mix-1124",
      "Dolmino-Mix-1124",
      "preference mix"
    ],
    "Preprocessing": "Not provided",
    "Hyperparameters": {
      "Pretraining Stage 1 Training Tokens": "4 trillion",
      "Pretraining Stage 1 Epochs": "1"
    }
  },
  "Evaluation": {
    "Evaluation_Data": [
      "AE2",
      "BBH",
      "DROP",
      "GSM8K",
      "IFE",
      "MATH",
      "MMLU",
      "Safety",
      "PQA",
      "TQA"
    ],
    "Performance_Metrics": {
      "Avg": 42.7,
      "FLOP×10²³": 0.35,
      "AE2": 9.1,
      "BBH": 35.0,
      "DROP": 34.6,
      "GSM8K": 68.3,
      "IFE": 70.1,
      "MATH": 20.7,
      "MMLU": 40.0,
      "Safety": 87.6,
      "PQA": 12.9,
      "TQA": 48.7
    },
    "Source": "Not provided"
  },
  "Intended_Use": {
    "Task": [
      "Language modeling"
    ]
  },
  "Bias_Risks_and_Limitations": {
    "Limitations": "The model can generate harmful and sensitive content, unintentionally or intentionally, due to biases. Statements from the model are often inaccurate and should be verified."
  },
  "License": "Apache-2.0"
}