{
  "Model_Description": {
    "Name": "allenai/OLMo-2-0425-1B-Instruct",
    "Description": "OLMo 2 1B Instruct April 2025 is a post-trained variant of the allenai/OLMo-2-0425-1B-RLVR1 model, which has undergone supervised finetuning, DPO training, and final RLVR training. OLMo is a series of Open Language Models designed to enable the science of language models."
  },
  "Model_Sources": {
    "Repository": "https://github.com/allenai/OLMo-core",
    "Paper": "https://arxiv.org/abs/2501.00656",
    "Demo": "https://playground.allenai.org/"
  },
  "Citation": "@article{olmo20242olmo2furious,\n      title={2 OLMo 2 Furious}, \n      author={Team OLMo and Pete Walsh and Luca Soldaini and Dirk Groeneveld and Kyle Lo and Shane Arora and Akshita Bhagia and Yuling Gu and Shengyi Huang and Matt Jordan and Nathan Lambert and Dustin Schwenk and Oyvind Tafjord and Taira Anderson and David Atkinson and Faeze Brahman and Christopher Clark and Pradeep Dasigi and Nouha Dziri and Michal Guerquin and Hamish Ivison and Pang Wei Koh and Jiacheng Liu and Saumya Malik and William Merrill and Lester James V. Miranda and Jacob Morrison and Tyler Murray and Crystal Nam and Valentina Pyatkin and Aman Rangapur and Michael Schmitz and Sam Skjonsberg and David Wadden and Christopher Wilhelm and Michael Wilson and Luke Zettlemoyer and Ali Farhadi and Noah A. Smith and Hannaneh Hajishirzi},\n      year={2024},\n      eprint={2501.00656},\n      archivePrefix={arXiv},\n      primaryClass={cs.CL},\n      url={https://arxiv.org/abs/2501.00656}, \n}",
  "Contact": {
    "Author": [
      "Team OLMo",
      "Pete Walsh",
      "Luca Soldaini",
      "Dirk Groeneveld",
      "Kyle Lo",
      "Shane Arora",
      "Akshita Bhagia",
      "Yuling Gu",
      "Shengyi Huang",
      "Matt Jordan",
      "Nathan Lambert",
      "Dustin Schwenk",
      "Oyvind Tafjord",
      "Taira Anderson",
      "David Atkinson",
      "Faeze Brahman",
      "Christopher Clark",
      "Pradeep Dasigi",
      "Nouha Dziri",
      "Michal Guerquin",
      "Hamish Ivison",
      "Pang Wei Koh",
      "Jiacheng Liu",
      "Saumya Malik",
      "William Merrill",
      "Lester James V. Miranda",
      "Jacob Morrison",
      "Tyler Murray",
      "Crystal Nam",
      "Valentina Pyatkin",
      "Aman Rangapur",
      "Michael Schmitz",
      "Sam Skjonsberg",
      "David Wadden",
      "Christopher Wilhelm",
      "Michael Wilson",
      "Luke Zettlemoyer",
      "Ali Farhadi",
      "Noah A. Smith",
      "Hannaneh Hajishirzi"
    ],
    "Email": "Not provided",
    "Community": "Not provided"
  },
  "Technical_Requirements": {
    "Software": [
      "transformers>=4.48"
    ],
    "Hardware": {
      "CPU": "Not provided",
      "GPU": "Not provided",
      "RAM": "Not provided",
      "Storage": "Not provided"
    }
  },
  "Access_and_Distribution": {
    "Download_Link": "Not provided",
    "Model_Variants": []
  },
  "Dataset": {
    "Name": [
      "allenai/RLVR-MATH",
      "Tülu 3 dataset",
      "allenai/tulu-3-sft-olmo-2-mixture-0225",
      "allenai/olmo-2-0425-1b-preference-mix",
      "Dolma dataset"
    ],
    "Sources": [
      "https://huggingface.co/datasets/allenai/RLVR-MATH",
      "https://huggingface.co/datasets/allenai/tulu-3-sft-olmo-2-mixture-0225",
      "https://huggingface.co/datasets/allenai/olmo-2-0425-1b-preference-mix"
    ],
    "Description": "Tülu 3 is designed for state-of-the-art performance on a diversity of tasks in addition to chat, such as MATH, GSM8K, and IFEval. Dolma dataset is used for training OLMo models."
  },
  "Model_Architecture": {
    "Architecture_Type": "Not provided",
    "Base_Architecture": "OLMo-2",
    "Number_Parameters": "1B",
    "Parameters": "Not provided",
    "Input_Type": "Text",
    "Output_Type": "Text"
  },
  "Training_Details": {
    "Training_Data": [
      "allenai/RLVR-MATH",
      "Tülu 3 dataset",
      "allenai/tulu-3-sft-olmo-2-mixture-0225",
      "allenai/olmo-2-0425-1b-preference-mix",
      "Dolma dataset"
    ],
    "Preprocessing": "Chat template for models is formatted as: <|user|>\nHow are you doing?\n<|assistant|>\nI'm just a computer program, so I don't have feelings, but I'm functioning as expected. How can I assist you today?<|endoftext|>",
    "Hyperparameters": "Not provided"
  },
  "Evaluation": {
    "Evaluation_Data": [
      "AlpacaEval 2 LC",
      "BBH",
      "DROP",
      "GSM8K",
      "IFEval",
      "MATH",
      "MMLU",
      "Safety",
      "PopQA",
      "TruthQA"
    ],
    "Performance_Metrics": {
      "Average": 42.7,
      "AlpacaEval 2 LC": 9.1,
      "BBH": 35.0,
      "DROP": 34.6,
      "GSM8K": 68.3,
      "IFEval": 70.1,
      "MATH": 20.7,
      "MMLU": 40.0,
      "Safety": 87.6,
      "PopQA": 12.9,
      "TruthQA": 48.7
    },
    "Source": "Not provided"
  },
  "Intended_Use": {
    "Task": [
      "text-generation",
      "chat",
      "MATH"
    ]
  },
  "Bias_Risks_and_Limitations": {
    "Limitations": "The OLMo-2 models have limited safety training and are not deployed automatically with in-the-loop filtering of responses, which can lead to problematic outputs, especially when prompted to do so."
  },
  "License": "Apache-2.0"
}