{
  "Model_Description": {
    "Name": "OLMo 1B July 2024",
    "Description": "OLMo 1B July 2024 is the latest version of the original OLMo 1B model, featuring improved evaluations from an enhanced Dolma dataset and staged training. OLMo is a series of Open Language Models designed to advance the science of language models."
  },
  "Model_Sources": {
    "Repository": "https://github.com/allenai/OLMo",
    "Paper": "https://arxiv.org/abs/2402.00838",
    "Demo": "Not provided"
  },
  "Citation": "@article{Groeneveld2023OLMo,\n  title={OLMo: Accelerating the Science of Language Models},\n  author={Groeneveld, Dirk and Beltagy, Iz and Walsh, Pete and Bhagia, Akshita and Kinney, Rodney and Tafjord, Oyvind and Jha, Ananya Harsh and Ivison, Hamish and Magnusson, Ian and Wang, Yizhong and Arora, Shane and Atkinson, David and Authur, Russell and Chandu, Khyathi and Cohan, Arman and Dumas, Jennifer and Elazar, Yanai and Gu, Yuling and Hessel, Jack and Khot, Tushar and Merrill, William and Morrison, Jacob and Muennighoff, Niklas and Naik, Aakanksha and Nam, Crystal and Peters, Matthew E. and Pyatkin, Valentina and Ravichander, Abhilasha and Schwenk, Dustin and Shah, Saurabh and Smith, Will and Subramani, Nishant and Wortsman, Mitchell and Dasigi, Pradeep and Lambert, Nathan and Richardson, Kyle and Dodge, Jesse and Lo, Kyle and Soldaini, Luca and Smith, Noah A. and Hajishirzi, Hannaneh},\n  journal={Preprint},\n  year={2024}\n}",
  "Contact": {
    "Author": "Allen Institute for AI (AI2)",
    "Email": "olmo at allenai dot org",
    "Community": "Not provided"
  },
  "Technical_Requirements": {
    "Software": [
      "Transformers",
      "bitsandbytes"
    ],
    "Hardware": {
      "CPU": "Not provided",
      "GPU": "Not provided",
      "RAM": "Not provided",
      "Storage": "Not provided"
    }
  },
  "Access_and_Distribution": {
    "Download_Link": "https://huggingface.co/allenai/OLMo-1B-0724-hf",
    "Model_Variants": [
      {
        "Name": "OLMo 7B July 2024",
        "Link": "https://huggingface.co/allenai/OLMo-7B-0724-hf",
        "Type": "Not provided",
        "Size": "Not provided",
        "Notes": "Not provided"
      }
    ]
  },
  "Dataset": {
    "Name": "Dolma",
    "Sources": "https://huggingface.co/datasets/allenai/dolma",
    "Description": "The Dolma dataset is used for training OLMo models. This model uses the new 1.7 version with more data sources, better deduplication, and quality filtering."
  },
  "Model_Architecture": {
    "Architecture_Type": "Decoder-only Transformer",
    "Base_Architecture": "OLMo",
    "Number_Parameters": "1B",
    "Parameters": {
      "Layers": 16,
      "Hidden Size": 2048,
      "Attention Heads": 16,
      "Context Length": 4096
    },
    "Input_Type": "Text",
    "Output_Type": "Text"
  },
  "Training_Details": {
    "Training_Data": "Dolma 1.7",
    "Preprocessing": "Data preprocessing for Dolma 1.7 included more data sources, better deduplication, and quality filtering. A higher-quality subset was used during annealing, involving all available Wikipedia, OpenWebMath, and Flan data, removal of Dolma CC, CC News, and Megawika, and rebalancing of remaining sources.",
    "Hyperparameters": {
      "Peak LR": "4.0E-4",
      "Betas": "(0.9, 0.95)",
      "Epsilon": "1.0E-5",
      "Weight Decay": 0.1
    }
  },
  "Evaluation": {
    "Evaluation_Data": [
      "arc_challenge",
      "arc_easy",
      "boolq",
      "copa",
      "hellaswag",
      "openbookqa",
      "piqa",
      "sciq",
      "winogrande"
    ],
    "Performance_Metrics": {
      "arc_challenge": 36.5,
      "arc_easy": 55.3,
      "boolq": 67.5,
      "copa": 83.0,
      "hellaswag": 66.9,
      "openbookqa": 46.4,
      "piqa": 74.9,
      "sciq": 93.4,
      "winogrande": 61.4,
      "Average": 65.0
    },
    "Source": "https://github.com/allenai/OLMo-Eval"
  },
  "Intended_Use": {
    "Task": [
      "Language modeling",
      "Text generation"
    ]
  },
  "Bias_Risks_and_Limitations": {
    "Limitations": "The model can generate harmful and sensitive content, both intentionally and unintentionally due to bias. Generated facts may often be untrue and require verification."
  },
  "License": "Apache-2.0"
}