{
  "Model_Description": {
    "Name": "allenai/OLMoE-1B-7B-0125-Instruct",
    "Description": "OLMoE-1B-7B-0125-Instruct is a post-trained variant of the OLMoE-1B-7B January 2025 model, designed to enable the science of language models. It has undergone supervised finetuning, DPO training, and RLVR training on various datasets."
  },
  "Model_Sources": {
    "Repository": [
      "https://allenai.org/olmo",
      "https://github.com/allenai/OLMo",
      "https://github.com/allenai/olmes",
      "https://github.com/allenai/open-instruct"
    ],
    "Paper": [
      "https://arxiv.org/abs/2409.02060",
      "https://arxiv.org/abs/2411.15124"
    ],
    "Demo": "https://playground.allenai.org/"
  },
  "Citation": [
    "@misc{muennighoff2024olmoeopenmixtureofexpertslanguage,\n      title={OLMoE: Open Mixture-of-Experts Language Models}, \n      author={Niklas Muennighoff and Luca Soldaini and Dirk Groeneveld and Kyle Lo and Jacob Morrison and Sewon Min and Weijia Shi and Pete Walsh and Oyvind Tafjord and Nathan Lambert and Yuling Gu and Shane Arora and Akshita Bhagia and Dustin Schwenk and David Wadden and Alexander Wettig and Binyuan Hui and Tim Dettmers and Douwe Kiela and Ali Farhadi and Noah A. Smith and Pang Wei Koh and Amanpreet Singh and Hannaneh Hajishirzi},\n      year={2024},\n      eprint={2409.02060},\n      archivePrefix={arXiv},\n      primaryClass={cs.CL},\n      url={https://arxiv.org/abs/2409.02060}, \n}",
    "@article{lambert2024tulu3,\n  title = {Tülu 3: Pushing Frontiers in Open Language Model Post-Training},\n  author = {\n    Nathan Lambert and \n    Jacob Morrison and \n    Valentina Pyatkin and \n    Shengyi Huang and \n    Hamish Ivison and \n    Faeze Brahman and \n    Lester James V. Miranda and \n    Alisa Liu and \n    Nouha Dziri and \n    Shane Lyu and \n    Yuling Gu and \n    Saumya Malik and \n    Victoria Graf and \n    Jena D. Hwang and \n    Jiangjiang Yang and\n    Ronan Le Bras and\n    Oyvind Tafjord and\n    Chris Wilhelm and\n    Luca Soldaini and \n    Noah A. Smith and \n    Yizhong Wang and \n    Pradeep Dasigi and \n    Hannaneh Hajishirzi\n  },\n  year = {2024},\n  email = {tulu@allenai.org}\n}"
  ],
  "Contact": {
    "Author": [
      "Niklas Muennighoff",
      "Luca Soldaini",
      "Dirk Groeneveld",
      "Kyle Lo",
      "Jacob Morrison",
      "Sewon Min",
      "Weijia Shi",
      "Pete Walsh",
      "Oyvind Tafjord",
      "Nathan Lambert",
      "Yuling Gu",
      "Shane Arora",
      "Akshita Bhagia",
      "Dustin Schwenk",
      "David Wadden",
      "Alexander Wettig",
      "Binyuan Hui",
      "Tim Dettmers",
      "Douwe Kiela",
      "Ali Farhadi",
      "Noah A. Smith",
      "Pang Wei Koh",
      "Amanpreet Singh",
      "Hannaneh Hajishirzi",
      "Nathan Lambert",
      "Jacob Morrison",
      "Valentina Pyatkin",
      "Shengyi Huang",
      "Hamish Ivison",
      "Faeze Brahman",
      "Lester James V. Miranda",
      "Alisa Liu",
      "Nouha Dziri",
      "Shane Lyu",
      "Yuling Gu",
      "Saumya Malik",
      "Victoria Graf",
      "Jena D. Hwang",
      "Jiangjiang Yang",
      "Ronan Le Bras",
      "Oyvind Tafjord",
      "Chris Wilhelm",
      "Luca Soldaini",
      "Noah A. Smith",
      "Yizhong Wang",
      "Pradeep Dasigi",
      "Hannaneh Hajishirzi"
    ],
    "Email": "tulu@allenai.org",
    "Community": [
      "https://allenai.org/responsible-use"
    ]
  },
  "Technical_Requirements": {
    "Software": [
      "Python",
      "Transformers (main branch)"
    ],
    "Hardware": {
      "CPU": "Not provided",
      "GPU": "Not provided",
      "RAM": "Not provided",
      "Storage": "Not provided"
    }
  },
  "Access_and_Distribution": {
    "Download_Link": "Not provided",
    "Model_Variants": [
      {
        "Name": "OLMoE-1B-7B-0125",
        "Link": "https://huggingface.co/allenai/OLMoE-1B-7B-0125",
        "Type": "Base Model",
        "Size": "Not provided",
        "Notes": "Not provided"
      },
      {
        "Name": "OLMoE-1B-7B-0125-SFT",
        "Link": "https://huggingface.co/allenai/OLMoE-1B-7B-0125-SFT",
        "Type": "SFT",
        "Size": "Not provided",
        "Notes": "Not provided"
      },
      {
        "Name": "OLMoE-1B-7B-0125-DPO",
        "Link": "https://huggingface.co/allenai/OLMoE-1B-7B-0125-DPO",
        "Type": "DPO",
        "Size": "Not provided",
        "Notes": "Not provided"
      },
      {
        "Name": "OLMoE-1B-7B-0125-Instruct",
        "Link": "https://huggingface.co/allenai/OLMoE-1B-7B-0125-Instruct",
        "Type": "RLVR",
        "Size": "Not provided",
        "Notes": "Not provided"
      },
      {
        "Name": "OLMoE-1B-7B-0125-RM",
        "Link": "https://huggingface.co/allenai/OLMoE-1B-7B-0125-RM",
        "Type": "RM",
        "Size": "Not provided",
        "Notes": "Not provided"
      }
    ]
  },
  "Dataset": {
    "Name": [
      "Tülu 3 dataset",
      "olmo-2-1124-13b-preference-mix",
      "RLVR-GSM",
      "Dolma dataset"
    ],
    "Sources": [
      "allenai/tulu-3-sft-olmo-2-mixture",
      "https://huggingface.co/datasets/allenai/olmo-2-1124-13b-preference-mix",
      "https://huggingface.co/datasets/allenai/RLVR-GSM"
    ],
    "Description": "Tülu 3 is designed for state-of-the-art performance on a diversity of tasks including chat, MATH, GSM8K, and IFEval. The model is also trained on a mix of publicly available, synthetic, and human-created datasets, including the Dolma dataset."
  },
  "Model_Architecture": {
    "Architecture_Type": "Language Model",
    "Base_Architecture": "OLMoE",
    "Number_Parameters": "Not provided",
    "Parameters": "Not provided",
    "Input_Type": "Text",
    "Output_Type": "Text"
  },
  "Training_Details": {
    "Training_Data": [
      "Tülu 3 dataset",
      "olmo-2-1124-13b-preference-mix",
      "RLVR-GSM",
      "Dolma dataset"
    ],
    "Preprocessing": "Supervised finetuning on an OLMo-specific variant of the Tülu 3 dataset, DPO training, and RLVR training. Chat template formatting: `<|endoftext|><|user|>\n...\n<|assistant|>\n...<|endoftext|>`. Default system prompt: `You are OLMo 2, a helpful and harmless AI Assistant built by the Allen Institute for AI.`",
    "Hyperparameters": "Not provided"
  },
  "Evaluation": {
    "Evaluation_Data": [
      "MMLU (CoT)",
      "PopQA",
      "TruthfulQA",
      "BigBenchHard (CoT)",
      "DROP",
      "MATH (Flex)",
      "GSM8K",
      "HumanEval",
      "HumanEval+",
      "IFEval",
      "AlpacaEval",
      "Safety (average)"
    ],
    "Performance_Metrics": {
      "Avg.": 45.62,
      "MMLU (CoT)": 55.08,
      "PopQA": 19.75,
      "TruthfulQA": 50.56,
      "BigBenchHard (CoT)": 38.61,
      "DROP": 47.87,
      "MATH (Flex)": 21.41,
      "GSM8K": 72.4,
      "HumanEval": 62.3,
      "HumanEval+": 54.37,
      "IFEval": 66.36,
      "AlpacaEval": 17.99,
      "Safety (average)": 90.4
    },
    "Source": "https://github.com/allenai/olmes"
  },
  "Intended_Use": {
    "Task": [
      "text-generation",
      "chat",
      "mathematical reasoning"
    ]
  },
  "Bias_Risks_and_Limitations": {
    "Limitations": "The OLMo-2 models have limited safety training and are not deployed with in-the-loop filtering, which can lead to problematic outputs. The model has also been fine-tuned using a dataset mix with outputs generated from third-party models, subject to additional terms."
  },
  "License": "Apache-2.0"
}