{
  "Model_Description": {
    "Name": "allenai/OLMo-1B-hf",
    "Description": "OLMo is a series of Open Language Models designed to enable the science of language models. This model is a 1B parameter version converted for the Hugging Face Transformers format."
  },
  "Model_Sources": {
    "Repository": "https://github.com/allenai/OLMo",
    "Paper": "https://arxiv.org/abs/2402.00838",
    "Demo": "Not provided"
  },
  "Citation": "@article{Groeneveld2023OLMo,\n  title={OLMo: Accelerating the Science of Language Models},\n  author={Groeneveld, Dirk and Beltagy, Iz and Walsh, Pete and Bhagia, Akshita and Kinney, Rodney and Tafjord, Oyvind and Jha, Ananya Harsh and Ivison, Hamish and Magnusson, Ian and Wang, Yizhong and Arora, Shane and Atkinson, David and Authur, Russell and Chandu, Khyathi and Cohan, Arman and Dumas, Jennifer and Elazar, Yanai and Gu, Yuling and Hessel, Jack and Khot, Tushar and Merrill, William and Morrison, Jacob and Muennighoff, Niklas and Naik, Aakanksha and Nam, Crystal and Peters, Matthew E. and Pyatkin, Valentina and Ravichander, Abhilasha and Schwenk, Dustin and Shah, Saurabh and Smith, Will and Strubell, Emma and Subramani, Nishant and Wortsman, Mitchell and Dasigi, Pradeep and Lambert, Nathan and Richardson, Kyle and Zettlemoyer, Luke and Dodge, Jesse and Lo, Kyle and Soldaini, Luca and Smith, Noah A. and Hajishirzi, Hannaneh},\n  journal={Preprint},\n  year={2024}\n}",
  "Contact": {
    "Author": [
      "Groeneveld, Dirk",
      "Beltagy, Iz",
      "Walsh, Pete",
      "Bhagia, Akshita",
      "Kinney, Rodney",
      "Tafjord, Oyvind",
      "Jha, Ananya Harsh",
      "Ivison, Hamish",
      "Magnusson, Ian",
      "Wang, Yizhong",
      "Arora, Shane",
      "Atkinson, David",
      "Authur, Russell",
      "Chandu, Khyathi",
      "Cohan, Arman",
      "Dumas, Jennifer",
      "Elazar, Yanai",
      "Gu, Yuling",
      "Hessel, Jack",
      "Khot, Tushar",
      "Merrill, William",
      "Morrison, Jacob",
      "Muennighoff, Niklas",
      "Naik, Aakanksha",
      "Nam, Crystal",
      "Peters, Matthew E.",
      "Pyatkin, Valentina",
      "Ravichander, Abhilasha",
      "Schwenk, Dustin",
      "Shah, Saurabh",
      "Smith, Will",
      "Strubell, Emma",
      "Subramani, Nishant",
      "Wortsman, Mitchell",
      "Dasigi, Pradeep",
      "Lambert, Nathan",
      "Richardson, Kyle",
      "Zettlemoyer, Luke",
      "Dodge, Jesse",
      "Lo, Kyle",
      "Soldaini, Luca",
      "Smith, Noah A.",
      "Hajishirzi, Hannaneh"
    ],
    "Email": "olmo@allenai.org",
    "Community": [
      "https://allenai.org/olmo",
      "https://blog.allenai.org/olmo-open-language-model-87ccfc95f580",
      "https://wandb.ai/ai2-llm/OLMo-1B/reports/OLMo-1B--Vmlldzo2NzY1Njk1"
    ]
  },
  "Technical_Requirements": {
    "Software": [
      "transformers",
      "torch",
      "bitsandbytes"
    ],
    "Hardware": {
      "CPU": "Not provided",
      "GPU": [
        "MI250X",
        "NVIDIA A100-40GB"
      ],
      "RAM": "Not provided",
      "Storage": "Not provided"
    }
  },
  "Access_and_Distribution": {
    "Download_Link": "https://huggingface.co/allenai/OLMo-1B-hf",
    "Model_Variants": [
      {
        "Name": "OLMo 7B",
        "Link": "https://huggingface.co/allenai/OLMo-7B-hf",
        "Type": "Not provided",
        "Size": "Not provided",
        "Notes": "Not provided"
      },
      {
        "Name": "OLMo 7B Twin 2T",
        "Link": "https://huggingface.co/allenai/OLMo-7B-Twin-2T-hf",
        "Type": "Not provided",
        "Size": "Not provided",
        "Notes": "Not provided"
      }
    ]
  },
  "Dataset": {
    "Name": "Dolma",
    "Sources": "https://huggingface.co/datasets/allenai/dolma",
    "Description": "Not provided"
  },
  "Model_Architecture": {
    "Architecture_Type": "Decoder-only Transformer",
    "Base_Architecture": "OLMo",
    "Number_Parameters": "1B",
    "Parameters": {
      "Layers": 16,
      "Hidden Size": 2048,
      "Attention Heads": 16,
      "Context Length": 2048,
      "MLP ratio": "~8/3",
      "LayerNorm type": "non-parametric LN",
      "pos embeddings": "RoPE",
      "attention variant": "full",
      "biases": "none",
      "block type": "sequential",
      "activation": "SwiGLU"
    },
    "Input_Type": "Text",
    "Output_Type": "Text"
  },
  "Training_Details": {
    "Training_Data": "Dolma",
    "Preprocessing": "Not provided",
    "Hyperparameters": {
      "Peak LR": "4.0E-4",
      "Betas": "(0.9, 0.95)",
      "Epsilon": "1.0E-5",
      "Weight Decay": 0.1,
      "warmup steps": 5000,
      "LR schedule": "linear",
      "gradient clipping": "global 1.0",
      "gradient reduce dtype": "FP32",
      "optimizer state dtype": "FP32"
    }
  },
  "Evaluation": {
    "Evaluation_Data": [
      "arc_challenge",
      "arc_easy",
      "boolq",
      "copa",
      "hellaswag",
      "openbookqa",
      "piqa",
      "sciq",
      "winogrande",
      "Average"
    ],
    "Performance_Metrics": {
      "arc_challenge": 34.45,
      "arc_easy": 58.07,
      "boolq": 60.7,
      "copa": 79.0,
      "hellaswag": 62.5,
      "openbookqa": 46.4,
      "piqa": 73.7,
      "sciq": 88.1,
      "winogrande": 58.9,
      "Average": 62.42
    },
    "Source": "Not provided"
  },
  "Intended_Use": {
    "Task": [
      "Language modeling",
      "text generation"
    ]
  },
  "Bias_Risks_and_Limitations": {
    "Limitations": "The model can generate harmful and sensitive content, both intentionally and unintentionally due to bias. Facts generated by the model may not be true and should be checked."
  },
  "License": "Apache-2.0"
}