{
  "Model_Description": {
    "Name": "OLMo-2-1124-13B-Instruct",
    "Description": "OLMo is a series of Open Language Models designed to enable the science of language models. This specific model, OLMo-2-1124-13B-Instruct, is a post-trained variant that has undergone supervised finetuning, DPO training, and RLVR training."
  },
  "Model_Sources": {
    "Repository": "https://github.com/allenai/OLMo",
    "Paper": "https://arxiv.org/abs/2501.00656",
    "Demo": "https://playground.allenai.org/"
  },
  "Citation": "@article{olmo20242olmo2furious,\n      title={2 OLMo 2 Furious}, \n      author={Team OLMo and Pete Walsh and Luca Soldaini and Dirk Groeneveld and Kyle Lo and Shane Arora and Akshita Bhagia and Yuling Gu and Shengyi Huang and Matt Jordan and Nathan Lambert and Dustin Schwenk and Oyvind Tafjord and Taira Anderson and David Atkinson and Faeze Brahman and Christopher Clark and Pradeep Dasigi and Nouha Dziri and Michal Guerquin and Hamish Ivison and Pang Wei Koh and Jiacheng Liu and Saumya Malik and William Merrill and Lester James V. Miranda and Jacob Morrison and Tyler Murray and Crystal Nam and Valentina Pyatkin and Aman Rangapur and Michael Schmitz and Sam Skjonsberg and David Wadden and Christopher Wilhelm and Michael Wilson and Luke Zettlemoyer and Ali Farhadi and Noah A. Smith and Hannaneh Hajishirzi},\n      year={2024},\n      eprint={2501.00656},\n      archivePrefix={arXiv},\n      primaryClass={cs.CL},\n      url={https://arxiv.org/abs/2501.00656}, \n}",
  "Contact": {
    "Author": [
      "Team OLMo",
      "Pete Walsh",
      "Luca Soldaini",
      "Dirk Groeneveld",
      "Kyle Lo",
      "Shane Arora",
      "Akshita Bhagia",
      "Yuling Gu",
      "Shengyi Huang",
      "Matt Jordan",
      "Nathan Lambert",
      "Dustin Schwenk",
      "Oyvind Tafjord",
      "Taira Anderson",
      "David Atkinson",
      "Faeze Brahman",
      "Christopher Clark",
      "Pradeep Dasigi",
      "Nouha Dziri",
      "Michal Guerquin",
      "Hamish Ivison",
      "Pang Wei Koh",
      "Jiacheng Liu",
      "Saumya Malik",
      "William Merrill",
      "Lester James V. Miranda",
      "Jacob Morrison",
      "Tyler Murray",
      "Crystal Nam",
      "Valentina Pyatkin",
      "Aman Rangapur",
      "Michael Schmitz",
      "Sam Skjonsberg",
      "David Wadden",
      "Christopher Wilhelm",
      "Michael Wilson",
      "Luke Zettlemoyer",
      "Ali Farhadi",
      "Noah A. Smith",
      "Hannaneh Hajishirzi"
    ],
    "Email": "Not provided",
    "Community": "Not provided"
  },
  "Technical_Requirements": {
    "Software": [
      "transformers (from main branch)"
    ],
    "Hardware": {
      "CPU": "Not provided",
      "GPU": "Not provided",
      "RAM": "Not provided",
      "Storage": "Not provided"
    }
  },
  "Access_and_Distribution": {
    "Download_Link": "Not provided",
    "Model_Variants": [
      {
        "Name": "OLMo-2-13B-1124",
        "Link": "https://huggingface.co/allenai/OLMo-2-13B-1124",
        "Type": "Base Model",
        "Size": "Not provided",
        "Notes": "Not provided"
      },
      {
        "Name": "OLMo-2-1124-13B-SFT",
        "Link": "https://huggingface.co/allenai/OLMo-2-1124-13B-SFT",
        "Type": "SFT",
        "Size": "Not provided",
        "Notes": "Not provided"
      },
      {
        "Name": "OLMo-2-1124-13B-DPO",
        "Link": "https://huggingface.co/allenai/OLMo-2-1124-13B-DPO",
        "Type": "DPO",
        "Size": "Not provided",
        "Notes": "Not provided"
      },
      {
        "Name": "OLMo-2-1124-13B-Instruct",
        "Link": "https://huggingface.co/allenai/OLMo-2-1124-13B-Instruct",
        "Type": "Final Models (RLVR)",
        "Size": "Not provided",
        "Notes": "Not provided"
      },
      {
        "Name": "OLMo-2-1124-13B-RM",
        "Link": "https://huggingface.co/allenai/OLMo-2-1124-13B-RM",
        "Type": "Reward Model (RM)",
        "Size": "Not provided",
        "Notes": "Not provided"
      }
    ]
  },
  "Dataset": {
    "Name": [
      "Tülu 3",
      "olmo-2-1124-13b-preference-mix",
      "RLVR-GSM",
      "Dolma",
      "RLVR-MATH"
    ],
    "Sources": [
      "https://huggingface.co/datasets/allenai/tulu-3-sft-olmo-2-mixture",
      "https://huggingface.co/datasets/allenai/olmo-2-1124-13b-preference-mix",
      "https://huggingface.co/datasets/allenai/RLVR-GSM"
    ],
    "Description": "Tülu 3 is designed for state-of-the-art performance on a diversity of tasks in addition to chat, such as MATH, GSM8K, and IFEval."
  },
  "Model_Architecture": {
    "Architecture_Type": "Not provided",
    "Base_Architecture": "OLMo-2 13B",
    "Number_Parameters": "13B",
    "Parameters": "Not provided",
    "Input_Type": "Text",
    "Output_Type": "Text"
  },
  "Training_Details": {
    "Training_Data": [
      "Tülu 3",
      "olmo-2-1124-13b-preference-mix",
      "RLVR-GSM",
      "Dolma"
    ],
    "Preprocessing": "Not provided",
    "Hyperparameters": "Not provided"
  },
  "Evaluation": {
    "Evaluation_Data": [
      "AlpacaEval",
      "BBH",
      "DROP",
      "GSM8k",
      "IFEval",
      "MATH",
      "MMLU",
      "Safety",
      "PopQA",
      "TruthQA"
    ],
    "Performance_Metrics": {
      "Average": 62.0,
      "AlpacaEval": 39.5,
      "BBH": 58.8,
      "DROP": 71.5,
      "GSM8k": 87.4,
      "IFEval": 82.6,
      "MATH": 39.2,
      "MMLU": 68.5,
      "Safety": 79.1,
      "PopQA": 28.8,
      "TruthQA": 64.3
    },
    "Source": "https://github.com/allenai/olmes"
  },
  "Intended_Use": {
    "Task": [
      "text-generation",
      "chat",
      "mathematical reasoning"
    ]
  },
  "Bias_Risks_and_Limitations": {
    "Limitations": "The OLMo-2 models have limited safety training, but are not deployed automatically with in-the-loop filtering of responses like ChatGPT, so the model can produce problematic outputs (especially when prompted to do so)."
  },
  "License": "Apache-2.0"
}