{
  "Model_Description": {
    "Name": "allenai/OLMo-2-1124-7B",
    "Description": "OLMo 2 is a new family of 7B and 13B Open Language Models designed to enable the science of language models, featuring improved evaluation scores compared to the original OLMo 7B model, achieved through training on specific datasets and a staged training approach."
  },
  "Model_Sources": {
    "Repository": "https://github.com/allenai/OLMo",
    "Paper": "https://arxiv.org/abs/2501.00656",
    "Demo": "Not provided"
  },
  "Citation": "@misc{olmo20242olmo2furious,\n      title={2 OLMo 2 Furious}, \n      author={Team OLMo and Pete Walsh and Luca Soldaini and Dirk Groeneveld and Kyle Lo and Shane Arora and Akshita Bhagia and Yuling Gu and Shengyi Huang and Matt Jordan and Nathan Lambert and Dustin Schwenk and Oyvind Tafjord and Taira Anderson and David Atkinson and Faeze Brahman and Christopher Clark and Pradeep Dasigi and Nouha Dziri and Michal Guerquin and Hamish Ivison and Pang Wei Koh and Jiacheng Liu and Saumya Malik and William Merrill and Lester James V. Miranda and Jacob Morrison and Tyler Murray and Crystal Nam and Valentina Pyatkin and Aman Rangapur and Michael Schmitz and Sam Skjonsberg and David Wadden and Christopher Wilhelm and Michael Wilson and Luke Zettlemoyer and Ali Farhadi and Noah A. Smith and Hannaneh Hajishirzi},\n      year={2024},\n      eprint={2501.00656},\n      archivePrefix={arXiv},\n      primaryClass={cs.CL},\n      url={https://arxiv.org/abs/2501.00656}, \n}",
  "Contact": {
    "Author": "Allen Institute for AI (Ai2)",
    "Email": "olmo@allenai.org",
    "Community": "Not provided"
  },
  "Technical_Requirements": {
    "Software": [
      "transformers (from git+https://github.com/huggingface/transformers.git)",
      "bitsandbytes"
    ],
    "Hardware": {
      "CPU": "Not provided",
      "GPU": "Not provided",
      "RAM": "Not provided",
      "Storage": "Not provided"
    }
  },
  "Access_and_Distribution": {
    "Download_Link": "https://huggingface.co/allenai/OLMo-2-1124-7B",
    "Model_Variants": [
      {
        "Name": "OLMo-2-1124-7B-SFT",
        "Link": "https://huggingface.co/allenai/OLMo-2-1124-7B-SFT",
        "Type": "Not provided",
        "Size": "Not provided",
        "Notes": "Not provided"
      },
      {
        "Name": "OLMo-2-1124-7B-DPO",
        "Link": "https://huggingface.co/allenai/OLMo-2-1124-7B-DPO",
        "Type": "Not provided",
        "Size": "Not provided",
        "Notes": "Not provided"
      },
      {
        "Name": "OLMo-2-1124-7B-Instruct",
        "Link": "https://huggingface.co/allenai/OLMo-2-1124-7B-Instruct",
        "Type": "Not provided",
        "Size": "Not provided",
        "Notes": "Not provided"
      },
      {
        "Name": "OLMo-2-1124-7B-RM",
        "Link": "https://huggingface.co/allenai/OLMo-2-1124-7B-RM",
        "Type": "Not provided",
        "Size": "Not provided",
        "Notes": "Not provided"
      }
    ]
  },
  "Dataset": {
    "Name": [
      "allenai/dolmino-mix-1124",
      "allenai/olmo-mix-1124",
      "Dolma dataset",
      "allenai/tulu-3-sft-olmo-mixture",
      "allenai/olmo-2-1124-7b-preference-mix"
    ],
    "Sources": [
      "https://huggingface.co/datasets/allenai/dolmino-mix-1124",
      "https://huggingface.co/datasets/allenai/olmo-mix-1124",
      "https://huggingface.co/datasets/allenai/tulu-3-sft-olmo-mixture",
      "https://huggingface.co/datasets/allenai/olmo-2-1124-7b-preference-mix"
    ],
    "Description": "The Dolma dataset is the base dataset OLMo models are trained on. OLMo-Mix-1124 (3.9T tokens) and Dolmino-Mix-1124 (843B tokens) were used for pretraining, with Dolmino-Mix-1124 having a mix composition of 50% high-quality data + academic/Q&A/instruction/math content. Post-training involved Tulu 3 SFT OLMo mix and preference mix datasets."
  },
  "Model_Architecture": {
    "Architecture_Type": "Transformer style autoregressive language model",
    "Base_Architecture": "OLMo 2",
    "Number_Parameters": "7B",
    "Parameters": {
      "Layers": 32,
      "Hidden Size": 4096,
      "Attention Heads": 32,
      "Context Length": 4096
    },
    "Input_Type": "Text",
    "Output_Type": "Text"
  },
  "Training_Details": {
    "Training_Data": [
      "OLMo-Mix-1124",
      "Dolmino-Mix-1124",
      "Tulu 3 SFT OLMo mix",
      "preference mix"
    ],
    "Preprocessing": "Staged training approach. Dolmino-Mix-1124 had a mix composition of 50% high-quality data + academic/Q&A/instruction/math content. Model merging was performed via model souping for the 7B model (3 versions trained on 50B mix) and the 13B model (3 versions on 100B mix + 1 version on 300B mix).",
    "Hyperparameters": {
      "Training Tokens (Stage 1)": "4 Trillion",
      "Epochs (Stage 1)": "1 epoch",
      "Training Tokens (Stage 2)": "50B tokens (3 runs)"
    }
  },
  "Evaluation": {
    "Evaluation_Data": [
      "ARC/C",
      "HSwag",
      "WinoG",
      "MMLU",
      "DROP",
      "NQ",
      "AGIEval",
      "GSM8k",
      "MMLUPro",
      "TriviaQA"
    ],
    "Performance_Metrics": {
      "Average": 62.9,
      "ARC/C": 79.8,
      "HSwag": 83.8,
      "WinoG": 77.2,
      "MMLU": 63.7,
      "DROP": 60.8,
      "NQ": 36.9,
      "AGIEval": 50.4,
      "GSM8k": 67.5,
      "MMLUPro": 31.0,
      "TriviaQA": 78.0
    },
    "Source": "https://github.com/allenai/OLMo-Eval"
  },
  "Intended_Use": {
    "Task": [
      "Language modeling"
    ]
  },
  "Bias_Risks_and_Limitations": {
    "Limitations": "Like any base language model or fine-tuned model without safety filtering, these models can easily be prompted by users to generate harmful and sensitive content, which may also be produced unintentionally due to bias. Many statements from OLMo or any LLM are often inaccurate, so facts should be verified."
  },
  "License": "Apache-2.0"
}