{
  "Model_Description": {
    "Name": "allenai/OLMo-2-1124-7B-Instruct",
    "Description": "OLMo 2 7B Instruct November 2024 is a post-trained variant of the OLMo-2 7B November 2024 model, which has undergone supervised finetuning, DPO training, and RLVR training. OLMo is a series of Open Language Models designed to enable the science of language models."
  },
  "Model_Sources": {
    "Repository": "https://github.com/allenai/OLMo",
    "Paper": "https://arxiv.org/abs/2501.00656",
    "Demo": "https://playground.allenai.org/"
  },
  "Citation": "@article{olmo20242olmo2furious,\n      title={2 OLMo 2 Furious}, \n      author={Team OLMo and Pete Walsh and Luca Soldaini and Dirk Groeneveld and Kyle Lo and Shane Arora and Akshita Bhagia and Yuling Gu and Shengyi Huang and Matt Jordan and Nathan Lambert and Dustin Schwenk and Oyvind Tafjord and Taira Anderson and David Atkinson and Faeze Brahman and Christopher Clark and Pradeep Dasigi and Nouha Dziri and Michal Guerquin and Hamish Ivison and Pang Wei Koh and Jiacheng Liu and Saumya Malik and William Merrill and Lester James V. Miranda and Jacob Morrison and Tyler Murray and Crystal Nam and Valentina Pyatkin and Aman Rangapur and Michael Schmitz and Sam Skjonsberg and David Wadden and Christopher Wilhelm and Michael Wilson and Luke Zettlemoyer and Ali Farhadi and Noah A. Smith and Hannaneh Hajishirzi},\n      year={2024},\n      eprint={2501.00656},\n      archivePrefix={arXiv},\n      primaryClass={cs.CL},\n      url={https://arxiv.org/abs/2501.00656}, \n}",
  "Contact": {
    "Author": [
      "Team OLMo",
      "Pete Walsh",
      "Luca Soldaini",
      "Dirk Groeneveld",
      "Kyle Lo",
      "Shane Arora",
      "Akshita Bhagia",
      "Yuling Gu",
      "Shengyi Huang",
      "Matt Jordan",
      "Nathan Lambert",
      "Dustin Schwenk",
      "Oyvind Tafjord",
      "Taira Anderson",
      "David Atkinson",
      "Faeze Brahman",
      "Christopher Clark",
      "Pradeep Dasigi",
      "Nouha Dziri",
      "Michal Guerquin",
      "Hamish Ivison",
      "Pang Wei Koh",
      "Jiacheng Liu",
      "Saumya Malik",
      "William Merrill",
      "Lester James V. Miranda",
      "Jacob Morrison",
      "Tyler Murray",
      "Crystal Nam",
      "Valentina Pyatkin",
      "Aman Rangapur",
      "Michael Schmitz",
      "Sam Skjonsberg",
      "David Wadden",
      "Christopher Wilhelm",
      "Michael Wilson",
      "Luke Zettlemoyer",
      "Ali Farhadi",
      "Noah A. Smith",
      "Hannaneh Hajishirzi"
    ],
    "Email": "Not provided",
    "Community": "Not provided"
  },
  "Technical_Requirements": {
    "Software": [
      "Python",
      "transformers"
    ],
    "Hardware": {
      "CPU": "Not provided",
      "GPU": "Not provided",
      "RAM": "Not provided",
      "Storage": "Not provided"
    }
  },
  "Access_and_Distribution": {
    "Download_Link": "https://huggingface.co/allenai/OLMo-2-1124-7B-Instruct",
    "Model_Variants": [
      {
        "Name": "OLMo-2-1124-13B-Instruct",
        "Link": "https://huggingface.co/allenai/OLMo-2-1124-13B-Instruct",
        "Type": "Not provided",
        "Size": "Not provided",
        "Notes": "Not provided"
      }
    ]
  },
  "Dataset": {
    "Name": [
      "RLVR-GSM",
      "Tülu 3 dataset",
      "olmo-2-1124-7b-preference-mix",
      "Dolma dataset"
    ],
    "Sources": [
      "https://huggingface.co/datasets/allenai/RLVR-GSM",
      "https://huggingface.co/datasets/allenai/tulu-3-sft-olmo-2-mixture",
      "https://huggingface.co/datasets/allenai/olmo-2-1124-7b-preference-mix"
    ],
    "Description": "Tülu 3 is designed for state-of-the-art performance on a diversity of tasks in addition to chat, such as MATH, GSM8K, and IFEval. OLMo models are trained on the Dolma dataset."
  },
  "Model_Architecture": {
    "Architecture_Type": "Language Model",
    "Base_Architecture": "OLMo-2",
    "Number_Parameters": "7B",
    "Parameters": "Not provided",
    "Input_Type": "Text",
    "Output_Type": "Text"
  },
  "Training_Details": {
    "Training_Data": [
      "Tülu 3 dataset",
      "olmo-2-1124-7b-preference-mix",
      "RLVR-GSM",
      "Dolma dataset"
    ],
    "Preprocessing": "Not provided",
    "Hyperparameters": "Not provided"
  },
  "Evaluation": {
    "Evaluation_Data": [
      "AlpacaEval",
      "BBH",
      "DROP",
      "GSM8k",
      "IFEval",
      "MATH",
      "MMLU",
      "Safety",
      "PopQA",
      "TruthQA"
    ],
    "Performance_Metrics": {
      "Average": 54.8,
      "AlpacaEval": 29.1,
      "BBH": 46.6,
      "DROP": 60.5,
      "GSM8k": 85.1,
      "IFEval": 72.3,
      "MATH": 32.5,
      "MMLU": 61.3,
      "Safety": 80.6,
      "PopQA": 23.2,
      "TruthQA": 56.5
    },
    "Source": "https://github.com/allenai/olmes"
  },
  "Intended_Use": {
    "Task": [
      "text generation",
      "chat",
      "mathematical reasoning"
    ]
  },
  "Bias_Risks_and_Limitations": {
    "Limitations": "The OLMo-2 models have limited safety training and are not deployed automatically with in-the-loop filtering of responses, which means the model can produce problematic outputs, especially when prompted to do so."
  },
  "License": "Apache-2.0"
}