{
  "Model_Description": {
    "Name": "OLMo-2-0325-32B",
    "Description": "OLMo 2 32B is the largest model in the OLMo 2 family, pre-trained on OLMo-mix-1124 and Dolmino-mix-1124. It is an Open Language Model designed to enable the science of language models."
  },
  "Model_Sources": {
    "Repository": [
      "https://github.com/allenai/OLMo-core",
      "https://github.com/allenai/OLMo-Eval",
      "https://github.com/allenai/open-instruct",
      "https://allenai.org/olmo"
    ],
    "Paper": "https://arxiv.org/abs/2501.00656",
    "Demo": "Not provided"
  },
  "Citation": "@misc{olmo20242olmo2furious,\n      title={{2 OLMo 2 Furious}},\n      author={Team OLMo and Pete Walsh and Luca Soldaini and Dirk Groeneveld and Kyle Lo and Shane Arora and Akshita Bhagia and Yuling Gu and Shengyi Huang and Matt Jordan and Nathan Lambert and Dustin Schwenk and Oyvind Tafjord and Taira Anderson and David Atkinson and Faeze Brahman and Christopher Clark and Pradeep Dasigi and Nouha Dziri and Michal Guerquin and Hamish Ivison and Pang Wei Koh and Jiacheng Liu and Saumya Malik and William Merrill and Lester James V. Miranda and Jacob Morrison and Tyler Murray and Crystal Nam and Valentina Pyatkin and Aman Rangapur and Michael Schmitz and Sam Skjonsberg and David Wadden and Christopher Wilhelm and Michael Wilson and Luke Zettlemoyer and Ali Farhadi and Noah A. Smith and Hannaneh Hajishirzi},\n      year={2024},\n      eprint={2501.00656},\n      archivePrefix={arXiv},\n      primaryClass={cs.CL},\n      url={https://arxiv.org/abs/2501.00656},\n}",
  "Contact": {
    "Author": "Allen Institute for AI (Ai2)",
    "Email": [
      "olmo@allenai.org",
      "press@allenai.org"
    ],
    "Community": "Not provided"
  },
  "Technical_Requirements": {
    "Software": [
      "transformers >= 4.48",
      "vLLM",
      "bitsandbytes"
    ],
    "Hardware": {
      "CPU": "Not provided",
      "GPU": "Not provided",
      "RAM": "Not provided",
      "Storage": "Not provided"
    }
  },
  "Access_and_Distribution": {
    "Download_Link": "https://huggingface.co/allenai/OLMo-2-0325-32B",
    "Model_Variants": [
      {
        "Name": "OLMo 2-7B",
        "Link": "https://huggingface.co/allenai/OLMo-2-1124-7B",
        "Type": "Not provided",
        "Size": "Not provided",
        "Notes": "Not provided"
      },
      {
        "Name": "OLMo 2-13B",
        "Link": "https://huggingface.co/allenai/OLMo-2-1124-13B",
        "Type": "Not provided",
        "Size": "Not provided",
        "Notes": "Not provided"
      },
      {
        "Name": "OLMo-2-0325-32B-SFT",
        "Link": "https://huggingface.co/allenai/OLMo-2-0325-32B-SFT",
        "Type": "SFT",
        "Size": "Not provided",
        "Notes": "Not provided"
      },
      {
        "Name": "OLMo-2-0325-32B-DPO",
        "Link": "https://huggingface.co/allenai/OLMo-2-0325-32B-DPO",
        "Type": "DPO",
        "Size": "Not provided",
        "Notes": "Not provided"
      },
      {
        "Name": "OLMo-2-0325-32B-Instruct",
        "Link": "https://huggingface.co/allenai/OLMo-2-0325-32B-Instruct",
        "Type": "Instruct (RLVR)",
        "Size": "Not provided",
        "Notes": "Not provided"
      }
    ]
  },
  "Dataset": {
    "Name": [
      "OLMo-mix-1124",
      "Dolmino-Mix-1124",
      "olmo-2-32b-pref-mix-v1"
    ],
    "Sources": [
      "https://huggingface.co/datasets/allenai/olmo-mix-1124",
      "https://huggingface.co/datasets/allenai/dolmino-mix-1124",
      "https://huggingface.co/datasets/allenai/olmo-2-32b-pref-mix-v1"
    ],
    "Description": "OLMo-mix-1124 and Dolmino-Mix-1124 are used for pre-training and mid-training. Dolmino-Mix-1124 consists of 50% high-quality web data + academic/Q&A/instruction/math content. Preference mix is used for post-training."
  },
  "Model_Architecture": {
    "Architecture_Type": "Transformer",
    "Base_Architecture": "Autoregressive Language Model",
    "Number_Parameters": "32B",
    "Parameters": {
      "Layers": 64,
      "Hidden Size": 5120,
      "Attention Heads": 40,
      "Context Length": 4096
    },
    "Input_Type": "Text",
    "Output_Type": "Text"
  },
  "Training_Details": {
    "Training_Data": [
      "OLMo-mix-1124",
      "Dolmino-Mix-1124",
      "olmo-2-32b-pref-mix-v1"
    ],
    "Preprocessing": "Stage 1: Initial Pretraining on OLMo-mix-1124 for ~1.5 epoch. Stage 2: Mid-training on Dolmino-Mix-1124 (100B tokens in 3 runs, 300B tokens in 1 run), with mix composition of 50% high-quality web data + academic/Q&A/instruction/math content. Model merging: 3 versions on 100B mix + 1 version on 300B mix, merged for final checkpoint. Post-training: SFT + DPO + GRPO using preference mix.",
    "Hyperparameters": "Not provided"
  },
  "Evaluation": {
    "Evaluation_Data": "Not provided",
    "Performance_Metrics": {
      "Average": 72.9,
      "ARC/C": 90.4,
      "HSwag": 89.7,
      "WinoG": 78.7,
      "MMLU": 74.9,
      "DROP": 74.3,
      "NQ": 50.2,
      "AGIEval": 61.0,
      "GSM8k": 78.8,
      "MMLUPro": 43.3,
      "TriviaQA": 88.0
    },
    "Source": "Not provided"
  },
  "Intended_Use": {
    "Task": [
      "Language modeling"
    ]
  },
  "Bias_Risks_and_Limitations": {
    "Limitations": "The model can generate harmful and sensitive content, unintentionally or intentionally, due to bias. Statements from the model are often inaccurate, requiring verification of facts."
  },
  "License": "Apache-2.0"
}