{
  "Model_Description": {
    "Name": "allenai/OLMo-2-1124-13B",
    "Description": "OLMo 2 is a new family of 7B and 13B models designed to enable the science of language models. The OLMo 2 13B model is trained on up to 5T tokens and is competitive with other open-weight models on English academic benchmarks."
  },
  "Model_Sources": {
    "Repository": "https://github.com/allenai/OLMo",
    "Paper": "https://arxiv.org/abs/2501.00656",
    "Demo": "Not provided"
  },
  "Citation": "@misc{olmo20242olmo2furious,\n      title={2 OLMo 2 Furious}, \n      author={Team OLMo and Pete Walsh and Luca Soldaini and Dirk Groeneveld and Kyle Lo and Shane Arora and Akshita Bhagia and Yuling Gu and Shengyi Huang and Matt Jordan and Nathan Lambert and Dustin Schwenk and Oyvind Tafjord and Taira Anderson and David Atkinson and Faeze Brahman and Christopher Clark and Pradeep Dasigi and Nouha Dziri and Michal Guerquin and Hamish Ivison and Pang Wei Koh and Jiacheng Liu and Saumya Malik and William Merrill and Lester James V. Miranda and Jacob Morrison and Tyler Murray and Crystal Nam and Valentina Pyatkin and Aman Rangapur and Michael Schmitz and Sam Skjonsberg and David Wadden and Christopher Wilhelm and Michael Wilson and Luke Zettlemoyer and Ali Farhadi and Noah A. Smith and Hannaneh Hajishirzi},\n      year={2024},\n      eprint={2501.00656},\n      archivePrefix={arXiv},\n      primaryClass={cs.CL},\n      url={https://arxiv.org/abs/2501.00656}, \n}",
  "Contact": {
    "Author": "Allen Institute for AI (Ai2)",
    "Email": "olmo@allenai.org",
    "Community": "Not provided"
  },
  "Technical_Requirements": {
    "Software": [
      "git+https://github.com/huggingface/transformers.git",
      "bitsandbytes"
    ],
    "Hardware": {
      "CPU": "Not provided",
      "GPU": "Not provided",
      "RAM": "Not provided",
      "Storage": "Not provided"
    }
  },
  "Access_and_Distribution": {
    "Download_Link": "https://huggingface.co/allenai/OLMo-2-1124-13B",
    "Model_Variants": [
      {
        "Name": "OLMo 2 7B",
        "Link": "https://huggingface.co/allenai/OLMo-2-1124-7B",
        "Type": "Not provided",
        "Size": "Not provided",
        "Notes": "Not provided"
      },
      {
        "Name": "OLMo-2-1124-13B-SFT",
        "Link": "https://huggingface.co/allenai/OLMo-2-1124-13B-SFT",
        "Type": "Not provided",
        "Size": "Not provided",
        "Notes": "Not provided"
      },
      {
        "Name": "OLMo-2-1124-13B-DPO",
        "Link": "https://huggingface.co/allenai/OLMo-2-1124-13B-DPO",
        "Type": "Not provided",
        "Size": "Not provided",
        "Notes": "Not provided"
      },
      {
        "Name": "OLMo-2-1124-13B-Instruct",
        "Link": "https://huggingface.co/allenai/OLMo-2-1124-13B-Instruct",
        "Type": "Not provided",
        "Size": "Not provided",
        "Notes": "Not provided"
      }
    ]
  },
  "Dataset": {
    "Name": [
      "allenai/dolmino-mix-1124",
      "allenai/olmo-mix-1124",
      "Dolma dataset",
      "Tulu 3 SFT OLMo mix",
      "preference mix"
    ],
    "Sources": [
      "https://huggingface.co/datasets/allenai/dolmino-mix-1124",
      "https://huggingface.co/datasets/allenai/olmo-mix-1124",
      "https://huggingface.co/datasets/allenai/tulu-3-sft-olmo-mixture",
      "https://huggingface.co/datasets/allenai/olmo-2-1124-13b-preference-mix"
    ],
    "Description": "The datasets contain a mix of high-quality data, academic, Q&A, instruction, and math content, used for pretraining and fine-tuning language models."
  },
  "Model_Architecture": {
    "Architecture_Type": "Transformer style autoregressive language model",
    "Base_Architecture": "OLMo 2",
    "Number_Parameters": "13B",
    "Parameters": {
      "Layers": 40,
      "Hidden Size": 5120,
      "Attention Heads": 40,
      "Context Length": 4096
    },
    "Input_Type": "Text",
    "Output_Type": "Text"
  },
  "Training_Details": {
    "Training_Data": [
      "OLMo-Mix-1124",
      "Dolmino-Mix-1124",
      "Tulu 3 SFT OLMo mix",
      "preference mix"
    ],
    "Preprocessing": "Not provided",
    "Hyperparameters": "Not provided"
  },
  "Evaluation": {
    "Evaluation_Data": [
      "ARC/C",
      "HSwag",
      "WinoG",
      "MMLU",
      "DROP",
      "NQ",
      "AGIEval",
      "GSM8k",
      "MMLUPro",
      "TriviaQA"
    ],
    "Performance_Metrics": {
      "Average": 68.3,
      "ARC/C": 83.5,
      "HSwag": 86.4,
      "WinoG": 81.5,
      "MMLU": 67.5,
      "DROP": 70.7,
      "NQ": 46.7,
      "AGIEval": 54.2,
      "GSM8k": 75.1,
      "MMLUPro": 35.1,
      "TriviaQA": 81.9
    },
    "Source": "Not provided"
  },
  "Intended_Use": {
    "Task": [
      "language modeling",
      "research",
      "educational use"
    ]
  },
  "Bias_Risks_and_Limitations": {
    "Limitations": "These models can easily be prompted to generate harmful and sensitive content, either intentionally or unintentionally due to bias. Additionally, many statements from OLMo or any LLM are often inaccurate, requiring verification of facts."
  },
  "License": "Apache-2.0"
}