{
  "error": "output_parser_failed",
  "raw_output": "```json\n{\n  \"Model_Description\": {\n    \"Name\": \"allenai/OLMo-2-0325-32B-Instruct\",\n    \"Description\": \"OLMo 2 32B Instruct March 2025 is a post-trained variant of the OLMo-2 32B March 2025 model, designed for state-of-the-art performance on a diversity of tasks including chat, MATH, GSM8K, and IFEval. It is part of the OLMo series of Open Language Models aimed at enabling the science of language models.\"\n  },\n  \"Model_Sources\": {\n    \"Repository\": \"https://github.com/allenai/OLMo-core\",\n    \"Paper\": \"https://arxiv.org/abs/2501.00656\",\n    \"Demo\": \"https://playground.allenai.org/\"\n  },\n  \"Citation\": \"@article{olmo20242olmo2furious,\\n      title={2 OLMo 2 Furious}, \\n      author={Team OLMo and Pete Walsh and Luca Soldaini and Dirk Groeneveld and Kyle Lo and Shane Arora and Akshita Bhagia and Yuling Gu and Shengyi Huang and Matt Jordan and Nathan Lambert and Dustin Schwenk and Oyvind Tafjord and Taira Anderson and David Atkinson and Faeze Brahman and Christopher Clark and Pradeep Dasigi and Nouha Dziri and Michal Guerquin and Hamish Ivison and Pang Wei Koh and Jiacheng Liu and Saumya Malik and William Merrill and Lester James V. Miranda and Jacob Morrison and Tyler Murray and Crystal Nam and Valentina Pyatkin and Aman Rangapur and Michael Schmitz and Sam Skjonsberg and David Wadden and Christopher Wilhelm and Michael Wilson and Luke Zettlemoyer and Ali Farhadi and Noah A. Smith and Hannaneh Hajishirzi},\\n      year={2024},\\n      eprint={2501.00656},\\n      archivePrefix={arXiv},\\n      primaryClass={cs.CL},\\n      url={https://arxiv.org/abs/2501.00656}, \\n}\"\n  },\n  \"Contact\": {\n    \"Author\": [\n      \"Team OLMo\",\n      \"Pete Walsh\",\n      \"Luca Soldaini\",\n      \"Dirk Groeneveld\",\n      \"Kyle Lo\",\n      \"Shane Arora\",\n      \"Akshita Bhagia\",\n      \"Yuling Gu\",\n      \"Shengyi Huang\",\n      \"Matt Jordan\",\n      \"Nathan Lambert\",\n      \"Dustin Schwenk\",\n      \"Oyvind Tafjord\",\n      \"Taira Anderson\",\n      \"David Atkinson\",\n      \"Faeze Brahman\",\n      \"Christopher Clark\",\n      \"Pradeep Dasigi\",\n      \"Nouha Dziri\",\n      \"Michal Guerquin\",\n      \"Hamish Ivison\",\n      \"Pang Wei Koh\",\n      \"Jiacheng Liu\",\n      \"Saumya Malik\",\n      \"William Merrill\",\n      \"Lester James V. Miranda\",\n      \"Jacob Morrison\",\n      \"Tyler Murray\",\n      \"Crystal Nam\",\n      \"Valentina Pyatkin\",\n      \"Aman Rangapur\",\n      \"Michael Schmitz\",\n      \"Sam Skjonsberg\",\n      \"David Wadden\",\n      \"Christopher Wilhelm\",\n      \"Michael Wilson\",\n      \"Luke Zettlemoyer\",\n      \"Ali Farhadi\",\n      \"Noah A. Smith\",\n      \"Hannaneh Hajishirzi\"\n    ],\n    \"Email\": \"Not provided\",\n    \"Community\": \"Not provided\"\n  },\n  \"Technical_Requirements\": {\n    \"Software\": [\n      \"transformers\",\n      \"uv\"\n    ],\n    \"Hardware\": {\n      \"CPU\": \"Not provided\",\n      \"GPU\": \"NVIDIA H100\",\n      \"RAM\": \"Not provided\",\n      \"Storage\": \"Not provided\"\n    }\n  },\n  \"Access_and_Distribution\": {\n    \"Download_Link\": \"Not provided\",\n    \"Model_Variants\": []\n  },\n  \"Dataset\": {\n    \"Name\": [\n      \"allenai/RLVR-GSM-MATH-IF-Mixed-Constraints\",\n      \"Tülu 3 dataset\",\n      \"allenai/olmo-2-0325-32b-preference-mix\",\n      \"Dolma dataset\"\n    ],\n    \"Sources\": [\n      \"https://huggingface.co/datasets/allenai/RLVR-GSM-MATH-IF-Mixed-Constraints\",\n      \"https://huggingface.co/datasets/allenai/tulu-3-sft-olmo-2-mixture\",\n      \"https://huggingface.co/datasets/allenai/olmo-2-0325-32b-preference-mix\"\n    ],\n    \"Description\": \"The model was finetuned on an OLMo-specific variant of the Tülu 3 dataset, which is designed for state-of-the-art performance on tasks like chat, MATH, GSM8K, and IFEval. Further DPO training was done on 'allenai/olmo-2-0325-32b-preference-mix' and final RLVR training on 'allenai/RLVR-GSM-MATH-IF-Mixed-Constraints'. The base OLMo models are trained on the Dolma dataset.\"\n  },\n  \"Model_Architecture\": {\n    \"Architecture_Type\": \"Not provided\",\n    \"Base_Architecture\": \"OLMo-2\",\n    \"Number_Parameters\": \"32B\",\n    \"Parameters\": {\n      \"max_token_length\": 2048,\n      \"max_prompt_token_length\": 2048,\n      \"response_length\": 2048,\n      \"eval_max_length\": 4096\n    },\n    \"Input_Type\": \"Text\",\n    \"Output_Type\": \"Text\"\n  },\n  \"Training_Details\": {\n    \"Training_Data\": [\n      \"Tülu 3 dataset\",\n      \"allenai/olmo-2-0325-32b-preference-mix\",\n      \"allenai/RLVR-GSM-MATH-IF-Mixed-Constraints\",\n      \"Dolma dataset\"\n    ],\n    \"Preprocessing\": \"Chat template applied: `<|user|>\\n...\\n<|assistant|>\\n...<|endoftext|>`. Input and response token lengths constrained by `max_token_length` (2048), `max_prompt_token_length` (2048), and `response_length` (2048).\",\n    \"Hyperparameters\": {\n      \"exp_name\": \"0310_olmo2_32b_grpo_12818\",\n      \"beta\": 0.01,\n      \"local_mini_batch_size\": 32,\n      \"number_samples_per_prompt\": 16,\n      \"local_rollout_batch_size\": 4,\n      \"kl_estimator\": \"kl3\",\n      \"learning_rate\": \"5e-7\",\n      \"max_token_length\": 2048,\n      \"max_prompt_token_length\": 2048,\n      \"response_length\": 2048,\n      \"model_name_or_path\": \"allenai/OLMo-2-0325-32B-DPO\",\n      \"temperature\": 1.0,\n      \"eval_max_length\": 4096,\n      \"total_episodes\": 10000000,\n      \"penalty_reward_value\": 0.0,\n      \"deepspeed_stage\": 3,\n      \"per_device_train_batch_size\": 2,\n      \"local_rollout_forward_batch_size\": 2,\n      \"actor_num_gpus_per_node\": \"8 8 8 4\",\n      \"num_epochs\": 1,\n      \"vllm_tensor_parallel_size\": 1,\n      \"vllm_num_engines\": 12,\n      \"lr_scheduler_type\": \"constant\",\n      \"seed\": 1,\n      \"num_evals\": 30,\n      \"save_freq\": 20,\n      \"reward_model_multiplier\": 0.0\n    }\n  },\n  \"Evaluation\": {\n    \"Evaluation_Data\": [\n      \"AlpacaEval 2 LC\",\n      \"BBH\",\n      \"DROP\",\n      \"GSM8k\",\n      \"IFEval\",\n      \"MATH\",\n      \"MMLU\",\n      \"Safety\",\n      \"PopQA\",\n      \"TruthQA\",\n      \"allenai/RLVR-GSM-MATH-IF-Mixed-Constraints\"\n    ],\n    \"Performance_Metrics\": {\n      \"Average\": 68.8,\n      \"AlpacaEval 2 LC\": 42.8,\n      \"BBH\": 70.6,\n      \"DROP\": 78.0,\n      \"GSM8k\": 87.6,\n      \"IFEval\": 85.6,\n      \"MATH\": 49.7,\n      \"MMLU\": 77.3,\n      \"Safety\": 85.9,\n      \"PopQA\": 37.5,\n      \"TruthQA\": 73.2\n    },\n    \"Source\": \"Not provided\"\n  },\n  \"Intended_Use\": {\n    \"Task\": [\n      \"text generation\",\n      \"chat\",\n      \"mathematical reasoning\"\n    ]\n  },\n  \"Bias_Risks_and_Limitations\": {\n    \"Limitations\": \"The OLMo-2 models have limited safety training and are not deployed with in-the-loop filtering, which means the model can produce problematic outputs, especially when prompted to do so.\"\n  },\n  \"License\": \"Apache-2.0\"\n}\n```"
}