{
  "Model_Description": {
    "Name": "allenai/scibert_scivocab_uncased",
    "Description": "This is a pretrained BERT model, named SciBERT, specifically trained on scientific text from Semantic Scholar, featuring its own wordpiece vocabulary."
  },
  "Model_Sources": {
    "Repository": "https://github.com/allenai/scibert",
    "Paper": "https://www.aclweb.org/anthology/D19-1371/",
    "Demo": "Not provided"
  },
  "Citation": "@inproceedings{beltagy-etal-2019-scibert,\n    title = \"SciBERT: A Pretrained Language Model for Scientific Text\",\n    author = \"Beltagy, Iz  and Lo, Kyle  and Cohan, Arman\",\n    booktitle = \"EMNLP\",\n    year = \"2019\",\n    publisher = \"Association for Computational Linguistics\",\n    url = \"https://www.aclweb.org/anthology/D19-1371\"\n}",
  "Contact": {
    "Author": [
      "Beltagy, Iz",
      "Lo, Kyle",
      "Cohan, Arman"
    ],
    "Email": "Not provided",
    "Community": "Not provided"
  },
  "Technical_Requirements": {
    "Software": "Not provided",
    "Hardware": {
      "CPU": "Not provided",
      "GPU": "Not provided",
      "RAM": "Not provided",
      "Storage": "Not provided"
    }
  },
  "Access_and_Distribution": {
    "Download_Link": "Not provided",
    "Model_Variants": []
  },
  "Dataset": {
    "Name": "Semantic Scholar papers",
    "Sources": "https://www.semanticscholar.org",
    "Description": "A corpus of 1.14 million full-text scientific papers, totaling 3.1 billion tokens, used for training the model."
  },
  "Model_Architecture": {
    "Architecture_Type": "Encoder-only Transformer",
    "Base_Architecture": "BERT",
    "Number_Parameters": "Not provided",
    "Parameters": "Not provided",
    "Input_Type": "Text",
    "Output_Type": "Text"
  },
  "Training_Details": {
    "Training_Data": "Semantic Scholar papers",
    "Preprocessing": "Custom wordpiece vocabulary (scivocab) built to match the training corpus.",
    "Hyperparameters": "Not provided"
  },
  "Evaluation": {
    "Evaluation_Data": "Not provided",
    "Performance_Metrics": "Not provided",
    "Source": "Not provided"
  },
  "Intended_Use": {
    "Task": [
      "Language Modeling",
      "Text Understanding"
    ]
  },
  "Bias_Risks_and_Limitations": {
    "Limitations": "Not provided"
  },
  "License": "Not provided"
}