{
  "Model_Description": {
    "Name": "allenai/specter2_base",
    "Description": "SPECTER2 is the successor to SPECTER and is capable of generating task specific embeddings for scientific tasks when paired with adapters. This is the base model to be used along with the adapters, generating effective embeddings from the title and abstract of a scientific paper or a short textual query."
  },
  "Model_Sources": {
    "Repository": "https://github.com/allenai/SPECTER2",
    "Paper": "https://api.semanticscholar.org/CorpusID:254018137",
    "Demo": "https://github.com/allenai/SPECTER2/blob/main/README.md"
  },
  "Citation": "@inproceedings{Singh2022SciRepEvalAM,\n  title={SciRepEval: A Multi-Format Benchmark for Scientific Document Representations},\n  author={Amanpreet Singh and Mike D'Arcy and Arman Cohan and Doug Downey and Sergey Feldman},\n  booktitle={Conference on Empirical Methods in Natural Language Processing},\n  year={2022},\n  url={https://api.semanticscholar.org/CorpusID:254018137}\n}",
  "Contact": {
    "Author": [
      "Amanpreet Singh",
      "Mike D'Arcy",
      "Arman Cohan",
      "Doug Downey",
      "Sergey Feldman"
    ],
    "Email": "Not provided",
    "Community": "Not provided"
  },
  "Technical_Requirements": {
    "Software": [
      "transformers",
      "adapters"
    ],
    "Hardware": {
      "CPU": "Not provided",
      "GPU": "Not provided",
      "RAM": "Not provided",
      "Storage": "Not provided"
    }
  },
  "Access_and_Distribution": {
    "Download_Link": "Not provided",
    "Model_Variants": [
      {
        "Name": "allenai/specter2",
        "Link": "https://huggingface.co/allenai/specter2",
        "Type": "Proximity",
        "Size": "Not provided",
        "Notes": "Encode papers as queries and candidates eg. Link Prediction, Nearest Neighbor Search"
      },
      {
        "Name": "allenai/specter2_adhoc_query",
        "Link": "https://huggingface.co/allenai/specter2_adhoc_query",
        "Type": "Adhoc Query",
        "Size": "Not provided",
        "Notes": "Encode short raw text queries for search tasks. (Candidate papers can be encoded with the proximity adapter)"
      },
      {
        "Name": "allenai/specter2_classification",
        "Link": "https://huggingface.co/allenai/specter2_classification",
        "Type": "Classification",
        "Size": "Not provided",
        "Notes": "Encode papers to feed into linear classifiers as features"
      },
      {
        "Name": "allenai/specter2_regression",
        "Link": "https://huggingface.co/allenai/specter2_regression",
        "Type": "Regression",
        "Size": "Not provided",
        "Notes": "Encode papers to feed into linear regressors as features"
      }
    ]
  },
  "Dataset": {
    "Name": "allenai/scirepeval",
    "Sources": "https://huggingface.co/datasets/allenai/scirepeval",
    "Description": "The dataset is part of the SciRepEval benchmark, consisting of over 6M triplets of scientific paper citations. These triplets are structured with a query paper, a positive citation, and a negative citation, used for training the base model and adapters across various tasks."
  },
  "Model_Architecture": {
    "Architecture_Type": "Transformer",
    "Base_Architecture": "SciBERT",
    "Number_Parameters": "Not provided",
    "Parameters": "Not provided",
    "Input_Type": "Text",
    "Output_Type": "Embeddings"
  },
  "Training_Details": {
    "Training_Data": "SciRepEval",
    "Preprocessing": "Concatenation of title and abstract, tokenization with padding and truncation to a maximum length of 512. Input data is structured as triplets of query, positive, and negative citations.",
    "Hyperparameters": {
      "base_model_batch_size": 1024,
      "base_model_max_input_length": 512,
      "base_model_learning_rate": "2e-5",
      "base_model_epochs": 2,
      "base_model_warmup_steps": "10%",
      "base_model_fp16": true,
      "adapters_batch_size": 256,
      "adapters_max_input_length": 512,
      "adapters_learning_rate": "1e-4",
      "adapters_epochs": 6,
      "adapters_warmup_steps": "1000 steps",
      "adapters_fp16": true
    }
  },
  "Evaluation": {
    "Evaluation_Data": [
      "SciRepEval",
      "MDCR"
    ],
    "Performance_Metrics": {
      "SciRepEval In-Train": 62.3,
      "SciRepEval Out-of-Train": 74.1,
      "SciRepEval Avg": 71.1,
      "MDCR (MAP)": 38.4,
      "MDCR (Recall@5)": 33.0
    },
    "Source": "https://github.com/allenai/scirepeval/blob/main/evaluation/INFERENCE.md"
  },
  "Intended_Use": {
    "Task": [
      "Scientific embedding generation",
      "Classification",
      "Retrieval"
    ]
  },
  "Bias_Risks_and_Limitations": {
    "Limitations": "Not provided"
  },
  "License": "Apache-2.0"
}