{
  "Model_Description": {
    "Name": "befox/Wan2.2-Animate-14B-GGUF",
    "Description": "This is a GGUF version of the Wan-AI/Wan2.2-Animate-14B model. Its face adapter tensors are quantized to a specific precision."
  },
  "Model_Sources": {
    "Repository": "https://huggingface.co/Wan-AI/Wan2.2-Animate-14B",
    "Paper": "Not provided",
    "Demo": "https://huggingface.co/befox/Wan2.2-Animate-14B-GGUF/resolve/main/Wan2.2-Animate-14B-GGUF.webm"
  },
  "Citation": "Not provided",
  "Contact": {
    "Author": "Not provided",
    "Email": "Not provided",
    "Community": "Not provided"
  },
  "Technical_Requirements": {
    "Software": "Not provided",
    "Hardware": {
      "CPU": "Not provided",
      "GPU": "Not provided",
      "RAM": "Not provided",
      "Storage": "Not provided"
    }
  },
  "Access_and_Distribution": {
    "Download_Link": "Not provided",
    "Model_Variants": [
      {
        "Name": "Wan2.2-Animate-14B-GGUF",
        "Link": "Not provided",
        "Type": "GGUF",
        "Size": "Not provided",
        "Notes": "The face adapter tensors are quantized to a precision slightly higher than QuantStack's, lower than Kijai's"
      }
    ]
  },
  "Dataset": {
    "Name": "Not provided",
    "Sources": "Not provided",
    "Description": "Not provided"
  },
  "Model_Architecture": {
    "Architecture_Type": "Not provided",
    "Base_Architecture": "Wan2.2-Animate-14B",
    "Number_Parameters": "14B",
    "Parameters": "Not provided",
    "Input_Type": "Not provided",
    "Output_Type": "Not provided"
  },
  "Training_Details": {
    "Training_Data": "Not provided",
    "Preprocessing": "Not provided",
    "Hyperparameters": "Not provided"
  },
  "Evaluation": {
    "Evaluation_Data": "Not provided",
    "Performance_Metrics": "Not provided",
    "Source": "Not provided"
  },
  "Intended_Use": {
    "Task": "Not provided"
  },
  "Bias_Risks_and_Limitations": {
    "Limitations": "Not provided"
  },
  "License": "Not provided"
}