{
  "Model_Description": {
    "Name": "ArtusDev/TheDrummer_Skyfall-31B-v4-EXL3",
    "Description": "EXL3 quants of TheDrummer/Skyfall-31B-v4 using exllamav3 for quantization."
  },
  "Model_Sources": {
    "Repository": "https://huggingface.co/TheDrummer/Skyfall-31B-v4",
    "Paper": "Not provided",
    "Demo": "Not provided"
  },
  "Citation": "Not provided",
  "Contact": {
    "Author": "ArtusDev",
    "Email": "Not provided",
    "Community": "Not provided"
  },
  "Technical_Requirements": {
    "Software": [
      "huggingface_hub",
      "exllamav3"
    ],
    "Hardware": {
      "CPU": "Not provided",
      "GPU": "Not provided",
      "RAM": "Not provided",
      "Storage": "Not provided"
    }
  },
  "Access_and_Distribution": {
    "Download_Link": "Not provided",
    "Model_Variants": [
      {
        "Name": "2.5_H6",
        "Link": "https://huggingface.co/ArtusDev/TheDrummer_Skyfall-31B-v4-EXL3/tree/2.5bpw_H6",
        "Type": "2.5bpw_H6",
        "Size": "Not provided",
        "Notes": "Not provided"
      },
      {
        "Name": "3.0_H6",
        "Link": "https://huggingface.co/ArtusDev/TheDrummer_Skyfall-31B-v4-EXL3/tree/3.0bpw_H6",
        "Type": "3.0bpw_H6",
        "Size": "Not provided",
        "Notes": "Not provided"
      },
      {
        "Name": "3.5_H6",
        "Link": "https://huggingface.co/ArtusDev/TheDrummer_Skyfall-31B-v4-EXL3/tree/3.5bpw_H6",
        "Type": "3.5bpw_H6",
        "Size": "Not provided",
        "Notes": "Not provided"
      },
      {
        "Name": "4.0_H6",
        "Link": "https://huggingface.co/ArtusDev/TheDrummer_Skyfall-31B-v4-EXL3/tree/4.0bpw_H6",
        "Type": "4.0bpw_H6",
        "Size": "Not provided",
        "Notes": "Not provided"
      },
      {
        "Name": "4.25_H6",
        "Link": "https://huggingface.co/ArtusDev/TheDrummer_Skyfall-31B-v4-EXL3/tree/4.25bpw_H6",
        "Type": "4.25bpw_H6",
        "Size": "Not provided",
        "Notes": "Not provided"
      },
      {
        "Name": "4.5_H6",
        "Link": "https://huggingface.co/ArtusDev/TheDrummer_Skyfall-31B-v4-EXL3/tree/4.5bpw_H6",
        "Type": "4.5bpw_H6",
        "Size": "Not provided",
        "Notes": "Not provided"
      },
      {
        "Name": "5.0_H6",
        "Link": "https://huggingface.co/ArtusDev/TheDrummer_Skyfall-31B-v4-EXL3/tree/5.0bpw_H6",
        "Type": "5.0bpw_H6",
        "Size": "Not provided",
        "Notes": "Not provided"
      },
      {
        "Name": "6.0_H6",
        "Link": "https://huggingface.co/ArtusDev/TheDrummer_Skyfall-31B-v4-EXL3/tree/6.0bpw_H6",
        "Type": "6.0bpw_H6",
        "Size": "Not provided",
        "Notes": "Not provided"
      },
      {
        "Name": "8.0_H8",
        "Link": "https://huggingface.co/ArtusDev/TheDrummer_Skyfall-31B-v4-EXL3/tree/8.0bpw_H8",
        "Type": "8.0bpw_H8",
        "Size": "Not provided",
        "Notes": "Not provided"
      }
    ]
  },
  "Dataset": {
    "Name": "Not provided",
    "Sources": "Not provided",
    "Description": "Not provided"
  },
  "Model_Architecture": {
    "Architecture_Type": "Not provided",
    "Base_Architecture": "TheDrummer/Skyfall-31B-v4",
    "Number_Parameters": "31B",
    "Parameters": "Not provided",
    "Input_Type": "Not provided",
    "Output_Type": "Not provided"
  },
  "Training_Details": {
    "Training_Data": "Not provided",
    "Preprocessing": "Not provided",
    "Hyperparameters": "Not provided"
  },
  "Evaluation": {
    "Evaluation_Data": "Not provided",
    "Performance_Metrics": "Not provided",
    "Source": "Not provided"
  },
  "Intended_Use": {
    "Task": "Not provided"
  },
  "Bias_Risks_and_Limitations": {
    "Limitations": "Not provided"
  },
  "License": "Not provided"
}