{
  "Model_Description": {
    "Name": "Angelakeke/RaTE-NER-Deberta",
    "Description": "This model is a fine-tuned version of DeBERTa on the RaTE-NER dataset. It is trained to serve the RaTEScore metric and can be used to extract Abnormality, Non-Abnormality, Anatomy, Disease, Non-Disease entities in medical radiology reports."
  },
  "Model_Sources": {
    "Repository": "https://github.com/Angelakeke/RaTEScore",
    "Paper": "https://aclanthology.org/2024.emnlp-main.836.pdf",
    "Demo": "Not provided"
  },
  "Citation": "@inproceedings{zhao2024ratescore,\n  title={RaTEScore: A Metric for Radiology Report Generation},\n  author={Zhao, Weike and Wu, Chaoyi and Zhang, Xiaoman and Zhang, Ya and Wang, Yanfeng and Xie, Weidi},\n  booktitle={Proceedings of the 2024 Conference on Empirical Methods in Natural Language Processing},\n  pages={15004--15019},\n  year={2024}\n}",
  "Contact": {
    "Author": "Weike Zhao",
    "Email": "zwk0629@sjtu.edu.cn",
    "Community": [
      "https://github.com/Angelakeke/RaTEScore"
    ]
  },
  "Technical_Requirements": {
    "Software": [
      "transformers",
      "torch"
    ],
    "Hardware": {
      "CPU": "Not provided",
      "GPU": "Not provided",
      "RAM": "Not provided",
      "Storage": "Not provided"
    }
  },
  "Access_and_Distribution": {
    "Download_Link": "Not provided",
    "Model_Variants": []
  },
  "Dataset": {
    "Name": "RaTE-NER",
    "Sources": "https://huggingface.co/datasets/Angelakeke/RaTE-NER/",
    "Description": "Dataset used for Named Entity Recognition (NER) in medical radiology reports, containing entities like Abnormality, Non-Abnormality, Anatomy, Disease, Non-Disease."
  },
  "Model_Architecture": {
    "Architecture_Type": "Encoder-only Transformer",
    "Base_Architecture": "DeBERTa-v3-base",
    "Number_Parameters": "Not provided",
    "Parameters": "Not provided",
    "Input_Type": "Text",
    "Output_Type": "Text"
  },
  "Training_Details": {
    "Training_Data": "RaTE-NER",
    "Preprocessing": "Tokenization, padding to max_length=512, truncation.",
    "Hyperparameters": "Not provided"
  },
  "Evaluation": {
    "Evaluation_Data": "Not provided",
    "Performance_Metrics": "Not provided",
    "Source": "Not provided"
  },
  "Intended_Use": {
    "Task": [
      "token classification",
      "Named Entity Recognition"
    ]
  },
  "Bias_Risks_and_Limitations": {
    "Limitations": "Not provided"
  },
  "License": "MIT"
}