{
  "Model_Description": {
    "Name": "calcuis/kontext-gguf",
    "Description": "This model is a GGUF quantized version of the Kontext model, primarily designed for image-to-image tasks, allowing for efficient local execution."
  },
  "Model_Sources": {
    "Repository": "https://huggingface.co/black-forest-labs/FLUX.1-Kontext-dev",
    "Paper": "Not provided",
    "Demo": "Not provided"
  },
  "Citation": "Not provided",
  "Contact": {
    "Author": "calcuis",
    "Email": "Not provided",
    "Community": [
      "https://github.com/calcuis/gguf",
      "https://github.com/calcuis/gguf/releases",
      "https://pypi.org/project/gguf-node",
      "https://pypi.org/project/gguf-connector"
    ]
  },
  "Technical_Requirements": {
    "Software": [
      "gguf-connector",
      "gguf-node",
      "ComfyUI",
      "diffusers (git+https://github.com/huggingface/diffusers.git)",
      "torch",
      "transformers"
    ],
    "Hardware": {
      "CPU": "Not provided",
      "GPU": "Not provided",
      "RAM": "Not provided",
      "Storage": "Not provided"
    }
  },
  "Access_and_Distribution": {
    "Download_Link": "Not provided",
    "Model_Variants": [
      {
        "Name": "flux-kontext-lite-q2_k.gguf",
        "Link": "Not provided",
        "Type": "q2_k",
        "Size": "Not provided",
        "Notes": "Fastest loading speed (6.40±.7 s/it)"
      },
      {
        "Name": "flux-kontext-lite-q4_0.gguf",
        "Link": "Not provided",
        "Type": "q4_0",
        "Size": "Not provided",
        "Notes": "Fast loading speed (8.58±.5 s/it)"
      },
      {
        "Name": "flux-kontext-lite-q8_0.gguf",
        "Link": "Not provided",
        "Type": "q8_0",
        "Size": "Not provided",
        "Notes": "Good loading speed (9.45±.3 s/it)"
      },
      {
        "Name": "Not provided",
        "Link": "Not provided",
        "Type": "q4_1",
        "Size": "Not provided",
        "Notes": "Loading speed (9.12±.5 s/it)"
      },
      {
        "Name": "Not provided",
        "Link": "Not provided",
        "Type": "q3_k",
        "Size": "Not provided",
        "Notes": "Loading speed (9.50±.3 s/it)"
      },
      {
        "Name": "Not provided",
        "Link": "Not provided",
        "Type": "q5_0",
        "Size": "Not provided",
        "Notes": "Loading speed (10.48±.5 s/it)"
      },
      {
        "Name": "Not provided",
        "Link": "Not provided",
        "Type": "iq4_nl",
        "Size": "Not provided",
        "Notes": "Loading speed (10.55±.5 s/it)"
      },
      {
        "Name": "Not provided",
        "Link": "Not provided",
        "Type": "q5_1",
        "Size": "Not provided",
        "Notes": "Loading speed (10.65±.5 s/it)"
      },
      {
        "Name": "Not provided",
        "Link": "Not provided",
        "Type": "iq4_xs",
        "Size": "Not provided",
        "Notes": "Loading speed (11.45±.7 s/it)"
      },
      {
        "Name": "Not provided",
        "Link": "Not provided",
        "Type": "iq3_s",
        "Size": "Not provided",
        "Notes": "Loading speed (11.62±.9 s/it)"
      },
      {
        "Name": "Not provided",
        "Link": "Not provided",
        "Type": "iq3_xxs",
        "Size": "Not provided",
        "Notes": "Slowest loading speed (12.08±.9 s/it)"
      },
      {
        "Name": "kontext-v2",
        "Link": "Not provided",
        "Type": "s-quant, k-quant",
        "Size": "Not provided",
        "Notes": "Loads faster, avoids key breaking issue, compatible for non-cuda machines."
      },
      {
        "Name": "kontext-v3",
        "Link": "Not provided",
        "Type": "i-quant",
        "Size": "Not provided",
        "Notes": "Requires latest node version for full quant support."
      },
      {
        "Name": "kontext-v4",
        "Link": "Not provided",
        "Type": "t-quant",
        "Size": "Not provided",
        "Notes": "Extremely fast, for speed test/experimental purposes."
      }
    ]
  },
  "Dataset": {
    "Name": "Not provided",
    "Sources": "Not provided",
    "Description": "Not provided"
  },
  "Model_Architecture": {
    "Architecture_Type": "Diffusion model",
    "Base_Architecture": "FLUX.1-Kontext-dev",
    "Number_Parameters": "Not provided",
    "Parameters": "Not provided",
    "Input_Type": "Image-Text",
    "Output_Type": "Image"
  },
  "Training_Details": {
    "Training_Data": "Not provided",
    "Preprocessing": "Not provided",
    "Hyperparameters": "Not provided"
  },
  "Evaluation": {
    "Evaluation_Data": "Not provided",
    "Performance_Metrics": "Not provided",
    "Source": "Not provided"
  },
  "Intended_Use": {
    "Task": [
      "Image-to-image",
      "Image editing"
    ]
  },
  "Bias_Risks_and_Limitations": {
    "Limitations": "The model may run slowly or fall into a slow mode on machines with insufficient VRAM. `bf16` tensors may not be compatible with non-CUDA machines."
  },
  "License": "flux-1-dev-non-commercial-license"
}