{
  "Model_Description": {
    "Name": "calcuis/ltxv-gguf",
    "Description": "This model card provides GGUF quantized and fp8 scaled versions of the LTX-Video model, designed for video generation tasks."
  },
  "Model_Sources": {
    "Repository": "https://huggingface.co/calcuis/ltxv-gguf",
    "Paper": "Not provided",
    "Demo": "Not provided"
  },
  "Citation": "Not provided",
  "Contact": {
    "Author": "calcuis",
    "Email": "Not provided",
    "Community": [
      "https://pypi.org/project/gguf-node",
      "https://github.com/calcuis/gguf",
      "https://github.com/calcuis/gguf/releases",
      "https://pypi.org/project/gguf-connector"
    ]
  },
  "Technical_Requirements": {
    "Software": [
      "torch",
      "transformers",
      "diffusers",
      "gguf-node",
      "gguf-connector",
      "ComfyUI"
    ],
    "Hardware": {
      "CPU": "Not provided",
      "GPU": "cuda",
      "RAM": "Not provided",
      "Storage": "Not provided"
    }
  },
  "Access_and_Distribution": {
    "Download_Link": "Not provided",
    "Model_Variants": [
      {
        "Name": "ltx-video-2b-v0.9.1-r2-q4_0.gguf",
        "Link": "https://huggingface.co/calcuis/ltxv-gguf/blob/main/ltx-video-2b-v0.9.1-r2-q4_0.gguf",
        "Type": "q4_0",
        "Size": "1.09GB",
        "Notes": "Not provided"
      },
      {
        "Name": "t5xxl_fp16-q4_0.gguf",
        "Link": "https://huggingface.co/calcuis/ltxv-gguf/blob/main/t5xxl_fp16-q4_0.gguf",
        "Type": "fp16-q4_0",
        "Size": "2.9GB",
        "Notes": "Text encoder"
      },
      {
        "Name": "ltxv_vae_fp32-f16.gguf",
        "Link": "https://huggingface.co/calcuis/ltxv-gguf/blob/main/ltxv_vae_fp32-f16.gguf",
        "Type": "fp32-f16",
        "Size": "838MB",
        "Notes": "VAE component"
      },
      {
        "Name": "ltx-video-2b-v0.9-q8_0.gguf",
        "Link": "https://huggingface.co/calcuis/ltxv-gguf/blob/main/ltx-video-2b-v0.9-q8_0.gguf",
        "Type": "q8_0",
        "Size": "Not provided",
        "Notes": "Not provided"
      },
      {
        "Name": "ltxv-2b-0.9.8-distilled-iq4_nl.gguf",
        "Link": "Not provided",
        "Type": "iq4_nl",
        "Size": "Not provided",
        "Notes": "Not provided"
      },
      {
        "Name": "ltxv-2b-0.9.8-distilled-q6_k.gguf",
        "Link": "Not provided",
        "Type": "q6_k",
        "Size": "Not provided",
        "Notes": "Not provided"
      },
      {
        "Name": "ltxv-2b-0.9.8-distilled-q8_0.gguf",
        "Link": "Not provided",
        "Type": "q8_0",
        "Size": "Not provided",
        "Notes": "Not provided"
      },
      {
        "Name": "q2_k gguf",
        "Link": "Not provided",
        "Type": "q2_k",
        "Size": "Not provided",
        "Notes": "super fast but not usable; keep it for testing only"
      },
      {
        "Name": "0.9_fp8_e4m3fn",
        "Link": "Not provided",
        "Type": "fp8_e4m3fn",
        "Size": "Not provided",
        "Notes": "working pretty good"
      },
      {
        "Name": "0.9-vae_fp8_e4m3fn",
        "Link": "Not provided",
        "Type": "fp8_e4m3fn",
        "Size": "Not provided",
        "Notes": "working pretty good"
      },
      {
        "Name": "enhanced vae",
        "Link": "Not provided",
        "Type": "fp32",
        "Size": "Not provided",
        "Notes": "from fp8 to fp32"
      },
      {
        "Name": "low ram version gguf vae",
        "Link": "Not provided",
        "Type": "gguf",
        "Size": "Not provided",
        "Notes": "Not provided"
      }
    ]
  },
  "Dataset": {
    "Name": "Not provided",
    "Sources": "Not provided",
    "Description": "Not provided"
  },
  "Model_Architecture": {
    "Architecture_Type": "Transformer-based Diffusion Model",
    "Base_Architecture": "Lightricks/LTX-Video",
    "Number_Parameters": "2B",
    "Parameters": {
      "compute_dtype": "torch.bfloat16",
      "torch_dtype": "torch.bfloat16",
      "width": 704,
      "height": 480,
      "num_frames": 25,
      "num_inference_steps": 50
    },
    "Input_Type": "Text, Image-Text",
    "Output_Type": "Video"
  },
  "Training_Details": {
    "Training_Data": "Not provided",
    "Preprocessing": "Not provided",
    "Hyperparameters": {
      "num_inference_steps_distilled": 15
    }
  },
  "Evaluation": {
    "Evaluation_Data": "Not provided",
    "Performance_Metrics": "Not provided",
    "Source": "Not provided"
  },
  "Intended_Use": {
    "Task": [
      "Image-to-Video",
      "Text-to-Video"
    ]
  },
  "Bias_Risks_and_Limitations": {
    "Limitations": "The `q2_k` GGUF variant is super fast but not usable and is recommended for testing only."
  },
  "License": "other"
}