{
  "Model_Description": {
    "Name": "calcuis/wan-gguf",
    "Description": "This model is a GGUF quantized version of the Wan video model, designed for text-to-video generation."
  },
  "Model_Sources": {
    "Repository": "https://huggingface.co/calcuis/wan-gguf",
    "Paper": "Not provided",
    "Demo": "Not provided"
  },
  "Citation": "Not provided",
  "Contact": {
    "Author": "calcuis",
    "Email": "Not provided",
    "Community": [
      "https://pypi.org/project/gguf-connector",
      "https://pypi.org/project/gguf-node",
      "https://github.com/calcuis/gguf"
    ]
  },
  "Technical_Requirements": {
    "Software": [
      "Python",
      "torch",
      "transformers",
      "diffusers",
      "ComfyUI",
      "gguf-connector",
      "gguf-node"
    ],
    "Hardware": {
      "CPU": "Not provided",
      "GPU": "Not provided",
      "RAM": "Not provided",
      "Storage": "Not provided"
    }
  },
  "Access_and_Distribution": {
    "Download_Link": "",
    "Model_Variants": [
      {
        "Name": "wan2.1-v5-vace-1.3b-q4_0.gguf",
        "Link": "https://huggingface.co/calcuis/wan-gguf/blob/main/wan2.1-v5-vace-1.3b-q4_0.gguf",
        "Type": "q4_0",
        "Size": "Not provided",
        "Notes": "1.3b model: t2v, vace gguf is working fine; good for old or low end machine; except block weights, all in f32 status"
      },
      {
        "Name": "t5xxl_um_fp8_e4m3fn_scaled.safetensors",
        "Link": "https://huggingface.co/calcuis/wan-gguf/blob/main/t5xxl_um_fp8_e4m3fn_scaled.safetensors",
        "Type": "fp8_e4m3fn_scaled",
        "Size": "Not provided",
        "Notes": "fp8 scaled umt5xxl encoder"
      },
      {
        "Name": "umt5-xxl-encoder-q4_k_m.gguf",
        "Link": "https://huggingface.co/calcuis/wan-1.3b-gguf/blob/main/umt5-xxl-encoder-q4_k_m.gguf",
        "Type": "q4_k_m",
        "Size": "Not provided",
        "Notes": "Not provided"
      },
      {
        "Name": "pig_wan_vae_fp32-f16.gguf",
        "Link": "https://huggingface.co/calcuis/wan-1.3b-gguf/blob/main/pig_wan_vae_fp32-f16.gguf",
        "Type": "fp32-f16",
        "Size": "Not provided",
        "Notes": "Not provided"
      }
    ]
  },
  "Dataset": {
    "Name": "Not provided",
    "Sources": "Not provided",
    "Description": "Not provided"
  },
  "Model_Architecture": {
    "Architecture_Type": "Transformer",
    "Base_Architecture": "Comfy-Org/Wan_2.1_ComfyUI_repackaged, UMT5EncoderModel, WanVACETransformer3DModel",
    "Number_Parameters": "1.3B",
    "Parameters": "Not provided",
    "Input_Type": "Text",
    "Output_Type": "Video"
  },
  "Training_Details": {
    "Training_Data": "Not provided",
    "Preprocessing": "Not provided",
    "Hyperparameters": "Not provided"
  },
  "Evaluation": {
    "Evaluation_Data": "Not provided",
    "Performance_Metrics": "Not provided",
    "Source": "Not provided"
  },
  "Intended_Use": {
    "Task": [
      "text-to-video"
    ]
  },
  "Bias_Risks_and_Limitations": {
    "Limitations": "If you try to run it in comfyui-gguf node, you might need to manually add `pig` in its IMG_ARCH_LIST (under loader.py)."
  },
  "License": "Apache-2.0"
}