{
  "Model_Description": {
    "Name": "calcuis/wan2-gguf",
    "Description": "This model card describes gguf quantized versions of wan2.2 models."
  },
  "Model_Sources": {
    "Repository": "https://huggingface.co/Wan-AI",
    "Paper": "Not provided",
    "Demo": "Not provided"
  },
  "Citation": "Not provided",
  "Contact": {
    "Author": "calcuis",
    "Email": "Not provided",
    "Community": "Not provided"
  },
  "Technical_Requirements": {
    "Software": [
      "ComfyUI",
      "gguf-node"
    ],
    "Hardware": {
      "CPU": "Not provided",
      "GPU": "Not provided",
      "RAM": "Not provided",
      "Storage": "Not provided"
    }
  },
  "Access_and_Distribution": {
    "Download_Link": "Not provided",
    "Model_Variants": [
      {
        "Name": "wan2.2_s2v_lite_lora.safetensors",
        "Link": "https://huggingface.co/calcuis/wan2-gguf/blob/main/wan2.2_s2v_lite_lora.safetensors",
        "Type": "",
        "Size": "1.23GB",
        "Notes": "can apply to animate model also"
      },
      {
        "Name": "pig_wan2_vae_fp32-f16.gguf",
        "Link": "https://huggingface.co/calcuis/wan2-gguf/blob/main/pig_wan2_vae_fp32-f16.gguf",
        "Type": "fp32-f16",
        "Size": "1.41GB",
        "Notes": "for 5b model"
      },
      {
        "Name": "pig_wan_vae_fp32-f16.gguf",
        "Link": "https://huggingface.co/calcuis/wan2-gguf/blob/main/pig_wan_vae_fp32-f16.gguf",
        "Type": "fp32-f16",
        "Size": "254MB",
        "Notes": "for 14b model"
      }
    ]
  },
  "Dataset": {
    "Name": "Not provided",
    "Sources": "Not provided",
    "Description": "Not provided"
  },
  "Model_Architecture": {
    "Architecture_Type": "Not provided",
    "Base_Architecture": "Wan_2.2",
    "Number_Parameters": "Not provided",
    "Parameters": "Not provided",
    "Input_Type": "Text",
    "Output_Type": "Video"
  },
  "Training_Details": {
    "Training_Data": "Not provided",
    "Preprocessing": "Not provided",
    "Hyperparameters": "Not provided"
  },
  "Evaluation": {
    "Evaluation_Data": "Not provided",
    "Performance_Metrics": "Not provided",
    "Source": "Not provided"
  },
  "Intended_Use": {
    "Task": [
      "text-to-video"
    ]
  },
  "Bias_Risks_and_Limitations": {
    "Limitations": "Not provided"
  },
  "License": "Apache-2.0"
}