{
  "Model_Description": {
    "Name": "baidu/ERNIE-4.5-0.3B-PT",
    "Description": "ERNIE-4.5-0.3B is a text dense Post-trained model. It is part of the ERNIE 4.5 series, which are jointly trained on textual and visual modalities to improve performance on tasks involving text understanding and generation, image understanding, and cross-modal reasoning."
  },
  "Model_Sources": {
    "Repository": "https://github.com/PaddlePaddle/ERNIE",
    "Paper": "Not provided",
    "Demo": "https://ernie.baidu.com/"
  },
  "Citation": "@misc{ernie2025technicalreport,\n      title={ERNIE 4.5 Technical Report},\n      author={Baidu ERNIE Team},\n      year={2025},\n      eprint={},\n      archivePrefix={arXiv},\n      primaryClass={cs.CL},\n      url={}\n}",
  "Contact": {
    "Author": "Baidu ERNIE Team",
    "Email": "Not provided",
    "Community": [
      "https://discord.gg/JPmZXDsEEK",
      "https://x.com/PaddlePaddle"
    ]
  },
  "Technical_Requirements": {
    "Software": [
      "transformers >= 4.54.0",
      "torch",
      "vllm"
    ],
    "Hardware": {
      "CPU": "Not provided",
      "GPU": "Not provided",
      "RAM": "Not provided",
      "Storage": "Not provided"
    }
  },
  "Access_and_Distribution": {
    "Download_Link": "Not provided",
    "Model_Variants": []
  },
  "Dataset": {
    "Name": "Not provided",
    "Sources": "Not provided",
    "Description": "Not provided"
  },
  "Model_Architecture": {
    "Architecture_Type": "MoE-based Transformer",
    "Base_Architecture": "ERNIE 4.5",
    "Number_Parameters": "0.36B",
    "Parameters": {
      "Layers": 18,
      "Heads(Q/KV)": "16 / 2",
      "Context Length": 131072
    },
    "Input_Type": "Text",
    "Output_Type": "Text"
  },
  "Training_Details": {
    "Training_Data": "Not provided",
    "Preprocessing": "Multimodal heterogeneous MoE pre-training; modality-isolated routing; router orthogonal loss; multimodal token-balanced loss; heterogeneous hybrid parallelism; hierarchical load balancing; intra-node expert parallelism; memory-efficient pipeline scheduling; FP8 mixed-precision training; finegrained recomputation methods; multi-expert parallel collaboration method; convolutional code quantization algorithm; PD disaggregation with dynamic role switching; Supervised Fine-tuning (SFT); Direct Preference Optimization (DPO); Unified Preference Optimization (UPO).",
    "Hyperparameters": "Not provided"
  },
  "Evaluation": {
    "Evaluation_Data": "Not provided",
    "Performance_Metrics": "Not provided",
    "Source": "Not provided"
  },
  "Intended_Use": {
    "Task": [
      "text-generation",
      "language understanding",
      "cross-modal reasoning"
    ]
  },
  "Bias_Risks_and_Limitations": {
    "Limitations": "Not provided"
  },
  "License": "Apache-2.0"
}