{
  "Model_Description": {
    "Name": "ERNIE-4.5-300B-A47B-PT",
    "Description": "ERNIE-4.5-300B-A47B-PT is a text MoE Post-trained model with 300B total parameters and 47B activated parameters. It is designed for general-purpose language understanding and generation, leveraging multimodal heterogeneous MoE pre-training."
  },
  "Model_Sources": {
    "Repository": "https://github.com/PaddlePaddle/ERNIE",
    "Paper": "Not provided",
    "Demo": "https://ernie.baidu.com/"
  },
  "Citation": "@misc{ernie2025technicalreport,\n      title={ERNIE 4.5 Technical Report},\n      author={Baidu ERNIE Team},\n      year={2025},\n      eprint={},\n      archivePrefix={arXiv},\n      primaryClass={cs.CL},\n      url={}\n}",
  "Contact": {
    "Author": "Baidu ERNIE Team",
    "Email": "Not provided",
    "Community": [
      "https://discord.gg/JPmZXDsEEK",
      "https://x.com/PaddlePaddle"
    ]
  },
  "Technical_Requirements": {
    "Software": [
      "transformers >= 4.54.0",
      "torch",
      "vllm",
      "PaddlePaddle"
    ],
    "Hardware": {
      "CPU": "Not provided",
      "GPU": "Not provided",
      "RAM": "Not provided",
      "Storage": "Not provided"
    }
  },
  "Access_and_Distribution": {
    "Download_Link": "Not provided",
    "Model_Variants": []
  },
  "Dataset": {
    "Name": "Not provided",
    "Sources": "Not provided",
    "Description": "Not provided"
  },
  "Model_Architecture": {
    "Architecture_Type": "MoE (Mixture of Experts)",
    "Base_Architecture": "ERNIE 4.5",
    "Number_Parameters": "300B",
    "Parameters": {
      "Layers": 54,
      "Heads (Q/KV)": "64 / 8",
      "Text Experts (Total/Activated)": "64 / 8",
      "Vision Experts (Total/Activated)": "64 / 8",
      "Context Length": 131072
    },
    "Input_Type": "Text",
    "Output_Type": "Text"
  },
  "Training_Details": {
    "Training_Data": "Not provided",
    "Preprocessing": "Multimodal heterogeneous MoE pre-training with heterogeneous MoE structure, modality-isolated routing, router orthogonal loss, and multimodal token-balanced loss. Scaling-efficient infrastructure using heterogeneous hybrid parallelism, hierarchical load balancing, intra-node expert parallelism, memory-efficient pipeline scheduling, FP8 mixed-precision training, and fine-grained recomputation. Modality-specific post-training using Supervised Fine-tuning (SFT), Direct Preference Optimization (DPO), or Unified Preference Optimization (UPO).",
    "Hyperparameters": {
      "Temperature": 0.8,
      "TopP": 0.8
    }
  },
  "Evaluation": {
    "Evaluation_Data": "Not provided",
    "Performance_Metrics": "Not provided",
    "Source": "Not provided"
  },
  "Intended_Use": {
    "Task": [
      "text-generation",
      "language understanding"
    ]
  },
  "Bias_Risks_and_Limitations": {
    "Limitations": "Not provided"
  },
  "License": "Apache-2.0"
}