{
  "Model_Description": {
    "Name": "baidu/ERNIE-4.5-0.3B-Paddle",
    "Description": "ERNIE-4.5-0.3B is a text dense Post-trained model, part of the ERNIE 4.5 series. These MoE-based models are jointly trained on textual and visual modalities, optimized for general-purpose language understanding and generation."
  },
  "Model_Sources": {
    "Repository": "https://github.com/PaddlePaddle/ERNIE",
    "Paper": "Not provided",
    "Demo": "https://ernie.baidu.com/"
  },
  "Citation": "@misc{ernie2025technicalreport,\n      title={ERNIE 4.5 Technical Report},\n      author={Baidu ERNIE Team},\n      year={2025},\n      eprint={},\n      archivePrefix={arXiv},\n      primaryClass={cs.CL},\n      url={}\n}",
  "Contact": {
    "Author": "Baidu ERNIE Team",
    "Email": "Not provided",
    "Community": [
      "https://discord.gg/JPmZXDsEEK",
      "https://x.com/PaddlePaddle"
    ]
  },
  "Technical_Requirements": {
    "Software": [
      "PaddlePaddle",
      "ERNIEKit",
      "FastDeploy"
    ],
    "Hardware": {
      "CPU": "Not provided",
      "GPU": "Not provided",
      "RAM": "Not provided",
      "Storage": "Not provided"
    }
  },
  "Access_and_Distribution": {
    "Download_Link": "Not provided",
    "Model_Variants": []
  },
  "Dataset": {
    "Name": "Not provided",
    "Sources": "Not provided",
    "Description": "Not provided"
  },
  "Model_Architecture": {
    "Architecture_Type": "MoE-based",
    "Base_Architecture": "ERNIE 4.5",
    "Number_Parameters": "0.36B",
    "Parameters": {
      "Modality": "Text",
      "Training Stage": "Posttraining",
      "Layers": 18,
      "Heads(Q/KV)": "16 / 2",
      "Context Length": 131072
    },
    "Input_Type": "Text",
    "Output_Type": "Text"
  },
  "Training_Details": {
    "Training_Data": "Not provided",
    "Preprocessing": "Not provided",
    "Hyperparameters": "Not provided"
  },
  "Evaluation": {
    "Evaluation_Data": "Not provided",
    "Performance_Metrics": "Not provided",
    "Source": "Not provided"
  },
  "Intended_Use": {
    "Task": [
      "text-generation",
      "language understanding",
      "image understanding"
    ]
  },
  "Bias_Risks_and_Limitations": {
    "Limitations": "Not provided"
  },
  "License": "Apache-2.0"
}