{
  "Model_Description": {
    "Name": "baidu/ERNIE-4.5-VL-424B-A47B-PT",
    "Description": "ERNIE-4.5-VL-424B-A47B is a multimodal MoE Chat model based on ERNIE-4.5-VL-424B-A47B-Base, with 424B total parameters and 47B activated parameters for each token. It is jointly trained on textual and visual modalities to capture multimodal information and improve performance on tasks involving text understanding and generation, image understanding, and cross-modal reasoning."
  },
  "Model_Sources": {
    "Repository": "https://github.com/PaddlePaddle/ERNIE",
    "Paper": "Not provided",
    "Demo": "Not provided"
  },
  "Citation": "@misc{ernie2025technicalreport,\n      title={ERNIE 4.5 Technical Report},\n      author={Baidu ERNIE Team},\n      year={2025},\n      eprint={},\n      archivePrefix={arXiv},\n      primaryClass={cs.CL},\n      url={}\n}",
  "Contact": {
    "Author": "Baidu ERNIE Team",
    "Email": "Not provided",
    "Community": [
      "https://discord.gg/JPmZXDsEEK",
      "https://x.com/PaddlePaddle"
    ]
  },
  "Technical_Requirements": {
    "Software": [
      "transformers",
      "PaddlePaddle",
      "vllm",
      "Python"
    ],
    "Hardware": {
      "CPU": "Not provided",
      "GPU": "Not provided",
      "RAM": "Not provided",
      "Storage": "Not provided"
    }
  },
  "Access_and_Distribution": {
    "Download_Link": "Not provided",
    "Model_Variants": []
  },
  "Dataset": {
    "Name": "Not provided",
    "Sources": "Not provided",
    "Description": "Not provided"
  },
  "Model_Architecture": {
    "Architecture_Type": "Multimodal Heterogeneous MoE",
    "Base_Architecture": "ERNIE-4.5-VL-424B-A47B-Base",
    "Number_Parameters": "424B",
    "Parameters": {
      "Layers": 54,
      "Heads(Q/KV)": "64 / 8",
      "Text Experts(Total / Activated)": "64 / 8",
      "Vision Experts(Total / Activated)": "64 / 8",
      "Context Length": 131072
    },
    "Input_Type": "Text & Vision",
    "Output_Type": "Text"
  },
  "Training_Details": {
    "Training_Data": "Not provided",
    "Preprocessing": "Multimodal heterogeneous MoE structure, modality-isolated routing, router orthogonal loss, multimodal token-balanced loss, heterogeneous hybrid parallelism, hierarchical load balancing strategy, intra-node expert parallelism, memory-efficient pipeline scheduling, FP8 mixed-precision training, finegrained recomputation methods, Supervised Fine-tuning (SFT), Direct Preference Optimization (DPO), Unified Preference Optimization (UPO), RLVR (Reinforcement Learning with Verifiable Rewards).",
    "Hyperparameters": "Not provided"
  },
  "Evaluation": {
    "Evaluation_Data": "Not provided",
    "Performance_Metrics": "Not provided",
    "Source": "Not provided"
  },
  "Intended_Use": {
    "Task": [
      "image-text-to-text",
      "general-purpose language understanding and generation",
      "visual-language understanding"
    ]
  },
  "Bias_Risks_and_Limitations": {
    "Limitations": "Not provided"
  },
  "License": "Apache-2.0"
}