{
  "Model_Description": {
    "Name": "baidu/ERNIE-4.5-300B-A47B-2Bits-Paddle",
    "Description": "ERNIE-4.5-300B-A47B is a text MoE Post-trained model with 300B total parameters and 47B activated parameters for each token. It is designed to capture the nuances of multimodal information and improve performance on tasks involving text understanding and generation, image understanding, and cross-modal reasoning through multimodal heterogeneous MoE pre-training."
  },
  "Model_Sources": {
    "Repository": "https://github.com/PaddlePaddle/ERNIE",
    "Paper": "Not provided",
    "Demo": "https://ernie.baidu.com/"
  },
  "Citation": "@misc{ernie2025technicalreport,\n      title={ERNIE 4.5 Technical Report},\n      author={Baidu ERNIE Team},\n      year={2025},\n      eprint={},\n      archivePrefix={arXiv},\n      primaryClass={cs.CL},\n      url={}\n}",
  "Contact": {
    "Author": "Baidu ERNIE Team",
    "Email": "Not provided",
    "Community": [
      "https://discord.gg/JPmZXDsEEK",
      "https://x.com/PaddlePaddle"
    ]
  },
  "Technical_Requirements": {
    "Software": [
      "Python",
      "FastDeploy",
      "PaddlePaddle"
    ],
    "Hardware": {
      "CPU": "Not provided",
      "GPU": [
        "4 GPUs each having at least 80G of memory",
        "8 GPUs",
        "one GPU"
      ],
      "RAM": "Not provided",
      "Storage": "Not provided"
    }
  },
  "Access_and_Distribution": {
    "Download_Link": "Not provided",
    "Model_Variants": [
      {
        "Name": "ERNIE-4.5-300B-A47B-Paddle",
        "Link": "Not provided",
        "Type": "wint4",
        "Size": "Not provided",
        "Notes": "Not provided"
      },
      {
        "Name": "ERNIE-4.5-300B-A47B-W4A8C8-TP4-Paddle",
        "Link": "Not provided",
        "Type": "W4A8C8",
        "Size": "Not provided",
        "Notes": "Not provided"
      },
      {
        "Name": "ERNIE-4.5-300B-A47B-2Bits-Paddle",
        "Link": "Not provided",
        "Type": "WINT2",
        "Size": "Not provided",
        "Notes": "Not provided"
      },
      {
        "Name": "ERNIE-4.5-300B-A47B-FP8-Paddle",
        "Link": "Not provided",
        "Type": "FP8",
        "Size": "Not provided",
        "Notes": "Not provided"
      }
    ]
  },
  "Dataset": {
    "Name": "Not provided",
    "Sources": "Not provided",
    "Description": "Not provided"
  },
  "Model_Architecture": {
    "Architecture_Type": "MoE-based",
    "Base_Architecture": "ERNIE 4.5",
    "Number_Parameters": "300B",
    "Parameters": {
      "Modality": "Text",
      "Training Stage": "Pretraining",
      "Params(Total / Activated)": "300B / 47B",
      "Layers": 54,
      "Heads(Q/KV)": "64 / 8",
      "Text Experts(Total / Activated)": "64 / 8",
      "Vision Experts(Total / Activated)": "64 / 8",
      "Context Length": 131072
    },
    "Input_Type": "Text",
    "Output_Type": "Text"
  },
  "Training_Details": {
    "Training_Data": "Not provided",
    "Preprocessing": [
      "Multimodal heterogeneous MoE pre-training (textual and visual modalities)",
      "Heterogeneous MoE structure",
      "Modality-isolated routing",
      "Router orthogonal loss",
      "Multimodal token-balanced loss",
      "Heterogeneous hybrid parallelism",
      "Hierarchical load balancing strategy",
      "Intra-node expert parallelism",
      "Memory-efficient pipeline scheduling",
      "FP8 mixed-precision training",
      "Finegrained recomputation methods",
      "Multi-expert parallel collaboration method (for inference)",
      "Convolutional code quantization algorithm (4-bit/2-bit lossless for inference)",
      "PD disaggregation with dynamic role switching (for inference)",
      "Supervised Fine-tuning (SFT)",
      "Direct Preference Optimization (DPO)",
      "Unified Preference Optimization (UPO)"
    ],
    "Hyperparameters": "Not provided"
  },
  "Evaluation": {
    "Evaluation_Data": "Not provided",
    "Performance_Metrics": "Not provided",
    "Source": "Not provided"
  },
  "Intended_Use": {
    "Task": [
      "text-generation",
      "language understanding",
      "Web Search"
    ]
  },
  "Bias_Risks_and_Limitations": {
    "Limitations": "Not provided"
  },
  "License": "Apache-2.0"
}