{
  "Model_Description": {
    "Name": "baidu/ERNIE-4.5-21B-A3B-PT",
    "Description": "ERNIE-4.5-21B-A3B is a text MoE Post-trained model with 21B total parameters and 3B activated parameters. It is designed for general-purpose language understanding and generation, leveraging multimodal heterogeneous MoE pre-training."
  },
  "Model_Sources": {
    "Repository": "https://github.com/PaddlePaddle/ERNIE",
    "Paper": "Not provided",
    "Demo": "https://ernie.baidu.com/"
  },
  "Citation": "@misc{ernie2025technicalreport,\n      title={ERNIE 4.5 Technical Report},\n      author={Baidu ERNIE Team},\n      year={2025},\n      eprint={},\n      archivePrefix={arXiv},\n      primaryClass={cs.CL},\n      url={}\n}",
  "Contact": {
    "Author": "Baidu ERNIE Team",
    "Email": "Not provided",
    "Community": [
      "https://huggingface.co/baidu",
      "https://ernie.baidu.com/blog/ernie4.5",
      "https://discord.gg/JPmZXDsEEK",
      "https://x.com/PaddlePaddle"
    ]
  },
  "Technical_Requirements": {
    "Software": [
      "transformers >= 4.54.0",
      "torch",
      "vllm"
    ],
    "Hardware": {
      "CPU": "Not provided",
      "GPU": "Not provided",
      "RAM": "Not provided",
      "Storage": "Not provided"
    }
  },
  "Access_and_Distribution": {
    "Download_Link": "Not provided",
    "Model_Variants": []
  },
  "Dataset": {
    "Name": "Not provided",
    "Sources": "Not provided",
    "Description": "Not provided"
  },
  "Model_Architecture": {
    "Architecture_Type": "MoE-based",
    "Base_Architecture": "ERNIE 4.5",
    "Number_Parameters": "21B",
    "Parameters": {
      "Modality": "Text",
      "Training Stage": "Posttraining",
      "Params(Total / Activated)": "21B / 3B",
      "Layers": 28,
      "Heads(Q/KV)": "20 / 4",
      "Text Experts(Total / Activated)": "64 / 6",
      "Vision Experts(Total / Activated)": "64 / 6",
      "Shared Experts": 2,
      "Context Length": 131072
    },
    "Input_Type": "Text",
    "Output_Type": "Text"
  },
  "Training_Details": {
    "Training_Data": "Not provided",
    "Preprocessing": "Not provided",
    "Hyperparameters": "Not provided"
  },
  "Evaluation": {
    "Evaluation_Data": "Not provided",
    "Performance_Metrics": "Not provided",
    "Source": "Not provided"
  },
  "Intended_Use": {
    "Task": [
      "Text generation",
      "Language understanding"
    ]
  },
  "Bias_Risks_and_Limitations": {
    "Limitations": "Not provided"
  },
  "License": "Apache-2.0"
}