{
  "Model_Description": {
    "Name": "baidu/ERNIE-4.5-21B-A3B-Thinking",
    "Description": "ERNIE-4.5-21B-A3B-Thinking is a text MoE post-trained model with 21B total parameters, designed to improve reasoning capabilities in complex tasks, efficient tool usage, and enhanced 128K long-context understanding."
  },
  "Model_Sources": {
    "Repository": "https://github.com/PaddlePaddle/ERNIE",
    "Paper": "https://ernie.baidu.com/blog/publication/ERNIE_Technical_Report.pdf",
    "Demo": "https://ernie.baidu.com/"
  },
  "Citation": "@misc{ernie2025technicalreport,\n      title={ERNIE 4.5 Technical Report},\n      author={Baidu-ERNIE-Team},\n      year={2025},\n      primaryClass={cs.CL},\n      howpublished={\\url{https://ernie.baidu.com/blog/publication/ERNIE_Technical_Report.pdf}}\n}",
  "Contact": {
    "Author": "Baidu-ERNIE-Team",
    "Email": "Not provided",
    "Community": [
      "https://huggingface.co/baidu",
      "https://discord.gg/JPmZXDsEEK",
      "https://x.com/PaddlePaddle"
    ]
  },
  "Technical_Requirements": {
    "Software": [
      "transformers >= 4.54.0",
      "FastDeploy 2.2",
      "PyTorch",
      "PaddlePaddle",
      "vLLM"
    ],
    "Hardware": {
      "CPU": "Not provided",
      "GPU": "GPU with 80GB memory",
      "RAM": "Not provided",
      "Storage": "Not provided"
    }
  },
  "Access_and_Distribution": {
    "Download_Link": "Not provided",
    "Model_Variants": []
  },
  "Dataset": {
    "Name": "Not provided",
    "Sources": "Not provided",
    "Description": "Not provided"
  },
  "Model_Architecture": {
    "Architecture_Type": "MoE post-trained model",
    "Base_Architecture": "ERNIE",
    "Number_Parameters": "21B",
    "Parameters": {
      "Modality": "Text",
      "Training Stage": "Posttraining",
      "Params(Total / Activated)": "21B / 3B",
      "Layers": 28,
      "Heads(Q/KV)": "20 / 4",
      "Text Experts(Total / Activated)": "64 / 6",
      "Shared Experts": 2,
      "Context Length": 131072
    },
    "Input_Type": "Text",
    "Output_Type": "Text"
  },
  "Training_Details": {
    "Training_Data": "Not provided",
    "Preprocessing": "Not provided",
    "Hyperparameters": "Not provided"
  },
  "Evaluation": {
    "Evaluation_Data": "Not provided",
    "Performance_Metrics": "Not provided",
    "Source": "Not provided"
  },
  "Intended_Use": {
    "Task": [
      "text-generation",
      "reasoning",
      "tool usage"
    ]
  },
  "Bias_Risks_and_Limitations": {
    "Limitations": "Not provided"
  },
  "License": "Apache-2.0"
}