{
  "Model_Description": {
    "Name": "baidu/ERNIE-4.5-VL-28B-A3B-PT",
    "Description": "ERNIE-4.5-VL-28B-A3B is a multimodal MoE Chat model, with 28B total parameters and 3B activated parameters for each token. It is jointly trained on both textual and visual modalities for multimodal information and supports both thinking and non-thinking modes."
  },
  "Model_Sources": {
    "Repository": "https://github.com/PaddlePaddle/ERNIE",
    "Paper": "Not provided",
    "Demo": "https://ernie.baidu.com/"
  },
  "Citation": "@misc{ernie2025technicalreport,\n      title={ERNIE 4.5 Technical Report},\n      author={Baidu ERNIE Team},\n      year={2025},\n      eprint={},\n      archivePrefix={arXiv},\n      primaryClass={cs.CL},\n      url={}\n}",
  "Contact": {
    "Author": "Baidu ERNIE Team",
    "Email": "Not provided",
    "Community": [
      "https://discord.gg/JPmZXDsEEK",
      "https://x.com/PaddlePaddle",
      "https://huggingface.co/baidu"
    ]
  },
  "Technical_Requirements": {
    "Software": [
      "transformers",
      "torch",
      "vllm"
    ],
    "Hardware": {
      "CPU": "Not provided",
      "GPU": "Not provided",
      "RAM": "Not provided",
      "Storage": "Not provided"
    }
  },
  "Access_and_Distribution": {
    "Download_Link": "Not provided",
    "Model_Variants": []
  },
  "Dataset": {
    "Name": "Not provided",
    "Sources": "Not provided",
    "Description": "Not provided"
  },
  "Model_Architecture": {
    "Architecture_Type": "Multimodal Heterogeneous MoE",
    "Base_Architecture": "ERNIE 4.5",
    "Number_Parameters": "28B",
    "Parameters": {
      "Modality": "Text & Vision",
      "Training Stage": "Posttraining",
      "Params(Total / Activated)": "28B / 3B",
      "Layers": 28,
      "Heads(Q/KV)": "20 / 4",
      "Text Experts(Total / Activated)": "64 / 6",
      "Vision Experts(Total / Activated)": "64 / 6",
      "Shared Experts": 2,
      "Context Length": 131072
    },
    "Input_Type": "Text & Vision",
    "Output_Type": "Text"
  },
  "Training_Details": {
    "Training_Data": "Not provided",
    "Preprocessing": "heterogeneous MoE structure, modality-isolated routing, router orthogonal loss, multimodal token-balanced loss, intra-node expert parallelism, memory-efficient pipeline scheduling, FP8 mixed-precision training, finegrained recomputation methods, Supervised Fine-tuning (SFT), Direct Preference Optimization (DPO), Unified Preference Optimization (UPO), RLVR(Reinforcement Learning with Verifiable Rewards)",
    "Hyperparameters": "Not provided"
  },
  "Evaluation": {
    "Evaluation_Data": "Not provided",
    "Performance_Metrics": "Not provided",
    "Source": "Not provided"
  },
  "Intended_Use": {
    "Task": [
      "image-text-to-text",
      "visuallanguage understanding",
      "general-purpose language understanding and generation"
    ]
  },
  "Bias_Risks_and_Limitations": {
    "Limitations": "Not provided"
  },
  "License": "Apache-2.0"
}