{
  "Model_Description": {
    "Name": "brandonbeiler/InternVL3_5-30B-A3B-FP8-Dynamic",
    "Description": "This is a fp8 dynamic (w8a8) version of OpenGVLab/InternVL3_5-30B-A3B, optimized for high-performance inference with vLLM. The model utilizes fp8 dynamic (w8a8) for optimal performance and deployment."
  },
  "Model_Sources": {
    "Repository": "https://huggingface.co/OpenGVLab/InternVL3_5-30B-A3B",
    "Paper": "Not provided",
    "Demo": "Not provided"
  },
  "Citation": "Not provided",
  "Contact": {
    "Author": "brandonbeiler",
    "Email": "Not provided",
    "Community": "Not provided"
  },
  "Technical_Requirements": {
    "Software": [
      "llmcompressor==0.7.1",
      "compressed-tensors==0.10.2",
      "transformers==4.55.0",
      "torch==2.7.1",
      "vllm==0.10.1.1"
    ],
    "Hardware": {
      "CPU": "Not provided",
      "GPU": [
        "H100",
        "L40S",
        "A100 (80GB)",
        "RTX 4090"
      ],
      "RAM": "Not provided",
      "Storage": "Not provided"
    }
  },
  "Access_and_Distribution": {
    "Download_Link": "Not provided",
    "Model_Variants": [
      {
        "Name": "InternVL3_5-30B-A3B-FP8-Dynamic",
        "Link": "https://huggingface.co/brandonbeiler/InternVL3_5-30B-A3B-FP8-Dynamic",
        "Type": "FP8 Dynamic (W8A8)",
        "Size": "Not provided",
        "Notes": "No calibration required, ready to use immediately; Specialized quantization recipe that preserves visual understanding; Seamless integration with vLLM for production deployment; ~50% memory reduction compared to FP16 original; Significant faster inference on H100/L40S GPUs"
      }
    ]
  },
  "Dataset": {
    "Name": "Not provided",
    "Sources": "Not provided",
    "Description": "Not provided"
  },
  "Model_Architecture": {
    "Architecture_Type": "Not provided",
    "Base_Architecture": "InternVL3_5-30B-A3B",
    "Number_Parameters": "30B",
    "Parameters": {
      "max_context_length": 32768,
      "quantization_weights": "FP8 E4M3 with dynamic per-tensor scales",
      "quantization_activations": "FP8 E4M3 with dynamic per-tensor scales",
      "preserved_components": "Vision tower, embeddings, mlp1"
    },
    "Input_Type": "Image-Text",
    "Output_Type": "Text"
  },
  "Training_Details": {
    "Training_Data": "Not provided",
    "Preprocessing": "Not provided",
    "Hyperparameters": "Not provided"
  },
  "Evaluation": {
    "Evaluation_Data": "Not provided",
    "Performance_Metrics": "Not provided",
    "Source": "Not provided"
  },
  "Intended_Use": {
    "Task": [
      "image-text-to-text"
    ]
  },
  "Bias_Risks_and_Limitations": {
    "Limitations": "Tool calling is still under investigation. The model requires a system prompt to run in thinking mode."
  },
  "License": "mit"
}