{
  "Model_Description": {
    "Name": "brandonbeiler/InternVL3_5-38B-FP8-Dynamic",
    "Description": "This is an FP8 dynamically quantized (W8A8) version of `OpenGVLab/InternVL3_5-38B` optimized for high-performance inference with vLLM. The quantization process preserves core visual understanding capabilities while reducing memory footprint by nearly 40%."
  },
  "Model_Sources": {
    "Repository": "https://huggingface.co/OpenGVLab/InternVL3_5-38B",
    "Paper": "Not provided",
    "Demo": "Not provided"
  },
  "Citation": "Not provided",
  "Contact": {
    "Author": "brandonbeiler",
    "Email": "Not provided",
    "Community": "Not provided"
  },
  "Technical_Requirements": {
    "Software": [
      "llmcompressor==0.7.1",
      "compressed-tensors==0.10.2",
      "transformers==4.55.0",
      "torch==2.7.1",
      "vllm==0.10.1.1"
    ],
    "Hardware": {
      "CPU": "Not provided",
      "GPU": [
        "NVIDIA H100",
        "NVIDIA L40S",
        "NVIDIA A100 (80GB)",
        "2x RTX 4090",
        "latest AMD GPUs"
      ],
      "RAM": "~47GB (for model weights) + ~1.3GB for 10k token context + ~2GB for 32k token context with FP8 KV cache",
      "Storage": "Not provided"
    }
  },
  "Access_and_Distribution": {
    "Download_Link": "Not provided",
    "Model_Variants": [
      {
        "Name": "brandonbeiler/InternVL3_5-38B-FP8-Dynamic",
        "Link": "https://huggingface.co/brandonbeiler/InternVL3_5-38B-FP8-Dynamic",
        "Type": "FP8 Dynamic (W8A8)",
        "Size": "47GB",
        "Notes": "Optimized for high-performance inference with vLLM, ~40% memory reduction, accelerated inference on FP8-compatible hardware."
      }
    ]
  },
  "Dataset": {
    "Name": "Not provided",
    "Sources": "Not provided",
    "Description": "Not provided"
  },
  "Model_Architecture": {
    "Architecture_Type": "Not provided",
    "Base_Architecture": "InternVL3_5-38B",
    "Number_Parameters": "38B",
    "Parameters": {
      "context_length": 32768,
      "precision_preserved_modules": "Vision tower, embeddings, and the first MLP layer (mlp1)"
    },
    "Input_Type": "Image-Text",
    "Output_Type": "Text"
  },
  "Training_Details": {
    "Training_Data": "Not provided",
    "Preprocessing": "Weights are pre-quantized to FP8 E4M3 with per-tensor scales. Activations are dynamically quantized to FP8 E4M3 with per-tensor scales. Vision tower, embeddings, and the first MLP layer (mlp1) are preserved in full precision.",
    "Hyperparameters": {
      "temperature": 0.6
    }
  },
  "Evaluation": {
    "Evaluation_Data": "Not provided",
    "Performance_Metrics": "Not provided",
    "Source": "Not provided"
  },
  "Intended_Use": {
    "Task": [
      "Image-to-Text Generation",
      "Vision-Language Understanding"
    ]
  },
  "Bias_Risks_and_Limitations": {
    "Limitations": "Tool calling capabilities are still under investigation."
  },
  "License": "MIT"
}