{
  "Model_Description": {
    "Name": "Anzhc/Anzhcs_YOLOs",
    "Description": "This repository contains various YOLO models trained by Anzhc for object detection and segmentation tasks, including face, eyes, head+hair, and breasts segmentation, breast size detection, drone detection, and anime art scoring."
  },
  "Model_Sources": {
    "Repository": "https://huggingface.co/Anzhc/Anzhcs_YOLOs",
    "Paper": "Not provided",
    "Demo": "Not provided"
  },
  "Citation": "Not provided",
  "Contact": {
    "Author": "Anzhc",
    "Email": "Not provided",
    "Community": "Not provided"
  },
  "Technical_Requirements": {
    "Software": [
      "pytorch",
      "ultralytics"
    ],
    "Hardware": {
      "CPU": "Not provided",
      "GPU": "Not provided",
      "RAM": "Not provided",
      "Storage": "Not provided"
    }
  },
  "Access_and_Distribution": {
    "Download_Link": "Not provided",
    "Model_Variants": [
      {
        "Name": "Anzhc Face -seg.pt",
        "Link": "https://huggingface.co/Anzhc/Anzhcs_YOLOs/blob/main/Anzhc%20Face%20-seg.pt",
        "Type": "",
        "Size": "",
        "Notes": ""
      },
      {
        "Name": "Anzhc Face seg 640 v2 y8n.pt",
        "Link": "https://huggingface.co/Anzhc/Anzhcs_YOLOs/blob/main/Anzhc%20Face%20seg%20640%20v2%20y8n.pt",
        "Type": "",
        "Size": "",
        "Notes": ""
      },
      {
        "Name": "Anzhc Face seg 768 v2 y8n.pt",
        "Link": "https://huggingface.co/Anzhc/Anzhcs_YOLOs/blob/main/Anzhc%20Face%20seg%20768%20v2%20y8n.pt",
        "Type": "",
        "Size": "",
        "Notes": ""
      },
      {
        "Name": "Anzhc Face seg 768MS v2 y8n.pt",
        "Link": "https://huggingface.co/Anzhc/Anzhcs_YOLOs/blob/main/Anzhc%20Face%20seg%20768MS%20v2%20y8n.pt",
        "Type": "",
        "Size": "",
        "Notes": "(Multi-scale)"
      },
      {
        "Name": "Anzhc Face seg 1024 v2 y8n.pt",
        "Link": "https://huggingface.co/Anzhc/Anzhcs_YOLOs/blob/main/Anzhc%20Face%20seg%201024%20v2%20y8n.pt",
        "Type": "",
        "Size": "",
        "Notes": ""
      },
      {
        "Name": "Anzhc Face seg 640 v3 y11n.pt",
        "Link": "https://huggingface.co/Anzhc/Anzhcs_YOLOs/blob/main/Anzhc%20Face%20seg%20640%20v3%20y11n.pt",
        "Type": "",
        "Size": "",
        "Notes": ""
      },
      {
        "Name": "Anzhcs ManFace v02 1024 y8n.pt",
        "Link": "https://huggingface.co/Anzhc/Anzhcs_YOLOs/blob/main/Anzhcs%20ManFace%20v02%201024%20y8n.pt",
        "Type": "",
        "Size": "",
        "Notes": ""
      },
      {
        "Name": "Anzhcs WomanFace v05 1024 y8n.pt",
        "Link": "https://huggingface.co/Anzhc/Anzhcs_YOLOs/blob/main/Anzhcs%20WomanFace%20v05%201024%20y8n.pt",
        "Type": "",
        "Size": "",
        "Notes": ""
      },
      {
        "Name": "Anzhc Eyes -seg-hd.pt",
        "Link": "https://huggingface.co/Anzhc/Anzhcs_YOLOs/blob/main/Anzhc%20Eyes%20-seg-hd.pt",
        "Type": "",
        "Size": "",
        "Notes": ""
      },
      {
        "Name": "Anzhc HeadHair seg y8n.pt",
        "Link": "https://huggingface.co/Anzhc/Anzhcs_YOLOs/blob/main/Anzhc%20HeadHair%20seg%20y8n.pt",
        "Type": "",
        "Size": "",
        "Notes": ""
      },
      {
        "Name": "Anzhc HeadHair seg y8m.pt",
        "Link": "https://huggingface.co/Anzhc/Anzhcs_YOLOs/blob/main/Anzhc%20HeadHair%20seg%20y8m.pt",
        "Type": "",
        "Size": "",
        "Notes": ""
      },
      {
        "Name": "Anzhc Breasts Seg v1 1024n.pt",
        "Link": "https://huggingface.co/Anzhc/Anzhcs_YOLOs/blob/main/Anzhc%20Breasts%20Seg%20v1%201024n.pt",
        "Type": "",
        "Size": "",
        "Notes": ""
      },
      {
        "Name": "Anzhc Breasts Seg v1 1024s.pt",
        "Link": "https://huggingface.co/Anzhc/Anzhcs_YOLOs/blob/main/Anzhc%20Breasts%20Seg%20v1%201024s.pt",
        "Type": "",
        "Size": "",
        "Notes": ""
      },
      {
        "Name": "Anzhc Breasts Seg v1 1024m.pt",
        "Link": "https://huggingface.co/Anzhc/Anzhcs_YOLOs/blob/main/Anzhc%20Breasts%20Seg%20v1%201024m.pt",
        "Type": "",
        "Size": "",
        "Notes": ""
      },
      {
        "Name": "Anzhcs Breast Size det cls v8 y11m.pt",
        "Link": "https://huggingface.co/Anzhc/Anzhcs_YOLOs/blob/main/Anzhcs%20Breast%20size%20det%20cls%20v8%20640%20y11m.pt",
        "Type": "",
        "Size": "",
        "Notes": ""
      },
      {
        "Name": "Anzhcs Drones v03 1024 y11n.pt",
        "Link": "https://huggingface.co/Anzhc/Anzhcs_YOLOs/blob/main/Anzhcs%20Drones%20v03%201024%20y11n.pt",
        "Type": "",
        "Size": "",
        "Notes": ""
      },
      {
        "Name": "Anzhcs Anime Score CLS v1.pt",
        "Link": "https://huggingface.co/Anzhc/Anzhcs_YOLOs/blob/main/Anzhcs%20Anime%20Score%20CLS%20v1.pt",
        "Type": "",
        "Size": "",
        "Notes": ""
      }
    ]
  },
  "Dataset": {
    "Name": "Not provided",
    "Sources": [
      "https://safebooru.donmai.us"
    ],
    "Description": "Datasets are custom-annotated by the author for various object detection and segmentation tasks. For Anime Art Scoring, the dataset was composed of about 100k images from Danbooru/Safebooru, aged 1 to 2 years, with scores split into percentile groups."
  },
  "Model_Architecture": {
    "Architecture_Type": "Object Detection and Segmentation Model",
    "Base_Architecture": [
      "Ultralytics/YOLOv8",
      "Ultralytics/YOLO11"
    ],
    "Number_Parameters": "Not provided",
    "Parameters": {
      "training_resolution_range": [
        "224",
        "640",
        "768",
        "1024"
      ],
      "classes_count_range": [
        "1",
        "2",
        "10",
        "15"
      ]
    },
    "Input_Type": "Image",
    "Output_Type": "Bounding Box, Segmentation Mask, Classification Label"
  },
  "Training_Details": {
    "Training_Data": "Not provided",
    "Preprocessing": "Dataset for v3 and above face segmentation models targets inclusion of eyebrows and full eyelashes. Breast size detection uses a custom scale established relative to body proportion. Anime art scoring dataset uses scores split into percentile groups, each 10%.",
    "Hyperparameters": {
      "training_resolution": [
        "224",
        "640",
        "768",
        "1024"
      ]
    }
  },
  "Evaluation": {
    "Evaluation_Data": "Not provided",
    "Performance_Metrics": {
      "mAP50": "Varies by model variant (e.g., 0.791(box) 0.765(mask) for Anzhc Face seg 640 v2 y8n.pt)",
      "mAP50-95": "Varies by model variant (e.g., 0.608(box) 0.445(mask) for Anzhc Face seg 640 v2 y8n.pt)",
      "Top-1 acc": "0.336",
      "Top-2 acc": "0.566",
      "Top-3 acc": "0.696",
      "Top-1 acc (w/ margin 1/2/3)": "0.336(0.467/0.645/0.679)"
    },
    "Source": "Not provided"
  },
  "Intended_Use": {
    "Task": [
      "object-detection",
      "image segmentation",
      "image classification"
    ]
  },
  "Bias_Risks_and_Limitations": {
    "Limitations": "Some v2 models' performance suffers compared to v3 in newer benchmarks. Eyes segmentation benchmark is likely inaccurate due to data re-scrambling. Breasts segmentation models have very weak realistic performance as they were trained on anime images only. Breast size detection is subjective due to single-person annotation. Drone detection is highly sensitive to drone models, performs poorly on cluttered backgrounds, and is not advised for serious use. Anime Art Scoring shows weak-to-modest correlation with human preference, especially for neutrally scoring art, and weaker correlation for low-quality scores."
  },
  "License": "AGPL-3.0"
}