{
  "Model_Description": {
    "Name": "internlm2-chat-7b-ExPO",
    "Description": "The internlm2-chat-7b-ExPO is an extrapolated (ExPO) model based on internlm2-chat-7b and internlm/internlm2-chat-7b-sft. It is obtained by extrapolating from SFT and DPO/RLHF checkpoints to achieve superior alignment with human preference."
  },
  "Model_Sources": {
    "Repository": "https://huggingface.co/chujiezheng/internlm2-chat-7b-ExPO",
    "Paper": "https://arxiv.org/abs/2404.16792",
    "Demo": "Not provided"
  },
  "Citation": "Not provided",
  "Contact": {
    "Author": "Not provided",
    "Email": "Not provided",
    "Community": "Not provided"
  },
  "Technical_Requirements": {
    "Software": "Not provided",
    "Hardware": {
      "CPU": "Not provided",
      "GPU": "Not provided",
      "RAM": "Not provided",
      "Storage": "Not provided"
    }
  },
  "Access_and_Distribution": {
    "Download_Link": "Not provided",
    "Model_Variants": []
  },
  "Dataset": {
    "Name": "Not provided",
    "Sources": "Not provided",
    "Description": "Not provided"
  },
  "Model_Architecture": {
    "Architecture_Type": "Not provided",
    "Base_Architecture": "internlm2-chat-7b",
    "Number_Parameters": "7B",
    "Parameters": {
      "alpha": 0.5
    },
    "Input_Type": "Text",
    "Output_Type": "Text"
  },
  "Training_Details": {
    "Training_Data": "Not provided",
    "Preprocessing": "Not provided",
    "Hyperparameters": "Not provided"
  },
  "Evaluation": {
    "Evaluation_Data": [
      "AlpacaEval 2.0",
      "MT-Bench"
    ],
    "Performance_Metrics": {
      "AlpacaEval 2.0 - Win Rate": 28.1,
      "AlpacaEval 2.0 - LC Win Rate": 22.7,
      "MT-Bench Score": 7.8
    },
    "Source": [
      "https://github.com/chujiezheng/LLM-Extrapolation/tree/main/results_alpaca",
      "https://github.com/chujiezheng/LLM-Extrapolation/tree/main/results_mtbench"
    ]
  },
  "Intended_Use": {
    "Task": [
      "text-generation"
    ]
  },
  "Bias_Risks_and_Limitations": {
    "Limitations": "Not provided"
  },
  "License": "other"
}