{
  "Model_Description": {
    "Name": "tulu-2-dpo-70b-ExPO",
    "Description": "This is an extrapolated (ExPO) model based on `allenai/tulu-2-dpo-70b` and `allenai/tulu-2-70b`. It is obtained by extrapolating with an alpha of 0.5 from SFT and DPO/RLHF checkpoints to achieve superior alignment with human preference."
  },
  "Model_Sources": {
    "Repository": "https://huggingface.co/chujiezheng/tulu-2-dpo-70b-ExPO",
    "Paper": "https://arxiv.org/abs/2404.16792",
    "Demo": "Not provided"
  },
  "Citation": "Not provided",
  "Contact": {
    "Author": "chujiezheng",
    "Email": "Not provided",
    "Community": "Not provided"
  },
  "Technical_Requirements": {
    "Software": "Not provided",
    "Hardware": {
      "CPU": "Not provided",
      "GPU": "Not provided",
      "RAM": "Not provided",
      "Storage": "Not provided"
    }
  },
  "Access_and_Distribution": {
    "Download_Link": "Not provided",
    "Model_Variants": []
  },
  "Dataset": {
    "Name": [
      "AlpacaEval 2.0",
      "MT-Bench"
    ],
    "Sources": [
      "https://github.com/chujiezheng/LLM-Extrapolation/tree/main/results_alpaca",
      "https://github.com/chujiezheng/LLM-Extrapolation/tree/main/results_mtbench"
    ],
    "Description": "Not provided"
  },
  "Model_Architecture": {
    "Architecture_Type": "Not provided",
    "Base_Architecture": [
      "allenai/tulu-2-dpo-70b",
      "allenai/tulu-2-70b"
    ],
    "Number_Parameters": "70B",
    "Parameters": "Not provided",
    "Input_Type": "Not provided",
    "Output_Type": "Not provided"
  },
  "Training_Details": {
    "Training_Data": "Not provided",
    "Preprocessing": "Not provided",
    "Hyperparameters": {
      "alpha": 0.5
    }
  },
  "Evaluation": {
    "Evaluation_Data": [
      "AlpacaEval 2.0",
      "MT-Bench"
    ],
    "Performance_Metrics": {
      "AlpacaEval 2.0 Win Rate (+ ExPO)": 23.0,
      "AlpacaEval 2.0 LC Win Rate (+ ExPO)": 25.7,
      "MT-Bench Score (+ ExPO)": 8.03
    },
    "Source": [
      "https://github.com/chujiezheng/LLM-Extrapolation/tree/main/results_alpaca",
      "https://github.com/chujiezheng/LLM-Extrapolation/tree/main/results_mtbench"
    ]
  },
  "Intended_Use": {
    "Task": "Not provided"
  },
  "Bias_Risks_and_Limitations": {
    "Limitations": "Not provided"
  },
  "License": "ai2-impact-license-low-risk"
}