{
  "Model_Description": {
    "Name": "ali-vilab/text-to-video-ms-1.7b",
    "Description": "This model is a multi-stage text-to-video generation diffusion model that takes a text description as input and produces a matching video. It supports only English input and has approximately 1.7 billion parameters."
  },
  "Model_Sources": {
    "Repository": "https://github.com/modelscope/modelscope",
    "Paper": "Not provided",
    "Demo": "Not provided"
  },
  "Citation": [
    "@article{wang2023modelscope,\n      title={Modelscope text-to-video technical report},\n      author={Wang, Jiuniu and Yuan, Hangjie and Chen, Dayou and Zhang, Yingya and Wang, Xiang and Zhang, Shiwei},\n      journal={arXiv preprint arXiv:2308.06571},\n      year={2023}\n    }",
    "@InProceedings{VideoFusion,\n        author    = {Luo, Zhengxiong and Chen, Dayou and Zhang, Yingya and Huang, Yan and Wang, Liang and Shen, Yujun and Zhao, Deli and Zhou, Jingren and Tan, Tieniu},\n        title     = {VideoFusion: Decomposed Diffusion Models for High-Quality Video Generation},\n        booktitle = {Proceedings of the IEEE/CVF Conference on Computer Vision and Pattern Recognition (CVPR)},\n        month     = {June},\n        year      = {2023}\n    }"
  ],
  "Contact": {
    "Author": "ModelScope",
    "Email": "yingya.zyy@alibaba-inc.com",
    "Community": "Not provided"
  },
  "Technical_Requirements": {
    "Software": [
      "diffusers",
      "transformers",
      "accelerate",
      "torch"
    ],
    "Hardware": {
      "CPU": "Not provided",
      "GPU": "Not provided",
      "RAM": "Not provided",
      "Storage": "Not provided"
    }
  },
  "Access_and_Distribution": {
    "Download_Link": "Not provided",
    "Model_Variants": []
  },
  "Dataset": {
    "Name": [
      "LAION5B",
      "ImageNet",
      "Webvid"
    ],
    "Sources": [
      "https://huggingface.co/datasets/laion/laion2B-en",
      "https://www.image-net.org/",
      "https://m-bain.github.io/webvid-dataset/"
    ],
    "Description": "The datasets include public image and video data, with filtering performed after pre-training based on aesthetic score, watermark score, and deduplication."
  },
  "Model_Architecture": {
    "Architecture_Type": "Diffusion model (UNet3D)",
    "Base_Architecture": "Not provided",
    "Number_Parameters": "1.7B",
    "Parameters": "Not provided",
    "Input_Type": "Text",
    "Output_Type": "Video"
  },
  "Training_Details": {
    "Training_Data": [
      "LAION5B",
      "ImageNet",
      "Webvid"
    ],
    "Preprocessing": "Image and video filtering is performed after pre-training such as aesthetic score, watermark score, and deduplication.",
    "Hyperparameters": "Not provided"
  },
  "Evaluation": {
    "Evaluation_Data": "Not provided",
    "Performance_Metrics": "Not provided",
    "Source": "Not provided"
  },
  "Intended_Use": {
    "Task": [
      "text-to-video generation"
    ]
  },
  "Bias_Risks_and_Limitations": {
    "Limitations": "The model has limitations in generating film and television quality, clear text, and handling complex compositional tasks, especially for non-English inputs. It may produce results biased by its training data distribution and is not intended for realistic representation of people or events, nor for generating harmful, pornographic, violent, or false content."
  },
  "License": "CC-BY-NC-ND"
}