{
  "Model_Description": {
    "Name": "baichuan-inc/Baichuan-M1-14B-Instruct",
    "Description": "Baichuan-14B-M1 is the industry's first open-source large language model developed from scratch by Baichuan Intelligence, specifically optimized for medical scenarios. It excels in general capabilities and demonstrates powerful performance in the medical field."
  },
  "Model_Sources": {
    "Repository": "https://huggingface.co/baichuan-inc/Baichuan-M1-14B-Instruct",
    "Paper": "https://arxiv.org/abs/2502.12671",
    "Demo": "Not provided"
  },
  "Citation": "@article{baichuan-m1-2025,\n  title={Baichuan-M1: Pushing the Medical Capability of Large Language Models},\n  author={Bingning Wang, Haizhou Zhao, Huozhi Zhou, Liang Song, Mingyu Xu, Wei Cheng, Xiangrong Zeng, Yupeng Zhang, Yuqi Huo, Zecheng Wang, Zhengyun Zhao and others},\n  journal={arXiv preprint arXiv:2502.12671},\n  year={2025}\n}",
  "Contact": {
    "Author": [
      "Bingning Wang",
      "Haizhou Zhao",
      "Huozhi Zhou",
      "Liang Song",
      "Mingyu Xu",
      "Wei Cheng",
      "Xiangrong Zeng",
      "Yupeng Zhang",
      "Yuqi Huo",
      "Zecheng Wang",
      "Zhengyun Zhao",
      "others"
    ],
    "Email": "Not provided",
    "Community": [
      "https://y41.8if.cn/JQCj6n"
    ]
  },
  "Technical_Requirements": {
    "Software": [
      "Transformers >= 4.47.0",
      "torch"
    ],
    "Hardware": {
      "CPU": "Not provided",
      "GPU": "Not provided",
      "RAM": "Not provided",
      "Storage": "Not provided"
    }
  },
  "Access_and_Distribution": {
    "Download_Link": "https://huggingface.co/baichuan-inc/Baichuan-M1-14B-Instruct",
    "Model_Variants": [
      {
        "Name": "Baichuan-M1-14B-Base",
        "Link": "https://huggingface.co/baichuan-inc/Baichuan-M1-14B-Base",
        "Type": "Not provided",
        "Size": "Not provided",
        "Notes": "Not provided"
      }
    ]
  },
  "Dataset": {
    "Name": "Not provided",
    "Sources": "Not provided",
    "Description": "Meticulously collected and synthesized medical data including Chinese/English professional papers, medical cases, medical textbooks, knowledge bases, medical Q&A, and clinical data. Also includes a 20T multilingual general dataset covering 30 mainstream languages."
  },
  "Model_Architecture": {
    "Architecture_Type": "Transformer",
    "Base_Architecture": "Baichuan-14B-M1",
    "Number_Parameters": "14B",
    "Parameters": "Not provided",
    "Input_Type": "Text",
    "Output_Type": "Text"
  },
  "Training_Details": {
    "Training_Data": "Not provided",
    "Preprocessing": "Medical data underwent comprehensive classification and evaluation, categorized by medical departments, content, and value to ensure balanced distribution and filter valuable data. Synthetic data was designed by combining knowledge graphs, cases, and textbooks, with quality continuously improved via a self-reflection mechanism and reward model. General data involved deduplication and upsampling strategies, and data ratios were optimized across 27 global knowledge categories based on small model experiments.",
    "Hyperparameters": "Not provided"
  },
  "Evaluation": {
    "Evaluation_Data": [
      "cmbclin",
      "clinicalbench_diag",
      "clinicalbench_hos",
      "clinicalbench_treat",
      "rarearena_rdc",
      "rarearena_rds",
      "rarebench",
      "cmexam",
      "Pediatric Qualification Exam",
      "Internal Medicine Qualification Exam",
      "General Practice Qualification Exam",
      "USMLE",
      "medbullets",
      "mediq",
      "nejmqa",
      "pubmedqa",
      "redisqa",
      "mednli_dis",
      "medcalc",
      "MMLU-anatomy",
      "MMLU-virology",
      "MMLU-genetics"
    ],
    "Performance_Metrics": {
      "Average Score": 72.23,
      "cmbclin": 77.4,
      "clinicalbench_diag": 70.9,
      "clinicalbench_hos": 70.05,
      "clinicalbench_treat": 56.38,
      "rarearena_rdc": 81.8,
      "rarearena_rds": 54.0,
      "rarebench": 59.6,
      "cmexam": 80.1,
      "Pediatric Qualification Exam": 78.48,
      "Internal Medicine Qualification Exam": 83.42,
      "General Practice Qualification Exam": 87.07,
      "USMLE": 78.0,
      "medbullets": 66.88,
      "mediq": 83.4,
      "nejmqa": 49.75,
      "pubmedqa": 75.2,
      "redisqa": 74.5,
      "mednli_dis": 80.4,
      "medcalc": 56.0,
      "MMLU-anatomy": 80.0,
      "MMLU-virology": 54.82,
      "MMLU-genetics": 91.0
    },
    "Source": "Not provided"
  },
  "Intended_Use": {
    "Task": [
      "medical question answering",
      "general language understanding",
      "medical reasoning"
    ]
  },
  "Bias_Risks_and_Limitations": {
    "Limitations": "Not provided"
  },
  "License": "Baichuan-M1-14B模型社区许可协议"
}