{
  "Model_Description": {
    "Name": "baichuan-inc/Baichuan2-7B-Chat",
    "Description": "Baichuan 2 is the new generation of large-scale open-source language models launched by Baichuan Intelligence inc. It is trained on a high-quality corpus with 2.6 trillion tokens and has achieved the best performance in authoritative Chinese and English benchmarks of the same size."
  },
  "Model_Sources": {
    "Repository": "https://github.com/baichuan-inc/Baichuan2",
    "Paper": "Not provided",
    "Demo": "https://www.baichuan-ai.com/"
  },
  "Citation": "Not provided",
  "Contact": {
    "Author": "Baichuan Intelligence inc.",
    "Email": "opensource@baichuan-inc.com",
    "Community": [
      "https://github.com/baichuan-inc/Baichuan2",
      "https://github.com/baichuan-inc/Baichuan-7B/blob/main/media/wechat.jpeg?raw=true"
    ]
  },
  "Technical_Requirements": {
    "Software": [
      "PyTorch 2.0",
      "transformers"
    ],
    "Hardware": {
      "CPU": "Intel Core™/Xeon® Scalable Processors",
      "GPU": "Arc™ GPU",
      "RAM": "Not provided",
      "Storage": "Not provided"
    }
  },
  "Access_and_Distribution": {
    "Download_Link": "https://huggingface.co/baichuan-inc/Baichuan2-7B-Chat",
    "Model_Variants": [
      {
        "Name": "Baichuan2-7B-Base",
        "Link": "https://huggingface.co/baichuan-inc/Baichuan2-7B-Base",
        "Type": "Not provided",
        "Size": "Not provided",
        "Notes": "Not provided"
      },
      {
        "Name": "Baichuan2-7B-Chat",
        "Link": "https://huggingface.co/baichuan-inc/Baichuan2-7B-Chat",
        "Type": "Not provided",
        "Size": "Not provided",
        "Notes": "Not provided"
      },
      {
        "Name": "Baichuan2-7B-Chat-4bits",
        "Link": "https://huggingface.co/baichuan-inc/Baichuan2-7B-Base-4bits",
        "Type": "4bits quantized",
        "Size": "Not provided",
        "Notes": "Not provided"
      },
      {
        "Name": "Baichuan2-13B-Base",
        "Link": "https://huggingface.co/baichuan-inc/Baichuan2-13B-Base",
        "Type": "Not provided",
        "Size": "Not provided",
        "Notes": "Not provided"
      },
      {
        "Name": "Baichuan2-13B-Chat",
        "Link": "https://huggingface.co/baichuan-inc/Baichuan2-13B-Chat",
        "Type": "Not provided",
        "Size": "Not provided",
        "Notes": "Not provided"
      },
      {
        "Name": "Baichuan2-13B-Chat-4bits",
        "Link": "https://huggingface.co/baichuan-inc/Baichuan2-13B-Chat-4bits",
        "Type": "4bits quantized",
        "Size": "Not provided",
        "Notes": "Not provided"
      },
      {
        "Name": "Baichuan2-7B-Intermediate-Checkpoints",
        "Link": "https://huggingface.co/baichuan-inc/Baichuan2-7B-Intermediate-Checkpoints",
        "Type": "intermediate-stage models",
        "Size": "Not provided",
        "Notes": "corresponding to training on approximately 0.2 to 2.4 trillion tokens each"
      }
    ]
  },
  "Dataset": {
    "Name": "Not provided",
    "Sources": "Not provided",
    "Description": "Not provided"
  },
  "Model_Architecture": {
    "Architecture_Type": "Not provided",
    "Base_Architecture": "Baichuan 2 7B",
    "Number_Parameters": "7B",
    "Parameters": "Not provided",
    "Input_Type": "Text",
    "Output_Type": "Text"
  },
  "Training_Details": {
    "Training_Data": "high-quality corpus with 2.6 trillion tokens",
    "Preprocessing": "Not provided",
    "Hyperparameters": "Not provided"
  },
  "Evaluation": {
    "Evaluation_Data": [
      "C-Eval",
      "MMLU",
      "CMMLU",
      "Gaokao",
      "AGIEval",
      "BBH"
    ],
    "Performance_Metrics": {
      "C-Eval": 54.0,
      "MMLU": 54.16,
      "CMMLU": 57.07,
      "Gaokao": 47.47,
      "AGIEval": 42.73,
      "BBH": 41.56
    },
    "Source": "https://github.com/baichuan-inc/Baichuan2/blob/main/README_EN.md"
  },
  "Intended_Use": {
    "Task": [
      "text-generation"
    ]
  },
  "Bias_Risks_and_Limitations": {
    "Limitations": "Our team has not developed any applications based on Baichuan 2 models. Users should not use Baichuan 2 models for any activities that harm national/social security, violate the law, or for Internet services without appropriate security reviews. Despite efforts to ensure data compliance, unforeseeable issues may exist, and the developers will not assume responsibility for problems arising from misuse, abuse, or improper exploitation of the model."
  },
  "License": [
    "Apache-2.0",
    "Baichuan 2 Model Community License Agreement"
  ]
}