{
  "Model_Description": {
    "Name": "Baichuan-7B",
    "Description": "Baichuan-7B is an open-source large-scale pre-trained model developed by Baichuan Intelligent Technology. Based on the Transformer architecture, it is a model with 7 billion parameters trained on approximately 1.2 trillion tokens, supporting Chinese and English with a context window length of 4096."
  },
  "Model_Sources": {
    "Repository": "https://github.com/baichuan-inc/Baichuan-7B",
    "Paper": "Not provided",
    "Demo": "Not provided"
  },
  "Citation": "Not provided",
  "Contact": {
    "Author": "百川智能(Baichuan Intelligent Technology)",
    "Email": "opensource@baichuan-inc.com",
    "Community": "Not provided"
  },
  "Technical_Requirements": {
    "Software": [
      "transformers"
    ],
    "Hardware": {
      "CPU": "Not provided",
      "GPU": "Not provided",
      "RAM": "Not provided",
      "Storage": "Not provided"
    }
  },
  "Access_and_Distribution": {
    "Download_Link": "Not provided",
    "Model_Variants": []
  },
  "Dataset": {
    "Name": [
      "C-Eval",
      "Gaokao",
      "AGIEval",
      "MMLU"
    ],
    "Sources": [
      "https://cevalbenchmark.com/index.html",
      "https://github.com/ExpressAI/AI-Gaokao",
      "https://github.com/microsoft/AGIEval",
      "https://arxiv.org/abs/2009.03300",
      "https://github.com/hendrycks/test"
    ],
    "Description": "The model was trained on approximately 1.2 trillion tokens from proprietary bilingual Chinese-English corpora and various public datasets. It was evaluated on C-Eval (a comprehensive Chinese foundational model evaluation dataset), Gaokao (Chinese college entrance examination questions), AGIEval (cognitive and problem-solving tasks), and MMLU (an English evaluation dataset covering 57 multiple-choice tasks)."
  },
  "Model_Architecture": {
    "Architecture_Type": "Transformer",
    "Base_Architecture": "LLaMA",
    "Number_Parameters": "7B",
    "Parameters": {
      "n_parameters": 7000559616,
      "n_layers": 32,
      "n_heads": 32,
      "d_model": 4096,
      "vocab_size": 64000,
      "sequence_length": 4096,
      "position_embedding": "rotary-embedding",
      "feedforward_layer": "SwiGLU",
      "layer_normalization": "RMSNorm Pre-Normalization"
    },
    "Input_Type": "Text",
    "Output_Type": "Text"
  },
  "Training_Details": {
    "Training_Data": "Not provided",
    "Preprocessing": "Not provided",
    "Hyperparameters": "Not provided"
  },
  "Evaluation": {
    "Evaluation_Data": [
      "C-Eval",
      "Gaokao",
      "AGIEval",
      "MMLU"
    ],
    "Performance_Metrics": {
      "C-Eval_Average": 42.8,
      "C-Eval_Avg(Hard)": 31.5,
      "C-Eval_STEM": 38.2,
      "C-Eval_Social Sciences": 52.0,
      "C-Eval_Humanities": 46.2,
      "C-Eval_Others": 39.3,
      "Gaokao_Average": 36.24,
      "AGIEval_Average": 34.44,
      "MMLU_Humanities": 38.4,
      "MMLU_Social Sciences": 48.9,
      "MMLU_STEM": 35.6,
      "MMLU_Other": 48.1,
      "MMLU_Average": 42.3
    },
    "Source": [
      "https://github.com/baichuan-inc/Baichuan-7B",
      "https://cevalbenchmark.com/index.html",
      "https://github.com/ExpressAI/AI-Gaokao",
      "https://github.com/microsoft/AGIEval",
      "https://github.com/hendrycks/test"
    ]
  },
  "Intended_Use": {
    "Task": [
      "text-generation"
    ]
  },
  "Bias_Risks_and_Limitations": {
    "Limitations": "Baichuan-7B can produce factually incorrect output and should not be relied on for accurate information. Despite efforts to clean pretraining data, the model may generate lewd, biased, or otherwise offensive outputs."
  },
  "License": "Baichuan-7B License"
}