{
  "Model_Description": {
    "Name": "alirezamsh/small100",
    "Description": "SMaLL-100 is a compact and fast massively multilingual machine translation model covering more than 10K language pairs, that achieves competitive results with M2M-100 while being much smaller and faster."
  },
  "Model_Sources": {
    "Repository": "https://github.com/alirezamshi/small100",
    "Paper": "https://arxiv.org/abs/2210.11621",
    "Demo": "https://huggingface.co/spaces/alirezamsh/small100"
  },
  "Citation": [
    "@inproceedings{mohammadshahi-etal-2022-small,\n    title = \"{SM}a{LL}-100: Introducing Shallow Multilingual Machine Translation Model for Low-Resource Languages\",\n    author = \"Mohammadshahi, Alireza  and\n      Nikoulina, Vassilina  and\n      Berard, Alexandre  and\n      Brun, Caroline  and\n      Henderson, James  and\n      Besacier, Laurent\",\n    booktitle = \"Proceedings of the 2022 Conference on Empirical Methods in Natural Language Processing\",\n    month = dec,\n    year = \"2022\",\n    address = \"Abu Dhabi, United Arab Emirates\",\n    publisher = \"Association for Computational Linguistics\",\n    url = \"https://aclanthology.org/2022.emnlp-main.571\",\n    pages = \"8348--8359\",\n    abstract = \"In recent years, multilingual machine translation models have achieved promising performance on low-resource language pairs by sharing information between similar languages, thus enabling zero-shot translation. To overcome the {``}curse of multilinguality{''}, these models often opt for scaling up the number of parameters, which makes their use in resource-constrained environments challenging. We introduce SMaLL-100, a distilled version of the M2M-100(12B) model, a massively multilingual machine translation model covering 100 languages. We train SMaLL-100 with uniform sampling across all language pairs and therefore focus on preserving the performance of low-resource languages. We evaluate SMaLL-100 on different low-resource benchmarks: FLORES-101, Tatoeba, and TICO-19 and demonstrate that it outperforms previous massively multilingual models of comparable sizes (200-600M) while improving inference latency and memory usage. Additionally, our model achieves comparable results to M2M-100 (1.2B), while being 3.6x smaller and 4.3x faster at inference.\",\n}",
    "@inproceedings{mohammadshahi-etal-2022-compressed,\n    title = \"What Do Compressed Multilingual Machine Translation Models Forget?\",\n    author = \"Mohammadshahi, Alireza  and\n      Nikoulina, Vassilina  and\n      Berard, Alexandre  and\n      Brun, Caroline  and\n      Henderson, James  and\n      Besacier, Laurent\",\n    booktitle = \"Findings of the Association for Computational Linguistics: EMNLP 2022\",\n    month = dec,\n    year = \"2022\",\n    address = \"Abu Dhabi, United Arab Emirates\",\n    publisher = \"Association for Computational Linguistics\",\n    url = \"https://aclanthology.org/2022.findings-emnlp.317\",\n    pages = \"4308--4329\",\n    abstract = \"Recently, very large pre-trained models achieve state-of-the-art results in various natural language processing (NLP) tasks, but their size makes it more challenging to apply them in resource-constrained environments. Compression techniques allow to drastically reduce the size of the models and therefore their inference time with negligible impact on top-tier metrics. However, the general performance averaged across multiple tasks and/or languages may hide a drastic performance drop on under-represented features, which could result in the amplification of biases encoded by the models. In this work, we assess the impact of compression methods on Multilingual Neural Machine Translation models (MNMT) for various language groups, gender, and semantic biases by extensive analysis of compressed models on different machine translation benchmarks, i.e. FLORES-101, MT-Gender, and DiBiMT. We show that the performance of under-represented languages drops significantly, while the average BLEU metric only slightly decreases. Interestingly, the removal of noisy memorization with compression leads to a significant improvement for some medium-resource languages. Finally, we demonstrate that compression amplifies intrinsic gender and semantic biases, even in high-resource languages.\",\n}"
  ],
  "Contact": {
    "Author": "Alireza Mohammadshahi",
    "Email": "Not provided",
    "Community": "Not provided"
  },
  "Technical_Requirements": {
    "Software": [
      "sentencepiece",
      "transformers"
    ],
    "Hardware": {
      "CPU": "Not provided",
      "GPU": "Not provided",
      "RAM": "Not provided",
      "Storage": "Not provided"
    }
  },
  "Access_and_Distribution": {
    "Download_Link": "Not provided",
    "Model_Variants": []
  },
  "Dataset": {
    "Name": [
      "tico19",
      "flores101",
      "tatoeba"
    ],
    "Sources": "Not provided",
    "Description": "Not provided"
  },
  "Model_Architecture": {
    "Architecture_Type": "Encoder-Decoder Transformer",
    "Base_Architecture": "M2M-100",
    "Number_Parameters": "Not provided",
    "Parameters": "Not provided",
    "Input_Type": "Text",
    "Output_Type": "Text"
  },
  "Training_Details": {
    "Training_Data": "Not provided",
    "Preprocessing": "Tokenizer modified to adjust language codes; input formatted as `source:[tgt_lang_code] + src_tokens + [EOS]` and `target: tgt_tokens + [EOS]`.",
    "Hyperparameters": "Not provided"
  },
  "Evaluation": {
    "Evaluation_Data": [
      "FLORES-101",
      "Tatoeba",
      "TICO-19"
    ],
    "Performance_Metrics": "Not provided",
    "Source": "https://github.com/alirezamshi/small100"
  },
  "Intended_Use": {
    "Task": [
      "machine translation"
    ]
  },
  "Bias_Risks_and_Limitations": {
    "Limitations": "Performance of under-represented languages drops significantly. Compression amplifies intrinsic gender and semantic biases, even in high-resource languages."
  },
  "License": "MIT"
}