{
  "Model_Description": {
    "Name": "FLM-2-52B-Instruct-2407",
    "Description": "FLM-2 is an open-source large language model series. This specific model, FLM-2-52B-Instruct, is an instruction-tuned 52B Tele-FLM model, featuring a stable, efficient pre-training paradigm and enhanced factual judgment capabilities."
  },
  "Model_Sources": {
    "Repository": "https://huggingface.co/CofeAI/FLM-2-52B-Instruct-2407",
    "Paper": [
      "https://doi.org/10.48550/arXiv.2407.02783",
      "https://doi.org/10.48550/arXiv.2404.16645"
    ],
    "Demo": "Not provided"
  },
  "Citation": [
    "@article{tele-flm-1t,\n  author       = {Xiang Li and Yiqun Yao and Xin Jiang and Xuezhi Fang and Chao Wang and Xinzhang Liu and Zihan Wang and Yu Zhao and Xin Wang and Yuyao Huang and Shuangyong Song and Yongxiang Li and Zheng Zhang and Bo Zhao and Aixin Sun and Yequan Wang and Zhongjiang He and Zhongyuan Wang and Xuelong Li and Tiejun Huang},\n  title        = {52B to 1T: Lessons Learned via Tele-FLM Series},\n  journal      = {CoRR},\n  volume       = {abs/2407.02783},\n  year         = {2024},\n  url          = {https://doi.org/10.48550/arXiv.2407.02783},\n  doi          = {10.48550/ARXIV.2407.02783},\n  eprinttype   = {arXiv},\n  eprint       = {2407.02783},\n}",
    "@article{tele-flm-2024,\n  author       = {Xiang Li and Yiqun Yao and Xin Jiang and Xuezhi Fang and Chao Wang and Xinzhang Liu and Zihan Wang and Yu Zhao and Xin Wang and Yuyao Huang and Shuangyong Song and Yongxiang Li and Zheng Zhang and Bo Zhao and Aixin Sun and Yequan Wang and Zhongjiang He and Zhongyuan Wang and Xuelong Li and Tiejun Huang},\n  title        = {Tele-FLM Technical Report},\n  journal      = {CoRR},\n  volume       = {abs/2404.16645},\n  year         = {2024},\n  url          = {https://doi.org/10.48550/arXiv.2404.16645},\n  doi          = {10.48550/ARXIV.2404.16645},\n  eprinttype   = {arXiv},\n  eprint       = {2404.16645},\n}"
  ],
  "Contact": {
    "Author": [
      "Xiang Li",
      "Yiqun Yao",
      "Xin Jiang",
      "Xuezhi Fang",
      "Chao Wang",
      "Xinzhang Liu",
      "Zihan Wang",
      "Yu Zhao",
      "Xin Wang",
      "Yuyao Huang",
      "Shuangyong Song",
      "Yongxiang Li",
      "Zheng Zhang",
      "Bo Zhao",
      "Aixin Sun",
      "Yequan Wang",
      "Zhongjiang He",
      "Zhongyuan Wang",
      "Xuelong Li",
      "Tiejun Huang"
    ],
    "Email": "Not provided",
    "Community": "Not provided"
  },
  "Technical_Requirements": {
    "Software": [
      "Python",
      "torch",
      "transformers"
    ],
    "Hardware": {
      "CPU": "Not provided",
      "GPU": "Not provided",
      "RAM": "Not provided",
      "Storage": "Not provided"
    }
  },
  "Access_and_Distribution": {
    "Download_Link": "https://huggingface.co/CofeAI/FLM-2-52B-Instruct-2407",
    "Model_Variants": []
  },
  "Dataset": {
    "Name": "AlignBench",
    "Sources": "https://arxiv.org/pdf/2311.18743",
    "Description": "AlignBench is a comprehensive and multidimensional evaluation benchmark designed to assess Chinese large language models’ alignment performance. It encompasses 8 categories with a total of 683 question-answer pairs, covering areas such as fundamental language ability, Chinese advanced understanding, open-ended questions, writing ability, logical reasoning, mathematics, task-oriented role playing, and professional knowledge."
  },
  "Model_Architecture": {
    "Architecture_Type": "Decoder-only Transformer",
    "Base_Architecture": "GPT-style",
    "Number_Parameters": "52.85B",
    "Parameters": {
      "layer_number": 64,
      "attention_heads": 64,
      "hidden_size": 8192,
      "ffn_hidden_size": 21824,
      "vocab_size": 80000,
      "Rotary_Positional_Embedding": "RoPE",
      "Normalization": "RMSNorm",
      "Activation_Function": "SwiGLU",
      "Linear_Bias": "disabled",
      "Embedding_and_Language_Model_Head": "untied",
      "Input_Output_Multiplier": "multiplier"
    },
    "Input_Type": "Text",
    "Output_Type": "Text"
  },
  "Training_Details": {
    "Training_Data": "Not provided",
    "Preprocessing": "specialized screening techniques to select 30,735 samples from a large corpus of fine-tuning data.",
    "Hyperparameters": "Not provided"
  },
  "Evaluation": {
    "Evaluation_Data": "AlignBench",
    "Performance_Metrics": {
      "Overall": 6.23,
      "Math.": 3.79,
      "Logi.": 5.15,
      "Fund.": 7.69,
      "Chi.": 7.86,
      "Open.": 8.45,
      "Writ.": 8.17,
      "Role.": 7.88,
      "Pro.": 7.85
    },
    "Source": "https://arxiv.org/pdf/2311.18743"
  },
  "Intended_Use": {
    "Task": [
      "Text Generation",
      "Instruction Following",
      "Chat"
    ]
  },
  "Bias_Risks_and_Limitations": {
    "Limitations": "Not provided"
  },
  "License": "Not provided"
}