{
  "Model_Description": {
    "Name": "CofeAI/Tele-FLM",
    "Description": "Tele-FLM (aka FLM-2) is a 52B open-sourced multilingual large language model that features a stable, efficient pre-training paradigm and enhanced factual judgement capabilities. Built upon the decoder-only transformer architecture, it has been trained on approximately 2T tokens."
  },
  "Model_Sources": {
    "Repository": "https://huggingface.co/CofeAI/Tele-FLM",
    "Paper": "https://arxiv.org/pdf/2404.16645",
    "Demo": "Not provided"
  },
  "Citation": "@article{tele-flm-2024,\n  author       = {Xiang Li and Yiqun Yao and Xin Jiang and Xuezhi Fang and Chao Wang and Xinzhang Liu and Zihan Wang and Yu Zhao and Xin Wang and Yuyao Huang and Shuangyong Song and Yongxiang Li and Zheng Zhang and Bo Zhao and Aixin Sun and Yequan Wang and Zhongjiang He and Zhongyuan Wang and Xuelong Li and Tiejun Huang},\n  title        = {Tele-FLM Technical Report},\n  journal      = {CoRR},\n  volume       = {abs/2404.16645},\n  year         = {2024},\n  url          = {https://doi.org/10.48550/arXiv.2404.16645},\n  doi          = {10.48550/ARXIV.2404.16645},\n  eprinttype    = {arXiv},\n  eprint       = {2404.16645},\n}",
  "Contact": {
    "Author": [
      "BAAI",
      "TeleAI"
    ],
    "Email": "Not provided",
    "Community": "Not provided"
  },
  "Technical_Requirements": {
    "Software": [
      "torch",
      "transformers"
    ],
    "Hardware": {
      "CPU": "96 nodes with Intel 8358 (128x 2.60GHz) CPUs and 16 nodes with AMD 7643 (96x 2.30GHz) CPUs",
      "GPU": "NVIDIA A800 SXM4",
      "RAM": "2TB",
      "Storage": "Not provided"
    }
  },
  "Access_and_Distribution": {
    "Download_Link": "https://huggingface.co/CofeAI/Tele-FLM",
    "Model_Variants": []
  },
  "Dataset": {
    "Name": [
      "Webtext",
      "Code",
      "Book",
      "WorldKnowledge",
      "QA",
      "AcademicPaper",
      "Profession-Law",
      "Profession-Math",
      "Profession-Patent",
      "Profession-Medical",
      "ClassicalChinese"
    ],
    "Sources": "Not provided",
    "Description": "The training dataset comprises a variety of domains, totaling approximately 2 trillion tokens, with English and Chinese data in a ratio of about 2:1. It includes instruct data incorporated after removing test sets of common datasets using a strict n-gram-based method."
  },
  "Model_Architecture": {
    "Architecture_Type": "Decoder-only Transformer",
    "Base_Architecture": "FLM-101B",
    "Number_Parameters": "52.85B",
    "Parameters": {
      "layer_number": 64,
      "attention_heads": 64,
      "hidden_size": 8192,
      "ffn_hidden_size": 21824,
      "vocab_size": 80000,
      "context_length": 4096,
      "Rotary Positional Embedding": true,
      "RMSNorm for normalization": true,
      "SwiGLU for activation function": true,
      "Linear bias disabled": true,
      "Embedding and language model head untied": true,
      "Input and output multiplier": true
    },
    "Input_Type": "Text",
    "Output_Type": "Text"
  },
  "Training_Details": {
    "Training_Data": [
      "Webtext",
      "Code",
      "Book",
      "WorldKnowledge",
      "QA",
      "AcademicPaper",
      "Profession-Law",
      "Profession-Math",
      "Profession-Patent",
      "Profession-Medical",
      "ClassicalChinese"
    ],
    "Preprocessing": "Extensive efforts to thoroughly clean and filter the training corpus. Instruct data collected and incorporated into pre-training data after removing test sets of common datasets using a strict n-gram-based method.",
    "Hyperparameters": {
      "Learning Rate": 0.00015,
      "Matrix Learning Rate": 0.00015,
      "Minimum Learning Rate": 1.5e-05,
      "Standard Deviation": 0.004,
      "Matrix Standard Deviation": 0.004242,
      "Input Mult": 1.0,
      "Output Mult": 0.03125,
      "LR Schedule Type": "cosine",
      "LR Schedule (tokens)": "2.5T",
      "Warmup Step": 2000,
      "Clip Grad": 1.0,
      "Weight Decay": 0.0,
      "Batch Size (tokens)": 5505024,
      "RoPE Theta": 10000
    }
  },
  "Evaluation": {
    "Evaluation_Data": [
      "ARC",
      "HellaSwag",
      "MMLU",
      "TruthfulQA",
      "WinoGrade",
      "GSM8K",
      "HumanEval",
      "BBH",
      "C-Eval",
      "CMMLU",
      "C3",
      "CHID",
      "CSL"
    ],
    "Performance_Metrics": {
      "English_Average": 56.6,
      "English_ARC": 59.47,
      "English_HellaSwag": 82.25,
      "English_MMLU": 64.0,
      "English_TruthfulQA": 43.09,
      "English_WinoGrade": 79.4,
      "English_GSM8K": 45.19,
      "English_HumanEval": 34.76,
      "English_BBH": 44.6,
      "Chinese_Average": 71.13,
      "Chinese_C-Eval": 65.48,
      "Chinese_CMMLU": 66.98,
      "Chinese_C3": 66.25,
      "Chinese_CHID": 92.57,
      "Chinese_CSL": 64.38
    },
    "Source": "Not provided"
  },
  "Intended_Use": {
    "Task": [
      "Multilingual large language modeling",
      "Text generation"
    ]
  },
  "Bias_Risks_and_Limitations": {
    "Limitations": "Due to the open nature of the dataset, the model may still have picked up on some unsafe examples and generate unexpected content, including discrimination, bias, or offensive language. Users are strongly advised not to spread any unsafe content generated by the model, and project developers cannot be held responsible for repercussions."
  },
  "License": "Apache-2.0"
}