{
  "Model_Description": {
    "Name": "cloudyu/Mixtral_34Bx2_MoE_60B",
    "Description": "This is an English & Chinese Mixture of Experts (MoE) Model, based on jondurbin/bagel-dpo-34b-v0.2 and SUSTech/SUS-Chat-34B."
  },
  "Model_Sources": {
    "Repository": "https://huggingface.co/cloudyu/Mixtral_34Bx2_MoE_60B",
    "Paper": "Not provided",
    "Demo": "Not provided"
  },
  "Citation": "Not provided",
  "Contact": {
    "Author": "cloudyu",
    "Email": "Not provided",
    "Community": "Not provided"
  },
  "Technical_Requirements": {
    "Software": [
      "torch",
      "transformers"
    ],
    "Hardware": {
      "CPU": "Not provided",
      "GPU": "Not provided",
      "RAM": "Not provided",
      "Storage": "Not provided"
    }
  },
  "Access_and_Distribution": {
    "Download_Link": "https://huggingface.co/cloudyu/Mixtral_34Bx2_MoE_60B",
    "Model_Variants": []
  },
  "Dataset": {
    "Name": "Not provided",
    "Sources": "Not provided",
    "Description": "Not provided"
  },
  "Model_Architecture": {
    "Architecture_Type": "Mixture of Experts Transformer",
    "Base_Architecture": "Mixtral",
    "Number_Parameters": "60B",
    "Parameters": {
      "experts": 2,
      "expert_size": "34B"
    },
    "Input_Type": "Text",
    "Output_Type": "Text"
  },
  "Training_Details": {
    "Training_Data": "Not provided",
    "Preprocessing": "Not provided",
    "Hyperparameters": "Not provided"
  },
  "Evaluation": {
    "Evaluation_Data": [
      "IFEval (0-Shot)",
      "BBH (3-Shot)",
      "MATH Lvl 5 (4-Shot)",
      "GPQA (0-shot)",
      "MuSR (0-shot)",
      "MMLU-PRO (5-shot)",
      "AI2 Reasoning Challenge (25-Shot)",
      "HellaSwag (10-Shot)",
      "MMLU (5-Shot)",
      "TruthfulQA (0-shot)",
      "Winogrande (5-shot)",
      "GSM8k (5-shot)"
    ],
    "Performance_Metrics": {
      "Avg. (New)": 27.42,
      "IFEval (0-Shot) - strict accuracy": 45.38,
      "BBH (3-Shot) - normalized accuracy": 41.21,
      "MATH Lvl 5 (4-Shot) - exact match": 6.57,
      "GPQA (0-shot) - acc_norm": 11.74,
      "MuSR (0-shot) - acc_norm": 17.78,
      "MMLU-PRO (5-shot) - accuracy": 41.85,
      "Avg. (Old New)": 76.66,
      "AI2 Reasoning Challenge (25-Shot)": 71.33,
      "HellaSwag (10-Shot)": 85.25,
      "MMLU (5-Shot)": 77.34,
      "TruthfulQA (0-shot)": 66.59,
      "Winogrande (5-shot)": 84.85,
      "GSM8k (5-shot)": 74.6
    },
    "Source": [
      "https://huggingface.co/spaces/open-llm-leaderboard/open_llm_leaderboard?query=cloudyu/Mixtral_34Bx2_MoE_60B",
      "https://huggingface.co/spaces/HuggingFaceH4/open_llm_leaderboard",
      "https://huggingface.co/datasets/open-llm-leaderboard/details_cloudyu__Mixtral_34Bx2_MoE_60B"
    ]
  },
  "Intended_Use": {
    "Task": [
      "Text Generation"
    ]
  },
  "Bias_Risks_and_Limitations": {
    "Limitations": "Not provided"
  },
  "License": "Apache-2.0"
}