{
  "Model_Description": {
    "Name": "cloudyu/TomGrc_FusionNet_34Bx2_MoE_v0.1_DPO_f16",
    "Description": "This is a DPO fine-tuned MoE model based on TomGrc/FusionNet_34Bx2_MoE_v0.1, trained using the Direct Preference Optimization method."
  },
  "Model_Sources": {
    "Repository": "https://huggingface.co/TomGrc/FusionNet_34Bx2_MoE_v0.1",
    "Paper": "Not provided",
    "Demo": "Not provided"
  },
  "Citation": "Not provided",
  "Contact": {
    "Author": "cloudyu",
    "Email": "Not provided",
    "Community": "Not provided"
  },
  "Technical_Requirements": {
    "Software": "Not provided",
    "Hardware": {
      "CPU": "Not provided",
      "GPU": "Not provided",
      "RAM": "Not provided",
      "Storage": "Not provided"
    }
  },
  "Access_and_Distribution": {
    "Download_Link": "Not provided",
    "Model_Variants": []
  },
  "Dataset": {
    "Name": "Not provided",
    "Sources": "Not provided",
    "Description": "Not provided"
  },
  "Model_Architecture": {
    "Architecture_Type": "Decoder-only Transformer, MoE",
    "Base_Architecture": "TomGrc/FusionNet_34Bx2_MoE_v0.1",
    "Number_Parameters": "34B",
    "Parameters": "Not provided",
    "Input_Type": "Text",
    "Output_Type": "Text"
  },
  "Training_Details": {
    "Training_Data": "preference data",
    "Preprocessing": "Not provided",
    "Hyperparameters": "Not provided"
  },
  "Evaluation": {
    "Evaluation_Data": [
      "AI2 Reasoning Challenge",
      "HellaSwag",
      "MMLU",
      "TruthfulQA",
      "Winogrande",
      "GSM8k"
    ],
    "Performance_Metrics": {
      "Avg.": 77.91,
      "AI2 Reasoning Challenge (25-Shot)": 74.06,
      "HellaSwag (10-Shot)": 86.74,
      "MMLU (5-Shot)": 76.65,
      "TruthfulQA (0-shot)": 72.24,
      "Winogrande (5-shot)": 83.35,
      "GSM8k (5-shot)": 74.45
    },
    "Source": [
      "https://huggingface.co/spaces/HuggingFaceH4/open_llm_leaderboard",
      "https://huggingface.co/datasets/open-llm-leaderboard/details_cloudyu__TomGrc_FusionNet_34Bx2_MoE_v0.1_DPO_f16"
    ]
  },
  "Intended_Use": {
    "Task": [
      "language modeling"
    ]
  },
  "Bias_Risks_and_Limitations": {
    "Limitations": "Not provided"
  },
  "License": "apache-2.0"
}