{
  "Model_Description": {
    "Name": "cloudyu/Yi-34Bx2-MoE-60B-DPO",
    "Description": "This is DPO improved version of cloudyu/Yi-34Bx2-MoE-60B."
  },
  "Model_Sources": {
    "Repository": "https://huggingface.co/cloudyu/Yi-34Bx2-MoE-60B",
    "Paper": "Not provided",
    "Demo": "Not provided"
  },
  "Citation": "Not provided",
  "Contact": {
    "Author": "cloudyu",
    "Email": "Not provided",
    "Community": "Not provided"
  },
  "Technical_Requirements": {
    "Software": "Not provided",
    "Hardware": {
      "CPU": "Not provided",
      "GPU": "Not provided",
      "RAM": "Not provided",
      "Storage": "Not provided"
    }
  },
  "Access_and_Distribution": {
    "Download_Link": "Not provided",
    "Model_Variants": []
  },
  "Dataset": {
    "Name": [
      "IFEval (0-Shot)",
      "BBH (3-Shot)",
      "MATH Lvl 5 (4-Shot)",
      "GPQA (0-shot)",
      "MuSR (0-shot)",
      "MMLU-PRO (5-shot)"
    ],
    "Sources": [
      "HuggingFaceH4/ifeval",
      "BBH",
      "hendrycks/competition_math",
      "Idavidrein/gpqa",
      "TAUR-Lab/MuSR",
      "TIGER-Lab/MMLU-Pro"
    ],
    "Description": "Not provided"
  },
  "Model_Architecture": {
    "Architecture_Type": "Not provided",
    "Base_Architecture": "Yi",
    "Number_Parameters": "60B",
    "Parameters": "Not provided",
    "Input_Type": "Text",
    "Output_Type": "Text"
  },
  "Training_Details": {
    "Training_Data": "Not provided",
    "Preprocessing": "Not provided",
    "Hyperparameters": "Not provided"
  },
  "Evaluation": {
    "Evaluation_Data": [
      "IFEval (0-Shot)",
      "BBH (3-Shot)",
      "MATH Lvl 5 (4-Shot)",
      "GPQA (0-shot)",
      "MuSR (0-shot)",
      "MMLU-PRO (5-shot)"
    ],
    "Performance_Metrics": {
      "Avg.": 25.91,
      "IFEval (0-Shot) strict accuracy": 53.19,
      "BBH (3-Shot) normalized accuracy": 31.26,
      "MATH Lvl 5 (4-Shot) exact match": 6.19,
      "GPQA (0-shot) acc_norm": 9.62,
      "MuSR (0-shot) acc_norm": 14.32,
      "MMLU-PRO (5-shot) accuracy": 40.85
    },
    "Source": [
      "https://huggingface.co/spaces/open-llm-leaderboard/open_llm_leaderboard?query=cloudyu/Yi-34Bx2-MoE-60B-DPO",
      "https://huggingface.co/spaces/open-llm-leaderboard/open_llm_leaderboard",
      "https://huggingface.co/datasets/open-llm-leaderboard/details_cloudyu__Yi-34Bx2-MoE-60B-DPO"
    ]
  },
  "Intended_Use": {
    "Task": [
      "Text Generation"
    ]
  },
  "Bias_Risks_and_Limitations": {
    "Limitations": "Evaluation metrics are not fully tested."
  },
  "License": "Apache-2.0"
}