{
  "Model_Description": {
    "Name": "cloudyu/Yi-34Bx2-MoE-60B",
    "Description": "An English & Chinese Mixture-of-Experts (MoE) model based on Yi and Mixtral architecture, also leveraging jondurbin/bagel-dpo-34b-v0.2 and SUSTech/SUS-Chat-34B."
  },
  "Model_Sources": {
    "Repository": "https://huggingface.co/cloudyu/Yi-34Bx2-MoE-60B",
    "Paper": "Not provided",
    "Demo": "Not provided"
  },
  "Citation": "Not provided",
  "Contact": {
    "Author": "Not provided",
    "Email": "Not provided",
    "Community": "Not provided"
  },
  "Technical_Requirements": {
    "Software": [
      "torch",
      "transformers"
    ],
    "Hardware": {
      "CPU": "Not provided",
      "GPU": "Not provided",
      "RAM": "Not provided",
      "Storage": "Not provided"
    }
  },
  "Access_and_Distribution": {
    "Download_Link": "https://huggingface.co/cloudyu/Yi-34Bx2-MoE-60B",
    "Model_Variants": [
      {
        "Name": "GGUF Format",
        "Link": "https://huggingface.co/cloudyu/Yi-34Bx2-MoE-60B-GGUF",
        "Type": "Not provided",
        "Size": "Not provided",
        "Notes": "GGUF Format is ready"
      }
    ]
  },
  "Dataset": {
    "Name": [
      "AI2 Reasoning Challenge",
      "HellaSwag",
      "MMLU",
      "TruthfulQA",
      "Winogrande",
      "GSM8k"
    ],
    "Sources": [
      "https://huggingface.co/spaces/HuggingFaceH4/open_llm_leaderboard",
      "https://huggingface.co/datasets/open-llm-leaderboard/details_cloudyu__Yi-34Bx2-MoE-60B"
    ],
    "Description": "Not provided"
  },
  "Model_Architecture": {
    "Architecture_Type": "Decoder-only Transformer",
    "Base_Architecture": [
      "Yi",
      "Mixtral architecture"
    ],
    "Number_Parameters": "68B",
    "Parameters": "Not provided",
    "Input_Type": "Text",
    "Output_Type": "Text"
  },
  "Training_Details": {
    "Training_Data": "Not provided",
    "Preprocessing": "Not provided",
    "Hyperparameters": "Not provided"
  },
  "Evaluation": {
    "Evaluation_Data": [
      "AI2 Reasoning Challenge",
      "HellaSwag",
      "MMLU",
      "TruthfulQA",
      "Winogrande",
      "GSM8k"
    ],
    "Performance_Metrics": {
      "Avg.": 76.72,
      "AI2 Reasoning Challenge (25-Shot)": 71.08,
      "HellaSwag (10-Shot)": 85.23,
      "MMLU (5-Shot)": 77.47,
      "TruthfulQA (0-shot)": 66.19,
      "Winogrande (5-shot)": 84.85,
      "GSM8k (5-shot)": 75.51
    },
    "Source": [
      "https://huggingface.co/spaces/HuggingFaceH4/open_llm_leaderboard",
      "https://huggingface.co/datasets/open-llm-leaderboard/details_cloudyu__Yi-34Bx2-MoE-60B"
    ]
  },
  "Intended_Use": {
    "Task": [
      "Text Generation",
      "Language Understanding",
      "Reasoning"
    ]
  },
  "Bias_Risks_and_Limitations": {
    "Limitations": "Not provided"
  },
  "License": "apache-2.0"
}